رقم الصنف,الوصف,عدد الباركودات,الباركودات
,,1,6224010160101
170,جميل,1,804722222229
172,النبية,0,
306,,1,3391674746422
658,,1,8697781918536
665,,4,3850000020365 | 5992602920013 | 7290101829386 | 8938538975014
762,,1,7290014094895
767,,1,8682511100107
802,مشمش مجفف بارك براند 400 جرام Pak,1,8681447066594
803,قطين مجفف باك براند 1 كيلو Pak Brand,1,8694756440474
807,مشمش مجفف ماي فروت 400 جرام - بدون,0,
809,قمر الدين مري لاند مشمش 400 جرام Merry,5,3461275842134 | 2511271196951 | 9851476325842 | 8681483051004 | 8681483052995
811,,1,8680902033546
822,قطين مجفف باك براند 500 جرام,1,8694756441655
835,,1,8697414120022
902,,1,6254299599576
903,,1,6254299599583
904,تمر مجهول البلعاوي 5 كيلو --  عرض,5,5995996456007 | 599599653204 | 6254299591037 | 6259975600003 | 5995996455000
905,,3,599599699509 | 6251229048210 | 2021112113295
907,تمر البلعاوي عمري 1 كيلو,0,
910,,1,6254299591051
919,تمر زهدي 1 كيلو -- علبة,1,2005994006135
935,,1,6254299591044
936,تمر مجَول 5 كيلو -,2,6250756975587 | 6250756975617
939,,2,6254299599569 | 6254243199005
947,,1,7296073109822
954,,2,6254299591020 | 9780201379617
958,تمر ملكي فاخر درجه اولي,2,6291100213344 | 6292111468686
1507,,1,8908006515684
رقم الصنف,بيان الصنف,1,الكتالوج الداخلي رقم الكتلوج
2001,اناناس الماس قطع 850 جرام,1,8850044313510
2004,فواكه مارينا 565 جرام Marina,1,7290017334219
2008,شرائح اناناس جرينر 850 جرام,1,8857651347815
2012,خوخ  820 جرام - WILLI FOOD,1,7290003578412
2018,زيتون بيونير مشرح 400 جرام اخضر,3,4521444758587 | 4522114414796 | 4952135781117
2033,اناناس 850 جرام قطع,1,7290014356412
2038,,1,7290117032923
2039,أناناس جرين جاردن  شرائح 830 جم  -,1,7290018554777
2042,,1,7290013151995
2050,ورق عنب محشي 300 جرام,4,3800236620594 | 3800236620501 | 3800236620488 | 3800236620495
2053,,1,7290002881261
2055,,2,7290002077121 | 7290004737443
2064,,1,8938501097
2070,جبنه  كريمي قشطه 450 جرام EIhamd,1,6224010237230
2088,,1,7290018638903
2301,تونة الامير الفاخر 150 جرام بارد,3,8852111019639 | 2106000011706 | 8852111019646
2302,تونة الطازة 140 جرام,2,4522112211410 | 8852768320010
2303,تونة الطازة 560 جرام - باكو × 4,1,4521212109955
2304,تونة المراعي 150 جرام Almaraai,2,7290013068583 | 7290010639687
2306,,3,4588852100117 | 2005141910100 | 4577752144994
2308,,0,
2311,تونة فولا 100 جرام Fulla,2,7290013068286 | 7290013068293
2312,تونة فولتونا 140 جرام,1,7290016096606
2313,تونة قطع اسرائيلي 98 جرام -باكو*6,1,7290016096613
2314,تونة لزيزة قطع 150 جرام Lazeza,3,6253503961178 | 6253503961529 | 6253503964988
2315,تونة مارينا بالفلفل 150 جرام Marina,4,7290015174497 | 7290017334103 | 7290001920206 | 7290015174480
2316,تونة مارينا 340 جرام,2,7290015174190 | 7290015174466
2317,تونة مارينا75جم,1,7290002071389
2318,تونة هاينز 150 جرام Heinz,1,6290090020062
2319,سردين مارينا مكريل بالبندورة 200 جرام,2,8850026370104 | 8850026207653
2320,تونا مارينا شرائح - فليه - فلفل حار /100 جرام,3,7290015174527 | 7290015174534 | 7290015174572
2321,,1,8852111020703
2322,,1,8852111021526
2323,تونا ليتا عادي 140 جرام / tonalita,2,8852111022646 | 8852111022813
2327,تونة الصياد 160 جرام - AL SAYAD,1,5285001151516
2329,تونة فلة 150 جرام - FULLA,1,7290010639144
2332,تونة الخيرات 140 جرام بالذرة -,2,8858768025443 | 8858768055358
2337,,1,7290015910385
2338,,1,7290015910392
2341,,1,8859358802178
2346,تونة ابو الراغب 140 جم - باليمون,2,8858768065005 | 8858768065814
2347,,1,7290011423667
2348,,1,7290011423650
2349,تونة اجنبي 140 جرام - حمرة,8,7290018554708 | 7290014647817 | 792649857076 | 7290002845720 | 7290019226529 | 7290016106671 | 7290016806052 | 8529018500149
2350,,1,7290018554715
2351,تونة بابا تون 160 جم,1,8697480045540
2352,,1,8887522605218
2354,,1,749350088596
2359,,1,7290019587439
2363,,2,748485103310 | 7290109847481
2369,,1,737946359335
2370,,1,737946359342
2371,,1,7290020080318
2372,تونة قطع 140 جرام باكو × 4 -  احضر,1,7290019568209
2379,سردين جوكي علب 125 جرام,2,6111249192419 | 6111267540087
2381,,1,8859624800396
2385,,2,8936188330221 | 8936188330191
2387,,1,8694918046179
2388,,1,9556106007531
2389,سردين لذيذة برتغالي 125 جرام بالزيت,1,6253503961345
2400,,4,8690559470502 | 8690559021698 | 8691004157337 | 8690559022329
2600,حمص امريكانا مطحون 400 جرام Americana,2,32894035042 | 6222027800188
2602,حمص الفصول الاربعة 400 جرام,1,1236547856322
2603,حمص بليلة بيونير 400 جرام - طويلة,1,4955855455122
2604,حمص بليلة بيونير 400 جرام - عريض,1,4985687400014
2605,حمص بليلة بيونير حبة كبيرة 570 جرام,2,4983333215418 | 4983399215551
2608,حمص جنرال 550 جرام,1,4821472401234
2613,حمص بلبلة الصفا  400 جرام,1,6290050002336
2614,بازيلا رويال هليلز 400 جرام,1,6224010160071
2902,خميرة الشراع 400 جرام,1,595684000007
2906,خميرة باشا 450 جرام Pasha,1,8680202110183
2909,خميرة بيونير 400 جرام,1,5485586499212
2910,خميرة بيونير 90 جرام,2,9725998384154 | 1005100510052
2911,خميرة جنان 400 جرام,1,6959483251147
2913,خميرة حدائق الشام 400 جرام,1,597752020023
2915,,1,23061010061
2928,,2,8690770322796 | 1223490137837
2932,خميرة شلة 400 جرام,2,7562168487022 | 6281100454113
2933,,2,4680024090377 | 6917790980228
2935,,3,6917790983649 | 4680024090414 | 8690770329917
2939,,1,4607107440379
3102,,1,1236547856636
3103,ذرة الفصول الاربعة 400 جرام - طويلة,1,1236547856629
3104,ذرة امريكانا 400 جرام Americana,1,32894022776
3105,ذرة حلوة بيونير اسرائيلي 340 جرام,3,6972018110214 | 6972018110207 | 4503115997891
3110,ذرة علبة عيدن 340 غم,1,7290010962105
3111,بازيلا مع جزر علب عيدن 580 غم,5,7290113862135 | 7290010962075 | 7290120860179 | 7290113862111 | 7290120860186
3123,,1,8005020078758
3127,,1,7290018554821
3130,,1,6224011479899
3131,زيتون اسود مشرح  بري شين 540 غم -pri,3,6253504350988 | 7296107000453 | 7296107000439
3141,,1,6967541215154
3145,,1,7290019981251
3300,زيتون اخضر بلدي ابو حميد 500 جرام,1,2005984442974
3305,زيتون بدون نوى كومارو 390 جرام Comaro,4,8410416001263 | 8410242023002 | 8410416010012 | 8410416001249
3306,زيتون مشرح ابو حميد اسود 390 جرام,2,5446985782480 | 5446985893599
3308,زيتون مشرح اسود تورينت 390 جرام torrent,2,8436019236710 | 8436019237434
3310,زيتون مشرح اخضر عيدن 560 جرام Eden,2,7290012453434 | 7290005078361
3311,زيتون مشرح اخضر قطفة 390 جرام,2,4715664001435 | 4715678443603
3312,زيتون مشرح اسود لوريتو 350 جرام Loreto,1,8413552043920
3313,زيتون مشرح اخضر ليماس 400 جرام  Lemas,2,8680304280715 | 8680304280722
3318,زيتون أخضر مشرح يلديز 340 جم  yildiz,1,8682162721973
3331,,1,6253504350704
3333,زيتون اخضر شراح اخضر بري طري 560 جرام,1,7290020049049
3336,زيتون اسود شرائح,1,7290002057628
3338,,1,6253014773581
3341,,1,7296107000163
3344,,1,23502893284
3345,,1,6253505499662
3347,,1,7290018554999
3500,صلصة ابو حميد 400 جرام,2,8690955544401 | 6251972000213
3501,صلصة ابو حميد 830 جرام,2,8690955511113 | 6251972000206
3502,صلصة البركه 135 جرام,2,6253500015775 | 6253500015904
3503,صلصة البركه 135 جرام -- باكو× 4,2,6253500015805 | 6253500016017
3504,صلصة معجون طماطم الشمس 400 جرام,1,6223003183622
3505,صلصة اول قطفة 400 جرام,1,6281026102600
3507,صلصة بيورتي زدكو 580 جرام Purity,1,6253504310975
3508,صلصة بيونير 200 جرام,1,4985333330115
3509,صلصة بيونير 560 جرام,1,4588887777124
3510,صلصة بيونير 70 جرام,1,4682136784021
3511,,1,4582136788855
3512,صلصة بيونير 700 جرام,1,4588887775557
3513,صلصة بيونير 700 جرام - زجاج,1,2020011616074
3514,صلصة بيونير ايطالي 400 جرام,2,4520202020119 | 4588887555883
3515,صلصة بيونير بيور 400 جرام,1,4955885588777
3516,صلصة بيونير بيور 700 جرام,1,4999988875105
3520,صلصة جنرال 200 جرام,1,2005660001037
3523,صلصة ريو سانتوس معكرونة 340 جرام,3,8697406273101 | 8697406273125 | 8697406273118
3524,صلصة زيتا فلفل حار 250 مل Zeta,1,6253505511654
3525,صلصة زير 400 جرام ZER,1,8697422630322
3526,صلصة زير 830 جرام ZER,1,8697422630339
3528,صلصة صابحة 200جرام,1,9902218865017
3529,صلصة صابحة 70 جرام,1,9724155321087
3534,,1,7290011996109
3535,صلصة قطفة 400 جرام,1,2005664004119
3537,صلصة هاينز 370 جرام Heinz,1,6221033111318
3538,صلصة يونجا 200 جرام,1,8697406277086
3539,صلصة يونجا 360 جرام,1,8697406271916
3540,صلصة يونجا 400 جرام,1,8697406271459
3541,صلصة يونجا 700 جرام,1,8697406272555
3542,صلصة يونجا 830 جرام,1,8691321701015
3545,,2,6253804992727 | 2023916163506
3558,,1,6223005120182
3562,صويا صوص باربيكيو زيتا 275 جرام,1,6253505512989
3564,,1,8690635030163
3569,,1,8032754230503
3581,,1,8005020076662
3587,صلصة طماطم بالبصل ايطالية 350 جرام,5,7290112349705 | 7290112349750 | 7290112349736 | 7290112349743 | 693493251990
3617,,1,5601151060254
3632,صلصة بيران 855  جرام,1,6260037310211
3634,صلصة قيوريلا 50 جرام,1,6223009190013
3636,,1,7290019994602
3659,صلصة نجوم 400 جرام,4,6959275563892 | 6298044185416 | 669568051918 | 8003496004516
3664,,1,6253503475149
3666,,1,6225000221611
3801,فاصوليا بيونير 400 جرام - عريض,1,4987686668723
3802,فاصوليا بيونير 570 جرام - طويل,1,9555426715287
3803,فاصوليا جنرال 550 جرام,1,597059975750
3808,علبة بازيلاء 250 جم  - unifood,2,8694918036057 | 6253336202554
3809,علبة بازيلاء وجرز  صفا  400 جم,2,6290050003951 | 745178893442
3816,,1,6223014740265
3822,,1,6920072426697
3900,فلفل احمر ابو حميد زجاجة 1 كيلو,2,2005994441868 | 6251972000305
3901,فلفل احمر ابو حميد 480 جرام - زجاجة,2,2005994442971 | 6251972000398
3904,مخلل خيار   550 جرام,1,6253504350216 --
3920,,1,4579218358884
3950,,1,792649446546
4100,فول الربيع 550 جرام جنرال,1,2005660001013
4101,فول الربيع 400 جرام جنرال,2,3821647139000 | 5359663324370
4102,فول الصباح سادة 400 جرام,1,6224007492666
4103,فول امريكانا سادة 400 جرام,6,32894022011 | 32894030535 | 32894035080 | 32894022103 | 32894022707 | 882149001885
4105,,1,4522547988819
4106,فول بيونير 540 جرام - علبة طويلة,1,4966633257005
4108,فول بيونير مع حمص 400 جرام - مدور,2,4986878547778 | 4588548484804
4109,فول حدائق شمس 400 جرام,2,6224000567729 | 6222015600202
4110,فول صابحة 400 جرام - طويلة,2,2759036958813 | 9322659999995
4111,فول صابحة 550 جرام,3,595858785006 | 595858785112 | 8002060062891
4112,فول قطفة 400 جرام,2,6290201379621 | 6290201379522
4113,فول مري لاند سادة 400 جرام,1,1234567123597
4114,فول هارفست بالفلفل الحار 380 جرام Harvest,5,6223001060000 | 6223001060031 | 6223001062547 | 6223001060758 | 6223001060925
4115,فول يونجا 400 جرام,1,6952612201907
4116,فول مدمس بيونير طويل 400 جرام,1,4966305301944
4117,,1,3335556664442
4122,,1,6224010160019
4125,,2,8005020077423 | 8005020078741
4126,فول صابحة 400 جرام,4,8005020072244 | 8005020071230 | 8005020071575 | 8005020088887
4128,,1,684500704523
4130,فول جنيرال الربيع 550 جرام,1,2020011520562
4135,فول الكسيح مدمس بالفلفل حبة صغيرة 260 غم,2,617241001217 | 617241001019
4142,فول مدمس امريكانا خلطات 400 جرام بزيت,3,32894022066 | 32894022189 | 32894022165
4147,فول معلب 400 جرام   - ROZ,1,8683125952618
4148,فول مدمس مهرة 400 جرام,1,6291104485044
4154,حمص تات مسلوق 800 جرام,1,8690635063284
4155,فول برايم 400 جرام,1,6223005200006
4156,لبنة كرات معلبة  400 جرام   - DAM,1,6216930589629
4175,,2,7290002019183 | 7290002019763
4176,قلايه بندوره 400 جرام  - ابو تاج,5,7290016517736 | 7290016087468 | 7290016087475 | 7290020348982 | 8010384000833
4186,فول دورينا 400 جرام,3,6223005904195 | 6223014741736 | 6224008946182
4189,فول سوبر تست 400 جرام -,2,6223009190556 | 6290360091624
4199,,1,8005121006100
4202,,1,6224000567002
4258,,1,693493251860
4403,لانشون اورجينال 240 جرام Orginal,1,8681282303052
4406,لانشون سنيورة حبش 800 جرام,1,6253005360509
4407,لانشون ماديكو 310 جرام - بيت المقدس,1,7290012971211
4408,لانشون ماديكو 800 جرام - بيت المقدس,1,7290012971709
4409,لانشون نعمة 200 جرام,1,6253005360554
4410,لانشون نعمة 800 جرام,2,6253005360523 | 6253005355123
4413,لحمة اكسترا 340 جرام,4,7896031240835 | 7896031240842 | 7896860547921 | 7899567249143
4414,لحمة اكسترا بيونير 200 جرام,1,7899567245114
4415,لحمة اكسترا بيونير 320 جرام,1,4522145254798
4416,,1,7899567249150
4417,,1,7899567248351
4420,لانشون روعة 225 غم,2,8682205450174 | 8681282303663
4430,لحمة بوردن 340 جرام   - ازرق,1,7899567248092
4432,لحمة قطع  معلب 400 جرام - ابو تاج,5,7290010018062 | 7290008961127 | 7290008961110 | 7290010018543 | 7290020348883
4441,,1,6253005360462
4453,,1,6291105979962
4457,,4,7290012971297 | 7290012971440 | 7290012971433 | 7290012971662
4458,لحمة لانشون نورس 200 جم,4,8682205455544 | 8682205457982 | 8698995519694 | 8682205456466
4601,مخلل خيار عيدن 670 جرام Eden 7-9,2,7290010692163 | 7290015998567
4625,مخلل خيار زادنا 540 جرام - zadona,3,6253014773017 | 6253014773604 | 6253014773550
4628,مخلل باذنجان 560 جرام,1,7290020049797
4634,زيتون اخضر شرائح 560 جرام - neom,2,3800236620990 | 3800236620969
4643,,1,628430450235
4800,مشروم ابو حميد 400 جرام,1,2235354153333
4802,مشروم الفصول الاربعة اسود 400 جرام,2,9725977520207 | 1236547856384
4803,مشروم امريكانا 400 جرام  Americana,1,882149000406
4805,مشروم جرينز 400 جرام,1,6935897621943
4806,,1,35962
4807,مشروم قطفة 400 جرام,4,5701655434640 | 6935897624821 | 6935897624845 | 6935897624838
4812,,0,
4814,مشروم ويلا فود حب 400 جرام Willi Food,1,7290008175814
4816,مقدوس ابو حميد 400 جرام,2,1237894563000 | 6251972000190
4817,مقدوس ابو حميد 650 جرام,2,9771473888013 | 6251972000435
4845,,1,6945105132109
4856,طحينة السهل 400 جرام,2,6253000040550 | 6224000751906
5024,,1,4603785866449
5029,,1,8695788007543
5034,,1,6225005366843
5043,سيرج شمس بيور 3 لتر PURE,1,4820078572102
5049,,1,6224009698240
5060,سيرج كلارا 1 لتر,2,6200555221177 | 6200099882170
5062,سيرج دوار سمش ممتاز 1.5 لتر,7,6291113003604 | 6291003303913 | 6223008791570 | 6291059071200 | 6291106828177 | 6291113105216 | 6291003304255
5070,سيرج دوار شمس بلقيس 1 لتر,10,7290014356276 | 8697158000024 | 4620169400013 | 7290002374268 | 721688099703 | 7290003578672 | 7290018474587 | 4699305475444 | 7290002374312 | 7290018474983
5071,سيرج شمس 900 مل    -,5,4600829002702 | 7290017252964 | 7290001855072 | 7290001855935 | 7290118480563
5094,سيرج شمس 1 لتر - لحظات / LAHAZAT,3,6330022651275 | 6224002811011 | 6224008687375
5098,,1,9781234567897
5304,,1,6295120006856
5706,سمنة الربيع 750جرام,1,2056997660428
5711,سمنة بيونير 750 جرام,1,4521039786117
5715,,1,6223000264492
5717,سمنة زير 728 جرام ZER,1,8681407006691
5721,,1,6222000552608
5723,,1,6222000553452
5724,سمنة كلارا 2268 جرام Claire,1,8710472012037
5734,,1,202503031338
5742,,1,6224001580314
5743,,1,6223000265079
5748,سمنة شهية 700 جرام - Najjar,2,6225000778894 | 6225000078413
5751,سمنه الامان,1,8908022370137
5761,سمنة زبيده  1 كيلو,1,6291059073853
5763,,1,6222000551823
5904,ارز ابو العوف بسمتي سيلا 1 كيلو,1,8906040373864
5905,ارز ابو العوف كامولينو 1 كيلو - حبة قصيرة,1,9781565924796
5906,ارز ابو العوف ياسمين 1 كيلو,1,2001200220036
5908,ارز ابو حميد بسمتي 1 كيلو,1,4000452221271
5909,ارز ابو حميد بسمتي 1 كيلو - مرطبان,1,2222324744745
5910,ارز هندي ابو حميد 25 كيلو,1,4000452221288
5911,ارز ابو حميد بسمتي 4 كيلو,1,4000045222135
5912,ارز ابو حميد بسمتي 5 كيلو - مرطبان,1,2222323235558
5917,ارز اصالة سيلا 5 كيلو,1,2900128999591
5919,ارز الشراع بسمتي 1 كيلو - خيش,1,9309953031200
5920,ارز الشراع بسمتي 4 كيلو,1,9309953031903
5921,ارز الشراع بسمتي كيلو - معطر,1,32178900004
5922,ارز الشراع سيلا 20 كيلو - معطر,1,9309953031309
5923,,0,
5924,ارز الشعلة بسمتي 3 كيلو,2,8906040374458 | 8906040374625
5926,ارز العمدة سيلا 1 كيلو - خيش,1,9309953032504
5927,ارز الفصول الاربعة بسمتي 1 كيلو,1,1254878795257
5928,ارز الفصول الاربعة بسمتي 5 كيلو,1,1274870311972
5929,ارز كبسة بسمتي 20 كيلو ALKABSA,1,8906005586698
5930,ارز الوليمة بسمتي سيلا 20 كيلو Alwalimah,1,8906005586667
5931,ارز انديا جيت بسمتي 1 كيلو India Gate,1,690225101172
5936,ارز بيلاف بسمتي 1 كيلو Pilav,1,8906040373796
5938,ارز بيونير كامولينو 1 كيلو,1,4900042115945
5939,ارز بيونير ليون بسمتي 5 كيلو,1,8908001830539
5940,ارز بيونير ياسمين 1 كيلو,1,8851979900110
5941,ارز بيونير ياسمين 5 كيلو,1,8855912006433
5942,ارز تاج محل سيلا 1 كيلو - مرطبان Taj Mahal,1,805278000468
5943,ارز تاج محل سيلا 1 كيلو Taj Mahal,1,805278000642
5944,ارز تاج محل سيلا 5 كيلو Taj Mahal,2,805278000482 | 805278000963
5945,ارز جذبة بسمتي حبة طويلة 1 كيلو Jazbaa,1,8906076273473
5947,ارز جذبة بسمتي حبة طويلة 5 كيلو,1,8906076273480
5949,,1,693493221276
5951,ارز خير زمان ابو العوف 4 كيلو,1,8906040371303
5952,ارز خير زمان بسمتي 1 كيلو,1,8906040371297
5956,ارز شازية بسمتي 1 كيلو - كيس,1,8908004711156
5959,ارز شازية سيلا بسمتي 5 كيلو,1,8908004711088
5968,ارز قطفة بسمتي 1 كيلو,1,8906040372614
5969,ارز قطفة بسمتي 1 كيلو - مرطبان,1,8906040373925
5971,,0,
5979,ارز لارا بسمتي 1 كيلو  - خيش,1,9309953031705
5981,ارز مري لاند بسمتي حبة طويلة 1 كيلو Merry,2,8906076275286 | 8908023023209
5982,,1,8908023023216
5986,ارز نور جيهان بسمتي 1 كيلو Nur Jahan,1,690225104838
5987,ارز يونجا بسمتي 1 كيلو,1,4251714845548
5989,,1,8908016922380
5991,رز مراحب بسمتي 1 كيلو Marahaeb,1,8906040373826
5992,رز مراحب بسمتي 5 كيلو Marahaeb,1,8906040373949
5994,,1,6253804993038
6010,,1,8906012002426
6043,ارز مصري احمد رفعت 1 كيلو,2,6225000582934 | 6224008837015
6057,,1,8906076277501
6068,,1,7290011423483
6072,,1,8904498501501
6085,ارز بسمتي نجار حبة طويلة 5 كيلو,1,8904405901752
6091,ارز بسمتي تبارك 1 كيلو - خيش,1,8809120832780
6093,ارز بسمتي ابو غربية حبة طويلة 1 كيلو,1,6089570110276
6096,ارز بسمتي مزرة الخليج  5 كيلو,1,693493252027
6098,,1,6291104489783
6102,,1,6253811980069
6109,رز مصري العروسة 1 كيلو - لؤلؤة,1,6624000457011
6118,,6,6771504495817 | 6225000178113 | 6962250003269 | 6225468345652 | 6221045011279 | 6224008615033
6501,اندومي مي اوبا 70 جرام Oba,11,8690828647420 | 89686120110 | 89686120073 | 89686120226 | 8690828647413 | 5285000397465 | 8690828647444 | 89686120134 | 8690828647437 | 5285000396437 | 89686120196
6502,اندومي الدجاج الخاص 72 جرام 1 شيكل -,3,5285000390046 | 5285000390022 | 5285000390060
6504,اندومي اوووبا كاري دجاج 60  جرام OBA,1,8690828611605
6505,اندومي كاسة نكهة الكاري 60 جرام,4,89686122138 | 89686122015 | 89686122169 | 89686122046
6506,اندومي الدجاج الخاص كاسة 60 جرام - كرتونة,3,5285000391531 | 5285000394518 | 5285000394501
6508,معكرونة قطفة تركية 500 جرام اسباكتي,2,8691310001119 | 8691310999621
6509,شعرية صافي 300 جرام,5,6224009577224 | 6224009577200 | 6224009577248 | 6224009577217 | 6224009577170
6510,معكرونة روديلا 500 جرام - يرة,6,8697893213024 | 8697893213031 | 8697893213161 | 8697893213178 | 8697893213086 | 8697893213048
6511,نودلز سيداب 91 جرام نكهة خضار,1,8998866804431
6513,اندومي 80 جرام شعرية مقلية,3,89686170726 | 89686171679 | 8994963002725
6514,,1,5285000396109
6521,اندومي كيلوجز 70 جرام - KELLOGGS,14,6223006710146 | 6223006710269 | 6223006710160 | 6223006710245 | 6223006710320 | 6221012787015 | 6221012787244 | 6223006710306 | 6223006710153 | 6223006710184 | 6223006710177 | 6223006710962 | 6223006710955 | 6223006710580
6524,معكرونة باستريكو 200 جرام كوع وسط,9,8690946100791 | 8690946100739 | 8690946100760 | 8690946100722 | 8690946270180 | 8690946100838 | 8690946100777 | 8690946350035 | 8690946100821
6525,معكرونة باستا ريكو 500 جرام - pastaRicco,5,8690946350998 | 8690946350967 | 8690946350943 | 8690946350936 | 8690946350837
6526,اندومي قلواز شطة حارة 70 جرام -,7,2003006009990 | 2003021220004 | 2003021288882 | 2003021255556 | 2006041589632 | 2003021222329 | 2009756120138
6528,اندومي كوري 130 جرام  بنكهة الشطة الحارة,2,2058745687459 | 2058747070709
6529,اندومي كوري 130 جرام 3 شيكل - باكو × 4,2,2367854963256 | 2066387406345
6530,اندومي نودلز 71 جرام  نكهة الدجاج,14,21479627584 | 2035785295141 | 2034578624182 | 2063547416589 | 2027854632162 | 2027654632162 | 9721054789215 | 2521479627522 | 9010007330070 | 2521479627584 | 2092074919829 | 2033648652346 | 2012452454445 | 2035715954629
6531,معكرونة فيوسيلي 500 جرام - FUSILLI زمبرك,3,8682718411068 | 8682718411075 | 8682718411051
6532,اندومي روديلا 70 جرام - RODILLA خضار,2,8697893215080 | 8697893215073
6533,معكرونة لولبي أوبا 200 جرام / OBA,7,8690828069437 | 8690828069239 | 8690828069741 | 8690828069116 | 8690828069345 | 8690828069529 | 8690828069024
6534,,2,8998866200844 | 8998866200837
6536,معكرونة رويال 500 جرام,5,6224000200411 | 6224000200497 | 6224000200466 | 6224000200404 | 6224000200640
6537,نودلز كوري 120 جم,1,8801043150620
6538,اندومي كوري 140 جم كاري /Buldak,13,8801073113312 | 8801073110502 | 8801073113893 | 8801073113428 | 6985851111157 | 6985851111171 | 6985851111225 | 6985851111294 | 6985851111201 | 6985851111126 | 8801073114548 | 8801073115088 | 8801073115378
6539,أندومي ماربيلا بكيت 70جم دجاج/,1,6224008829782
6540,أندومي ماربيلا علبة 60جم لحمة/Mcaranella,3,6224008829775 | 6224011085175 | 6224011085083
6542,اندومي تاكس 70 جرام - TAKS  مكس خطير,7,2014697826971 | 2035715901845 | 2014697875122 | 2014697891030 | 2014697885381 | 2014697835874 | 2014697815869
6543,اندومي ماما كاسة 90 جرام - MAMA اصفر,2,8850987123412 | 8850987123542
6544,أندومي حدائق أسطنبول 75 جرام,1,8682644228266
6546,اندومي بريمو ميل 60 جرام كاسة - فيتوتشيني,5,6253503821526 | 6253503821595 | 6253503821601 | 6253503820932 | 6253503821571
6547,معكرونة دل كامبو 500 جرام - DL CAMPO,5,8008857201191 | 8008857301686 | 8008857651361 | 8008857301488 | 8008857301761
6549,معكرونة قطفة تركية 200 جرام بشاميل,1,8691310999355
6550,معكرونة الشيف 250 جرام اسباكتي,5,6224009197804 | 6224009197811 | 6224009197842 | 6224009197866 | 6224009197859
6551,معكرونة الشيف 500 جرام / شعرية,2,6224009197927 | 6253353300752
6552,أندومي جاجا 30 جرام GAGA,2,8888327831871 | 8888327831185
6555,اندومي ريفا 60 جرام Reeva نكهة دجاج,5,4820179255454 | 4820179251883 | 4820179251517 | 4820179251548 | 4820179251531
6556,كرتونة * 40 اندومي ريفا 60 جرام Reeva,1,4820179252460
6557,اندومي دروز 60 جم DRIOZ جبنة فرنسية,5,2009891375288 | 2009851237458 | 2006985641274 | 2008974123754 | 2006985262158
6559,اندومي كاسة ريفا بطاطا 220 جرام Reeva,3,4820179252255 | 4820179252248 | 4820179252231
6560,اندومي ريفا 475 جرام Reeva نكهة الفطر,3,4820179254266 | 4820179253313 | 4820179253320
6561,,3,6224011085328 | 6224011085168 | 6224011085335
6562,معكرونة حواء 400 جرام HAWAA بشاميل,3,6224008559016 | 6224008559092 | 6224008559085
6563,معكرونة ادم 350 جرام HAWAA بشاميل,3,6224008559177 | 6224008559238 | 6224008559870
6564,معكرونة الملكة 400 جرام EL MALEKA فرن,7,6223001512509 | 6223001512257 | 6223001512301 | 6223001512479 | 6223001512158 | 6223001510659 | 6223001512530
6565,معكرونة ايطاليانو 400 جرام italiano سوستة,11,6223001510819 | 6223001510314 | 6223001510840 | 6223001510109 | 6223001510000 | 6223001514190 | 6223001510468 | 6223001510802 | 6223001510833 | 6223001510826 | 6223001510772
6566,معكرونة بوتيجا روسي 400 جم bottega,4,4690329010758 | 4690329010772 | 4690329010765 | 4690329010741
6567,معكرونة بوتيجا روسي 500 جم bottega,1,4690329010932
6570,معكرونة تركية باشمل 400 جرام,3,7290019298212 | 8691310999492 | 6253353300745
6571,,1,6224011424585
6572,اندومي كاركيوكي بطعم الخضار,1,6773505580271
6574,,1,3690828000409
6575,معكرونة بساطة 350 جرام  - حلقات,8,6223007940337 | 6253506130090 | 6223001512264 | 6223007940344 | 6223007940313 | 6224011424554 | 6223007940368 | 6223007940351
6576,,2,4792225006566 | 6290400000197
6577,معكرونة لمنتنا 400 جرام,2,6224009197071 | 4547256018053
6578,معكرونة  بنة 250  جرام,2,6251041130087 | 6253340902105
6582,معكرونة فانتيلو 500 جرام  -,2,6221022010752 | 8690325016019
6583,معكرونة ريزي 500 جرام - Rizzi,15,4760161882773 | 4760161882766 | 6223001512271 | 5304000222871 | 6223007940320 | 4810066002575 | 7290000060880 | 5304000222826 | 4760161882759 | 6253353300813 | 8690325510043 | 8056324082095 | 6224009197064 | 6223007945493 | 7290003781904
6587,,1,7290016276848
6588,معكرونة ستار 500 جرام,3,8697430885431 | 6221022111619 | 8697430885400
6589,,4,6223007946810 | 6224003277014 | 6224003277038 | 6224003277021
6590,اندومي ابو تاج كاسة - دجاج,5,7290020010094 | 7290020010148 | 7290020010049 | 7290020010193 | 7290020010247
6595,معكرونة اسبكتي 350 جرام,2,6224000105594 | 6253353300998
6596,اندومي سوبر مي حار 56 جرام Supermi,1,5285000391760
6597,شعرية تركية 400 جرام,1,8691310001232
6598,اندومي اجنبي 75 جرام - خضار,3,89686140149 | 89686140040 | 89686140101
6599,اندومي سعودي 75 جرام باكو × 5 قطع - خضار,4,8994963002350 | 8994963002336 | 5285000390602 | 5285000390640
6601,,2,6773505580332 | 6773505580349
6604,,1,6926845306364
6608,اندومي كوري الاصليBULDAK دجاج حار,3,6926845305770 | 6926845305794 | 6926845305831
6609,معكرونة مكة 1 كيلو - Makka,1,6624000810151
6611,,1,6271003052240
6614,,1,6224003277960
6615,اندومي ميدولز دجاج 50 جرام MIDOOLES,8,6224004184519 | 6224004184526 | 6224004184502 | 6224003277533 | 6224003277250 | 6224003277267 | 6224003277342 | 6224003277359
6618,,2,6223006710849 | 6224003277281
6621,,2,6224003277625 | 6224003277458
6622,معكرونة ميلانو سباجيتي 500 جرام Milano,2,6224008372196 | 6224008372240
6625,,3,5060670992383 | 5060670992345 | 5060670992444
6626,,2,6926845307637 | 6926845307613
6707,شعرية لورد 500 جرام Lord,1,8020340001811
6711,معكرونة موكو سيني 500 جرام -,1,8001931120982
6720,,1,9720005792182
6800,معكرونة الملكة 250 جرام شعرية El,4,6223001513186 | 6223001513148 | 6223001513209 | 6223001513179
6801,معكرونة انجلينا 200 جرام Angelina,3,8690946412726 | 8690946412665 | 8690946412764
6802,معكرونة اوبرا بريم 500 جرام -- رقم 9 Opera,3,8007290138262 | 8007290138323 | 8007290138132
6805,معكرونة باستا ديل كوع كبير 500 جرام,7,8011780909355 | 8011780909508 | 8011780909270 | 8011780909515 | 8011780909393 | 8011780909737 | 8011780909027
6808,معكرونة باستانورة كوع صغير 200 جرام,3,8690946102207 | 8690946102122 | 8690946102115
6809,معكرونة بانتي 500 جرام Banetti اسباكتي,6,8697893211075 | 8697893211228 | 8697893211204 | 8697893211174 | 8697893211112 | 8697893211211
6810,معكرونة نجم 500 جرام BAHAR,9,8690946272306 | 8690946270050 | 8690946271606 | 8690946271002 | 8690946272320 | 8690946270111 | 8690946270074 | 8690946271507 | 8690946272207
6814,معكرونة دوجا سباجيتي 400 جرام Doga,4,8690967500501 | 8690967500235 | 8690967210134 | 8690967500594
6815,معكرونة ديفيلا 500 جرام,13,8005121000740 | 8005121000290 | 8005121000405 | 8005121000504 | 8005121000238 | 8005121000375 | 8005121000733 | 8005121000276 | 8005121000535 | 8005121000092 | 8005121000481 | 8005121000474 | 8005121001372
6816,معكرونة riscoss ايطالي 500 جم زنبرك,14,8011780009550 | 8011780009505 | 8011780009277 | 8011780009406 | 8011780009352 | 8011780009512 | 8011780009758 | 8011780009390 | 8011780000939 | 8011780009413 | 8011780009741 | 8011780009345 | 8011780009734 | 8011780009703
6817,معكرونة ريجيا ايطالي 500 جرام -- 68,15,8008857300689 | 8008857300580 | 8008857300764 | 8008857200194 | 8008857300351 | 8008857300603 | 8008857300634 | 8008857300481 | 8008857300009 | 8008857300887 | 8008857300641 | 8008857300344 | 8008857200217 | 8008857300627 | 8008857200057
6819,,11,8690579924320 | 8690579924337 | 8690579924306 | 8690579924351 | 8690579924375 | 8690579924238 | 8690579924368 | 8690579924221 | 2106000210239 | 8690579924382 | 8690579924207
6820,معكرونة فوتشيني رسكوزا 500 جرام,1,8011780071816
6821,معكرونة فوتشين ريجيا 500 جرام Reggia,2,8008857406152 | 8008857406145
6823,,5,8690946160009 | 8690946270043 | 8690946250090 | 8690946250014 | 8690946150000
6825,معكرونة نودلز اسرائيلي اخضر  200 جرام,2,7290010259359 | 7290010259366
6826,معكرونة شهد 300 جرام,5,6224007678886 | 6224007678909 | 6224007678916 | 6224007678299 | 6224007678138
6827,معكرونة 500 جرام Donna chiara اسباكتي,6,8007290137012 | 8007290137180 | 8007290137074 | 8007290137289 | 8007290137067 | 8007290137333
6828,معكرونة 500 جرام FIORELLA اسباكتي,9,8690325022089 | 8690325018082 | 8690325016040 | 8690325019089 | 8690325006089 | 8690325016088 | 8690325001084 | 8690325015043 | 8690325029088
6830,معكرونة هوم 300 جرام -- HOME اسباكتي,5,6224008400295 | 6224008400325 | 6224008400332 | 6224008400301 | 6224008400318
6831,معكرونة لوري ايطالي 500 جرام - LORI,9,8020340000036 | 8020340000197 | 8020340000388 | 8020340000371 | 8020340000357 | 8080340040593 | 8020340000296 | 8020340000289 | 8020340000593
6835,معكرونة بهار 200 جرام - BAHAR حبة وسط,8,8690946230214 | 8690946270210 | 8690946230177 | 8690946230122 | 8690946230047 | 8690946230061 | 8690946230115 | 8690946230191
6839,معكرونة بيراك ايطالي 500 جرام -- اسباكتي,7,8693722235007 | 8693722000377 | 8693722015074 | 8693722000384 | 8693722002999 | 8693722000209 | 8693722002951
6842,معكرونة لذة 400 جرام دايت LAZZAH قلم,2,2009771290373 | 2009771290380
6848,معكرونة سانتا 400 جرام Santa - صدفة,3,8697480066699 | 8697480062981 | 8697480064572
6854,شعرية لمتنا  400 جرام,13,6224009197118 | 6224009197125 | 6224009197088 | 4760161882155 | 4760161882179 | 7290012642036 | 4760161881585 | 6253353300806 | 6253353300035 | 6224007402856 | 7290019894568 | 7290019894223 | 6281000247655
6855,,1,4760161882797
6856,,0,
6857,,1,7290003781881
6861,معكرونة  نجار  400 جرام  -  حلزوني,3,6253008991458 | 6253008991472 | 6253008991441
6867,معكرونه 400 جرام,7,7290019894551 | b7290019894575 | 7290019894582 | 7290019894179 | 7290019894155 | 7290019894247 | 7290019894575
6868,,1,8011780009710
6870,معكرونة ايطالي 500 جرام Maltagliail-,2,8008845052040 | 8008845052163
6871,معكرونة مري لاند 500 جرام حلزوني,2,8011780001806 | 8011780001769
6872,,0,
6873,,2,8008845073663 | 8008845073458
6874,,1,8008845071898
7101,برغل توركو خشن 1 كيلو Torku,4,8690120072395 | 8690120073125 | 8690120072456 | 8690120073194
7104,برغل خشن وسط نخلة 1 ك,1,7290003332861
7105,برغل خشن لزيزة 1 كيلو Lazeza,2,6253503961307 | 6253503961079
7109,ترمس لزيزة 1 كيلو Lazeza,1,6253503961062
7112,حمص حب لزيزة 1 كيلو Lazeza,1,6253503961253
7115,ذرة فشار لزيزة 1 كيلو Lazeza,1,6253503961246
7118,سكر بني الكسيح 350 جرام,1,6253001065019
7119,سكر بني غامق بدري وهنية 1 كيلو,2,6253503974598 | 6253503974581
7123,,1,7290000518152
7127,سميد ابو الراغب 1 كيلو,1,9274444665151
7129,سميد قمح 1 كيلو تيرا,1,7290015007009
7131,طحين ابيض لوكس السلام 1 كيلو,2,2008253518813 | 2019125285887
7138,,1,7290000211374
7140,طحين حيفا حنطة 1 كيلو,1,9702240125536
7142,طحين طاحونة يافا 1 كيلو,1,7290005400001
7148,عدس حب صغير لزيزة 1 كيلو Lazeza,2,6253503961024 | 6253503961031
7151,عدس مجروش لزيزة 1 كيلو Lazeza,1,6253503961048
7152,فول نابت مسك الاوطان 500 جم,1,9900000062859
7155,فاصوليا بيضاء حب لزيزة 1 كيلو Lazeza,1,6253503961055
7159,فريكة ابو حميد 700 جرام,1,3154695461282
7160,فريكة الشيخ قاسم  700 جرام,1,6253503476009
7161,فريكة الكسيح 750 جرام خضراء,1,6253001065491
7162,,0,
7166,فريكة لزيزة 700 جرام Lazeza,2,6253503961444 | 6253503967071
7176,مفتول ابو حميد 1 كيلو,1,2005994043000
7179,مفتول الشام 900 جم,1,9990024
7180,,1,2059974706553
7181,,2,9658895181116 | 2002002002004
7182,,1,6253503478164
7184,مفتول بيونير 1 كيلو,1,8032942610186
7185,مفتول خير زمان ابو العوف 1 كيلو,1,5701612567480
7189,مفتول مغربي وسط 1 كيلو Couscous,1,8032942610193
7191,ملح الكسيح جبال الهمالايا 400 جرام,2,6253001065477 | 6253001065620
7195,شوفان ابو حميد 400 جرام,1,2005294446662
7203,سميد قمح 1 كيلو,1,7290002460084
7208,سكر الشيخ قاسم غامق 800 جرام,2,6253503472490 | 6253503472506
7209,,0,
7213,خليط كيك أصفر بيتي كروكر 432جم / Super,7,16000430549 | 16000410015 | 16000409897 | 16000409835 | 16000409811 | 16000409828 | 16000409941
7215,أرز مصري 1 كيلو  - السباع,6,5601228233819 | 6225000287211 | 8697686871080 | 6224007367025 | 6224001074004 | 6225000241688
7222,فشار مالح جونيا - JUNIA  شطة وليمون,11,9658895181161 | 2005990864067 | 8658895181154 | 9658895181130 | 9658895181123 | 9658895181154 | 9658895181185 | 2005990864036 | 9725996588950 | 9658895170059 | 598090629664
7248,برغل  يلديز 1 كيلو yildiz خشن,2,8682162728330 | 8682162726053
7264,طحين جوز الهند الشيخ قاسم مشكل 500 جرام,2,6253503472797 | 6253503477280
7268,,16,6251668001241 | 6457814244702 | 79873658901235 | 6457813540058 | 9582797235069 | 64578015540058 | 5020195310710 | 7290000211503 | 6291104480704 | 6225000343412 | 744343025817 | 7290018348109 | 788364714848 | 7562168492163 | 7290019298311 | 7290100702864
7270,ملح طعام  بونو  600 جرام  - bono,2,6224000121921 | 6225000296022
7279,ارز بسمتي مصري 1 كيلو  - ابو سنينة,4,7290012004506 | 6253803990090 | 6224000439057 | 6253804992109
7286,برغل النخيل 1 كيلو - tat,3,6253505670078 | 7290020039019 | 7290011423933
7288,برغل ناعم النخيل  1 كيلو,4,6253505670030 | 6253505670016 | 8697686871165 | 6253505670139
7296,,1,2009993777020
7297,سميد ابو تاج 1 كيلو,1,7290019298731
7298,,6,7290015011020 | 7290002707134 | 693493252294 | 6223007941419 | 7290002971009 | 6951028300051
7313,,1,6224000422998
7315,سكر الزياد 1 كيلو,2,6333002264014 | 6225000286726
7322,,1,6111242130715
7402,خل تفاح احمر بيت المقدس 700 مل,0,
7403,خل أبيض ابو حميد 850 مل,6,26789125 | 25678918 | 12345670 | 22345677 | 24567886 | 23456785
7412,خل  ابيض موجو 473 مل,2,750258035162 | 750258035193
7413,خل احمر موجو 946 مل,2,757449231068 | 750258035155
7414,خل ابيض ليماس 500 مل Lemas,3,8680805281150 | 8680805280818 | 8680805281051
7420,خل توركو عنب 500 مل TORKU,3,8680181064460 | 8680181121354 | 8680181064446
7422,خل ابيض الشيخ قاسم 650 مل,4,6253503475316 | 6253503475309 | 6253503475507 | 6253503475460
7423,ماء زهر 850 مل / الأيوبي,1,2002881040104
7425,,1,6253505513184
7427,ماء ورد الشتا 650 ملي,5,6254000083141 | 6254000830806 | 6254000083165 | 6254000083158 | 6254000083516
7429,,2,6253503471196 | 6253503473176
7432,ماء ورد زيتا لاند,2,6253505513221 | 6253505513245
7436,خل ابيض - اسوار الاقصي 850 مل,1,2016201620105
7445,خل يلديز 1 لتر  yildiz ماء ورد,3,8682162721850 | 8682162722079 | 8682162721157
7446,خل نيو لاند 472 مل NEW LAND - تفاح,1,6251088089157
7448,خل بيت المقدس 850 مل عنب,4,2005924040307 | 2005924040291 | 2005924040277 | 2005924040321
7452,ماء زهر  ريحانة فود 850 مل,1,7982981612027
7460,ماء الورد مراد فود 1 لتر - ماء زهر,2,9781234543597 | 6281000809099
7468,عصير ابو تاج عنب 3 لتر,1,7290015910125
7506,,4,6253503980087 | 6253503981992 | 568740020219 | 568740200321
7513,,1,210019
7514,,1,210600004024
7518,,5,7290020039071 | 6253017102005 | 6253503980056 | 7290006439475 | 568740020226
7520,,1,568740020165
7526,,1,7290003470495
7530,ملح بكيت 1 كيلو,9,7290004063016 | 6772504596825 | 6290361442029 | 6291106826289 | 785571431810 | 6251586053001 | 6254000009271 | 6253808130132 | 6774441900239
7584,,2,6224011058056 | 6224010050075
7597,,1,8680834602629
7905,دقة ابو حميد 250 جرام - بكيت,2,1012345678997 | 6251972000657
7906,دقة ابو حميد 250 جرام - مرطبان,1,2020021508147
7907,دقة ابو حميد 500 جرام,1,2003004005000
7908,دقة بدري وهنية 200جرام - بكيت,1,6223017440049
7919,زعتر ابو حميد 100 جرام - كيس,1,8585888888886
7920,زعتر ابو حميد 250 جرام,1,1012345671004
7921,زعتر ابو حميد 250 جرام - مرطبان,2,1012345672131 | 1012345672148
7922,زعتر ابو حميد 500 جرام - مرطبان,1,1002005009995
7924,زعتر الكسيح ايام زمان 225 جرام,1,6253001090028
7928,,2,2002567655240 | 2122567550427
7929,زعتر جبل جنين 250 جرام,1,2002567655233
7930,زعتر جبل جنين 500 جرام مرطبان,1,2002567655257
7931,,1,100025
7934,زعتر لزيزة 500 جرام Lazeza,1,6253503963813
7936,زعتر ابو حميد 500 جم بالزيت  - كرتون,2,6251972000169 | 6251972000152
7941,زعتر الأيوبي 125 جرام,2,9465704160329 | 9729527452505
7943,زعتر علب بلدي 250 جرام  - الأيوبي,1,2005965487932
7944,زعتر بالزيت 250 جرام علبة -  الأيوبي,1,2005965487949
7945,,1,2002567550422
7948,,1,2112567550428
7953,زعتر بيت الكرم 500 جرام,1,2020100615322
7955,زعتر بزيت بيت الكرم 250 جرام,1,2020101215422
7964,,1,9428539500005
7973,,1,6251972000626
7980,زعتر بلدي مساه 400 جم,1,9780042659626
7984,,1,6253503980025
7986,,1,6253501438290
8003,,1,7290012983276
8005,دبس تمر ميرو 800 جرام Mero,1,6223001053408
8011,دبس رمان زير 345 جرام - بلاستك ZER,1,8697422633668
8012,دبس رمان زير 345 جرام ZER,1,8697422630995
8013,دبس رمان زير بكرج 340 جم,1,8697422631336
8014,دبس رمان ليماس 350 جرام Lemas,1,8680805280290
8019,عسل اسود الميزان 700جرام,1,6223007430531
8021,دبس ميرو 380 جرام Mero,2,6223001052357 | 6223001051534
8022,مربى التات فراولة 800 جرام Eltat,4,8692594340390 | 8692594340420 | 8692594340406 | 8692594340413
8023,مربى الكيشوان فواكه 500 جرام Alkaizhwan,4,7350043855024 | 7350043855000 | 7350043855055 | 7350043855017
8024,مربى ايمك فراولة 800 جرام Emek,4,8696521008179 | 8696521010189 | 8696521008230 | 8696521008193
8025,مربى بامبا عنب 510 جرام Pampa,1,876941009521
8026,مربى حلواني تين 750 جرام,4,6221029620121 | 6221029670126 | 6221029600123 | 6221029610122
8027,مربى ستيوت بدون سكر 430 جرام - فراولة,7,4006424022365 | 4006424022372 | 4006424022389 | 4006424022341 | 4006424022686 | 4006424022693 | 4006424022334
8028,مربى فيتراك مشمش 650 جرام Vitrac,4,6221024002052 | 6221024002090 | 6221024002069 | 6221024002083
8029,مربى فيتراك فراولة 860 جرام Vitrac,4,6221024050015 | 6221024050022 | 6221024050039 | 6221024050121
8030,مربى ليماس الكرز 800 جرام Lemas,4,8696313004600 | 8696313004594 | 8696313004570 | 8696313004587
8031,مربى مري لاند برتقال 700 جرام Merry Land,7,8698529310995 | 8698529310971 | 8698529311022 | 8698529310988 | 8698529311008 | 8698529311015 | 8698529310964
8032,مربي الميزان فراولة 720 جرام,4,6223000053058 | 6223000053065 | 6223000053140 | 6223000053072
8033,مربي توناس برتقال 800 جرام,10,8692594004773 | 8692594005312 | 8692594004742 | 8692594005770 | 8692594004735 | 8692594004759 | 8692594004766 | 8692594004728 | 8692594005329 | 8696313100432
8035,مربي حدائق الشام تين 800 جرام - مرطبان,3,6224007795088 | 6224007795071 | 6224007795095
8036,مربي ميرو فراولة 450 جرام Mero,1,6223001052586
8039,مربى لقمان بطعم الفراولة 700 جرام,10,8692388603441 | 8692388603434 | 8692388603458 | 8692388005047 | 8692388090197 | 8692388503758 | 8692388503741 | 8692388503734 | 8692388504571 | 8692388501457
8041,مربى ليماس فراولة 380 جرام,4,8680805284632 | 8680805284656 | 8680805284649 | 8680805284663
8043,مربي سفين 800 جرام كرز - seven,6,8680702823019 | 8680702823002 | 8680702823057 | 8680702823033 | 8680702823040 | 8680702823026
8051,مربى ايرجل 800 جرام  - ERGUL  فراولة,4,8696313100425 | 8696313100401 | 8696313100456 | 8696313001432
8053,مربى لورا 800 جرام - LAURAS -- فواكه,3,6224009305858 | 6224009305841 | 6224009305834
8054,مربى لورا 450 جرام - LAURAS -- تين,3,6224009305872 | 6224009305865 | 6224009305889
8056,مربى الحياة 800 جرام كرز,3,8696313001999 | 8696313001845 | 8696313001838
8060,مربى فراولة تركي يلديز 750 جم  yildiz,4,8682162722017 | 8682162722031 | 8682162722024 | 8682162722048
8071,مربي كرز  فليز 700 جم filiz,3,8691455118000 | 8691455700649 | 8691455128009
8073,,3,6223000052785 | 6223000052792 | 6223000052815
8079,,1,6223001054146
8082,مربى النجار تين 800 جرام,4,6223000713464 | 6419061730315 | 6223000713457 | 6223000713440
8085,,1,6223000762462
8087,مربي اناناس رويال 370 جرام,2,669568052144 | 669568052137
8089,,1,7290015910736
8091,مربي روعة لاند 340 جرام,3,6224003188013 | 6224000839437 | 6224003188037
8092,مربى فيتراك 430 جرام Vitrac  - تين,1,6221024030031
8098,,1,6221024990830
8100,مربي ميرو 800 جرام Mero - فراولة,3,6223001052340 | 6223001055006 | 6223001055013
8104,,1,2025221135353
8111,مربى تين البوادي 350 جرام,2,6223000762486 | 6223000762455
8112,مربى صابحة 350جم,1,2024251207276
8115,مربى أدد مي 360 جرام ADD ME بالتين,1,6223006050105
8116,مربى ميرو بالتين 420 جرام MERO,1,6223001056584
8401,طحينة ابو حميد 1 شيكل,1,9733232144440
8403,طحينة ابو حميد حمراء 1 كيلو,3,9028833311118 | 9028833333325 | 6251972000688
8404,طحينة ابو حميد حمراء 300 جرام - مرطبان,3,9028855521007 | 9028855521113 | 6251972000244
8405,طحينة ابو حميد حمراء 450 جرام - مرطبان,4,4445542222231 | 9028885555522 | 6251972000459 | 6251972000237
8406,طحينة ابو حميد 980 جرام - زجاجة,2,9500120001112 | 6251972000411
8411,طحينة القدس 30 جرام - باكو × 25,1,2005994540400
8420,طحينة الهلال بيضاء 450 جرام,1,7290001407363
8422,طحينة بيونير 270 جرام - زجاجة,1,4522203699981
8423,طحينة بيونير 300 جرام - زجاجة,1,4530303055484
8424,طحينة بيونير 400 جرام - زجاجة,1,4521896944439
8426,طحينة بيونير 900 جرام - زجاجة,2,4955225519195 | 4522563595558
8428,طحينة زجاجة ابو حميد 300 جرام,2,2500120112235 | 6251972000534
8429,طحينة زجاجة ابو حميد 490 جرام,2,9500120022223 | 6251972000404
8434,,1,2021041114424
8436,طحينة بيونير حمراء 400 جرام,1,2020031813149
8462,طحينة الربيع 330 جرام بيضاء,2,2021080714258 | 2021091209552
8476,,1,6223011670350
8479,,1,6900000224212
8482,طحينة التوفيق  900 جرام,1,6224008161257
8483,,4,7290010304363 | 7290019568896 | 7290010627004 | 7290010627844
8485,طحينة تنوفا 900 جرام,2,7290010304837 | 7290010304110
8486,طحينة دلتا لاند 1 كيلو,2,6224002602206 | 7290010627011
8708,حلاوة الميزان سبريد شوكولاتة 340 جرام,1,6223000053331
8709,حلاوة الهلال اصبع 50 جرام,1,7290001407394
8710,,1,7290001407424
8711,حلاوة الهلال قطع بالفانيلا والكاكاو 400 جم,3,7290011378837 | 7290001407554 | 7290011378844
8712,حلاوة الهلال شامية بدون سكر 350 جرام,2,7290011378301 | 7290001407660
8713,حلاوة توركو سادة 500 جرام Torku,2,8690120050225 | 8690120050201
8714,حلاوة توناس كاكاو 350 جرام Tunas,2,8692594006869 | 8692594006852
8715,حلاوة توناس كاكاو 700 جرام Tunas,2,8692594006890 | 8692594006883
8721,حلاوة دهن الهلال بندق 600 جرام,3,7290016246698 | 7290016246704 | 7290016246681
8723,حلاوة شكور كاكاو 1 كيلو,2,2005555535302 | 2005555535050
8725,حلاوة هارفست سادة 500 جرام,1,6223000760574
8726,حلاوة هلفا بالكاكاو 500 جرام helva,2,8697530994330 | 8697530994323
8733,حلاوة المشرق 250 جرام بالمكسرات,2,6224009064564 | 6224009064618
8741,حلاوة توناس كرات 700 جرام سادة - TUNAS,1,8692594001703
8742,حلاوة ايميك سادة 500 جرام / emek,2,8696521000180 | 8696521000067
8750,حلاوة شامية الهلال 500 جرام,2,7290018708057 | 7290018708064
8751,حلاوة طحينية بالفستق شتورة 400 جرام,1,6882723211161
8763,حلاوة اركان بندق 375 جم ARKAN,2,6224008286158 | 6224008286165
8764,حلاوة اركان بالفستق حلبي 500 جم ARKAN -,2,6224008286301 | 6224008286318
8767,حلاوة الهلال بزاز 310 جرام - بالسماق والبصل,3,7290018708248 | 7290018708255 | 7290018708224
8769,حلاوة الهلال مكية 250 جرام بطعم الفانيلا مع,3,7290018708026 | 7290001407325 | 7290001407318
8770,,1,6253807260519
8783,حلاوة دهن الميزان سبريد 150 جرام سادة,1,6223000053539
8786,,2,7290018708682 | 7290018708668
8801,,2,5410126006957 | 5410126726947
8802,زبدة فستق جف 454  جم jif,1,51500255377
8818,,1,37600106412
8826,ممراح كاديوري 400 جرام - CADBWRY,3,5060391621449 | 5060391621401 | 5000183501108
8828,ممراح نو كريما زجاج 400 جرام NuCrema,2,5201127097590 | 5201127097552
8836,زبدة فستق ناعمة 510 جرام / اسرائيلي,2,7290017842554 | 7290017842561
8837,,3,2055327850126 | 2055327804792 | 2055327833679
8838,ممراح نيوجاتو 400 جرام - NUGATOO,4,2036589703580 | 2036589733679 | 2036589743128 | 2036589716986
8839,ممراح جيورمكس 300 جرام - GURMEX,2,8682091028938 | 8682091028921
8842,,1,8696521004539
8843,,1,8696521004577
8853,,1,8410087550978
8860,,2,4580400095999 | 4580403077497
8861,زبدة الفول السوداني 510 جرام-كرنشي,2,6253804992611 | 6253804992604
8867,,1,693493199957
8870,,1,6253361225351
8875,زبدة الفستق الشيخ قاسم 340 جرام - كريمة,2,6253503473701 | 6253503473718
8882,,1,6253361256379
8889,,1,5410291022011
8901,سيروب حنونة كراميل 650 جرام Hanouna,2,4815674815678 | 9900000002275
8903,سيروب كنتون كراميل 300 جرام Kenton,3,8690547192515 | 8690547192522 | 8690547192508
8904,سيروب موجو شوكولاتة 634 جرام Mojo,1,750258035292
8905,سيروب ميتاف كراميل 700 جرام,3,7290002781271 | 7290002781264 | 7290008183260
8908,سيروب مركز الشوكلاتة 624غم / FRESHLY,2,6281063882282 | 6281063882305
9000,ممراح العودة 1200 جرام Jelbani,1,8699153380880
9001,ممراح العودة 400 جرام Jelbani,1,8699153380927
9004,ممراح توركو باندا بندق 350 جرام Torku,1,8690120054384
9012,ممراح جيرمكس  350 جرام gurmex,4,8697465212394 | 8697465212417 | 8697465219287 | 8682091020109
9016,ممراح شوكو ميس 1200جرام choco mias,1,8698529310841
9017,ممراح شوكو ميس 400 جرام choco mias,1,8698529305410
9019,ممراح عليت 500 جم / شاحور - علبة بيضاء,1,7290115670578
9020,,1,7290008745345
9023,ممراح فيوري بيلا 350 جرام Fiore Bella,2,8697530992855 | 8697530992862
9024,ممراح لذيذا 100 جرام,4,2040608457422 | 2040608457446 | 2020103040503 | 2020409887789
9025,ممراح لذيذا 1200 جرام,4,2015145748968 | 2036584966836 | 2007531596994 | 2009876543237
9026,,2,2009001100908 | 2015145747855
9028,ممراح لذيذا 400 جرام,3,2017026566968 | 2015548611111 | 2015145747077
9032,ممراح نوتيلا 350 جرام Nutella,1,80177173
9033,ممراح نوتيلا 600 جرام Nutella,2,8000500179864 | 59032823
9034,,1,4008400404127
9036,ممراح بيور نوتلا 350 جرام - puretella,3,6224011617598 | 6224003504110 | 6224011617475
9037,ممراح توناس سادة زجاج 350 جرام,1,8692594001666
9039,,1,2015145700003
9040,ممراح لذيذا  1 كيلو  Lazizah,1,2001545888779
9048,ممراح هيلثي سيرد 375 جرام Healthy,2,6224010439016 | 6224010439023
9050,,2,2067938721726 | 2055941204619
9059,,3,3850104267123 | 3856020213572 | 3850104267116
9073,,1,7290020010995
9076,ممراح دوبلين حشوه ابونيللو الكنافة 300 جرام,2,6253361263810 | 6253361248077
9079,ممراح شوكولاتة مع حليب ساريلا 350 جرام -,1,810099960167
9082,ممراح بالحليب 365 ايفيزا 700 جرام eviza,1,8684493002516
9087,ممراح دوبلين حشوة البونيلو 1كيلو,2,6253805187443 | 6253361263704
9092,مربى موجو 750 جم,1,6224011617918
9093,ممراح دوبيلن حشون بندق 300 جرام Dobeln,1,6253361248084
9407,عسل امتنان 800 جرام زهرة البرسيم,2,6221078011413 | 6221078111410
9408,عسل بسمة الفخامة 800 جرام,1,9705698277
9409,عسل بسمة بالشمع 400 جرام,1,6220014006483
9410,عسل بسمة بالشمع 750 جرام,1,6220014004588
9411,عسل بسمة بالمكسرات 250 جرام,1,9614000077064
9412,عسل بسمة بردقوش 450 جرام,1,6220014006629
9413,عسل بسمة بردقوش 800  جرام,1,6220014006636
9414,عسل بسمة حبة البركة 450 جرام,1,6220014006537
9415,عسل بسمة حبة البركة 800 جرام,1,6220014006544
9416,عسل بسمة زهرة الموالح 450 جرام,1,9614000077040
9417,عسل بسمة زهرة الموالح 800 جرام,1,6225000000940
9418,عسل بسمة زهور برية 400 جرام,1,6220014006681
9419,عسل بسمة زهور برية 750 جرام,1,6220014006667
9420,عسل بسمة سدر جبلي 350 جرام,1,6225000000988
9421,عسل بسمة سدر جبلي 850 جرام,1,6225000000933
9422,عسل بسمة كشميري 450 جرام,1,6220014006643
9424,عسل بسمة نوارة البرسيم 400 جرام,1,6225000000995
9425,عسل بسمة نوارة البرسيم 750 جرام,1,6225000000902
9429,عسل زهور برية 200 جرام - اسرائيلي,1,7290110566579
9430,عسل زهور برية 400 جرام - اسرائيلي,1,7290005591761
9431,عسل زهور برية 900 جرام - اسرائيلي,1,7290107956543
9437,عسل ملكات تركيز عالي 5.8% 340 جرام -,2,7290006374615 | 7290006374608
9438,,1,9990041
9439,,1,20008
9474,عسل لانجيز بالغذاء الملكي  33.3 جم الماني,3,40233123 | 40233109 | 40233130
9493,عسل مناحل الجنوب زهور حمضيات 1 كيلو,1,6310
9498,عسل زهرة الزيزفون ألماني 500 جرام -,5,4028712300368 | 4028712300351 | 4028712300344 | 4028712300382 | 4028712300405
9510,عسل امتنان 450 جرام زهور الربيع,2,6221078111274 | 6221078091279
9511,عسل امتنان 450 جم - IMTENAN - برتقال,3,6221078768980 | 6221078769024 | 6221078770655
9513,عسل امتنان 450 جم - IMTENAN - زهور,2,6221078770198 | 6221078242275
9519,عسل الزعتر ال بريزال 250 جرام EL,3,8413812011201 | 8413812011492 | 8413812011102
9521,عسل غذاء ملكة النحل ال بريزال 500 جرام EL,3,8413812100530 | 8413812011461 | 8413812011485
9522,عسل الغابة السوداء ال بريزال 500 جرام EL,4,8413812071526 | 8413812051528 | 8413812021521 | 8413812031520
9523,عسل الجنسنج ال بريزال 350 جرام EL,2,8413812011393 | 8413812011379
9524,عسل جبلي ال بريزال 350 جرام EL,4,8413812011331 | 8413812011355 | 8413812011676 | 8413812011317
9536,عسل جراند  490 جرام   - GRANDOR,1,6224008944706
9538,,1,6224007988596
9539,,1,6221078769833
9549,,1,6223001050117
9573,,1,9567956795677
9574,,1,9876587658764
9576,,1,9235923592351
9708,شطة ليماس 250 مل  Lemas,1,8680805280498
9716,,1,8690635150267
9737,شطة توباسكو 60 مل اكسترا,1,11210006508
9739,شطة / صوص تباسكو 60 مل فلفل اخضر,4,11210009387 | 11210607040 | 11210007253 | 11210000094
9745,,1,8691573071157
9746,كاتشب بوركو 650 مل - BURCU,1,86915730771133
9748,,1,62201033173217
9752,,1,6221033101272
9754,كاتشب صابحة حار 425جم Sabha,2,6223006051089 | 6223006051058
9755,كاتشب صابحة بارد 245جم Sabha,2,6223006051041 | 6223006051072
9764,,1,8690635151561
9766,كاتشب 290 مل دورو durra,3,6224007758342 | 6251136020361 | 6251136020378
9779,,1,8697406271749
9786,مايونيز اصلي 360 جرام نايس,1,6253803482496
9791,مايونيز حار نايس  360 جرام,6,6253803482519 | 6253803483318 | 6253803482823 | 6253803482816 | 6253803482526 | 6253803482502
9807,كاتشب الدرة الحار 250 جرام Durra,1,6251136019303
9809,,1,6224010433076
9811,كاتشب فرنسي حار 400 جرام - good france,1,6224009463879
9819,,2,603787666416 | 603787666423
9820,مايونيز بالثوم جرين فود 320 جرام - GREEN,8,603787666355 | 603787666379 | 603787666393 | 603787666331 | 603787666409 | 603787666324 | 603787666348 | 603787666362
9908,صوص الباربيكيو امريكان جاردن 510 جرام,2,717273501584 | 717273501577
9909,صوص ريو سانتوس حار 360 جرام Wing,3,8697406273194 | 8697406273286 | 8697406273187
9910,صوص فرنسية سيزر بالكريمة امريكان جريدن,2,717273504851 | 717273504790
9911,صوص سماق ليماس 250 مل Lemas,2,8680805280559 | 8680805280481
9912,صويا صوص امريكانا 295 مل Soy Sauce,3,717273501874 | 717273504189 | 717273504172
9917,كاتشب الدرة بارد 500 جرام - Durra,2,6210241026194 | 6210241036193
9918,كاتشب الدرة بارد 750 جرام - Durra,2,6251136018191 | 6251136018207
9919,كاتشب الدرة اطفال 500 جرام Durra Hot,2,6251136019334 | 6251136019341
9920,كاتشب الدرة حار 500 جرام - بزاز Durra,2,6210244866193 | 6210244856194
9921,كاتشب توكاش 400 جرام Tukas,1,8690508103451
9922,كاتشب حياة 850 جرام Hayat,1,6291003192326
9923,كاتشب زفتا 750جم حار zfta,2,6253505512125 | 6253505510015
9924,كاتشب زيتا بارد 550 مل zeta,1,6253505513382
9925,كاتشب زير بارد 550 جرام ZER,2,8697422631312 | 8697422631329
9927,كاتشب ليماس 550 جرام Lemas,1,8680805280764
9928,كاتشب مري لاند 567 جرام Merry Land,2,6294002432486 | 6294002433223
9930,,0,
9932,,1,87157246
9934,,2,87157260 | 8715700419732
9940,كاتشب يونجا 650 جرام younca,2,8697406275532 | 8697406272982
9941,كاتشاب يونجا 420 جم حار younca,1,8697406275556
9945,مايونيز بدري وهنية 5 كيلو,1,6253503974222
9946,مايونيز زير 410 جرام ZER,1,8697422631503
9947,مايونيز ليماس 500 جرام  Lemas,1,8680805280771
9967,مايونيز زيتا 350 جم ZETA كلاسيك,2,6253505512750 | 6253505512798
9968,,1,8690635300808
9970,كاتشب هاينز 570غم عريض / HEINZ,3,1300000640 | 8715700017006 | 13000006408
9972,,4,7290000069715 | 7290000069739 | 7290106574953 | 7290000069609
9973,,1,8715700420363
9976,صوص الليمون و الأعشاب البريطاني,2,9771000000032 | 9771000000031
9984,مايونيز هلدا ا5 كيلو - سطل Premium,1,7290012459757
9991,كاتشب زيتا 500 جرام حار,1,6253505510039
9993,مايونيز هاينز سبريد 430 جرام,1,8715700115641
9998,,1,8715700422480
10000,صوص اسرائيلي كاهان 620 مل - KAHAN,7,7290018517123 | 7290018517109 | 7290018517130 | 7290102847242 | 7290018517093 | 7290018517116 | 7290018517147
10002,صوص فلفل كلاسي حار 200 مل,2,8930201379631 | 8930201379655
10011,صوص باربيكيو 465 جرام BBQ Sauce,1,5000111047364
10016,صوص شوكولاتة بينار 330 جم PINAR,3,8690565812129 | 8690565019771 | 8690565019795
10018,كاتشب بينار بارد 600 جرام PINAR,2,8690565040423 | 8690565040454
10019,كاتشب بينار بارد 400 جرام PINAR,2,8690565022900 | 8690565022924
10026,مايونيز  دورو 380 جرام durru,2,6251136028725 | 6251136028732
10031,كاتشب طماطم الهنا ابو العوف 550 جرام حار,1,6253505513818
10033,كاتشب توكاش 650 جرام Tukas - حار,2,8690508600103 | 8690508006936
10034,صلصة اجنحة فرشلي355  جم,2,6281063881650 | 6281063882503
10036,مايونيز مازولا 340 جرام Mazola هلابينو,3,6281003122713 | 6281003122249 | 6281003122317
10037,مايونيز مازولا 500 جرام Mazola كلاسيك,2,6281003122027 | 6281003122140
10039,سلطة تركية حارة يونجا 350 جرام Yonca,2,8697406271169 | 8697406271152
10051,,2,6253802320188 | 6253802321260
10055,,1,6223001056911
10060,,3,6253504350094 | 7290013404114 | 7290020049346
10062,,1,852852004572
10064,كاتشب الشيخ قاسم 400 جم,1,6253503473671
10074,عمبة ( نايس ) 360 جرام,1,6253803482588
10079,صوص  الباربيكو 330 جرامBURCU,8,8691573072956 | 8691573090202 | 8691573074370 | 8691573098871 | 8691573072970 | 8691573072963 | 8691573098550 | 8691573093043
10088,ويفر رول فريسكا اخضر 16 جرام - باكو × 24,2,6223000496565 | 6223000552520
10091,صوص 4 لتر باربكيو PROGRESS,3,6253802320751 | 6253802320058 | 6253802320737
10501,حليب سائل بلادي كامل الدسم 1 لتر,2,6253503521556 | 6253503521563
10502,,1,6223001874911
10506,حليب توركا 1 لتر natural torko,4,8680181050548 | 8680181000055 | 8680181000017 | 8680181123761
10511,,1,6281007066174
10513,حليب سائل الجنيدي خالي الدسم 1 لتر,2,6253503560753 | 6253503560722
10525,حليب سائل بونجور كامل الدسم 1 لتر,1,6253503521747
10529,حليب جهينة كامل الدسم 1 لتر,3,6223000350065 | 6223000350072 | 6223000350089
10533,حليب دانون دانيت بالكراميل 200 مل,1,6223002383016
10535,حليب توركو 500 مل,1,8680181000024
10536,حليب توركو كامل الدسم 180 مل,1,8680181128964
10537,حليب صويا ألبور اسرائيلي / Alpro -,8,5411188106159 | 5411188081852 | 5411188115472 | 5411188127697 | 5411188543398 | 5411188126195 | 5411188300328 | 5411188130031
10538,حليب سائل لمار خالي الدسم 200 مل - lamar,2,6224001105302 | 6224001105036
10542,حليب كانديا 1 لتر  كامل الدسم 3 %,3,6253806090070 | 6253806090100 | 6253806090094
10545,شوكو دانون 200 مل - حليب بالشوكولاته,4,6223002380664 | 6223002380671 | 6223002380688 | 6223002382477
10547,حليب اسرائيلي 3% دسم 1 لتر ازرق,1,7290000522142
10555,حليب جهينة 1 لتر  بندق,5,6222014312458 | 6222014312519 | 6222014312441 | 6222014312427 | 6222014312434
10559,حليب الجبريني 250 مل اطعم لاتيه ماكاياتو,3,6253503521846 | 6253503521822 | 6253503521839
10560,حليب الجبريني 1 لتر اطعم ALJEBRAINI,2,6253503521785 | 6253503521815
10561,حليب ايكر سوت 1 لتر كامل الدسم eker SUT,2,8691316523295 | 8691316521857
10804,حليب فرانس ليه كامل الدسم 800  جرام,1,3043931367313
10809,حليب اطفال صحة 400 جرام رقم 1,2,6253002803429 | 6253002803436
10813,حليب اطفال ماتيرنا 400 جرام رقم 2,2,7290012139161 | 7290012139154
10814,حليب ماتيرنا رقم 3 -700 جم,3,7290012139192 | 7290012139185 | 7290012139178
10816,,2,400003 | 6297000730752
10822,حليب نيدو كيس 700 جم,1,6221007032120
10824,حليب نيدو 1500 جم كيس,1,6221007032113
10829,حليب اس 26 جولد بروميل  رقم 2-400 جم -,3,44020229 | 8886472103782 | 43931125
10832,حليب نوفالاك1 400 غم / Novalac,3,3518071311149 | 3518070022183 | 3518071332182
10835,,1,5902670055180
10836,,1,6294017106549
10843,حليب اس 26 جولد برو  رقم 1-400 جم - S-,2,7613039265451 | 7613039423318
10845,مشروب السحلب  باكو × 15 قطعة  -,2,6253802463274 | 6253802461133
10846,مشروب السحلب 20 جرام   - NATSHE,3,6253802460242 | 6253802461119 | 6253802463069
10851,,1,3575410872372
10863,حليب سيليا 400 جرام رقم 1,1,3551101753243
10869,ويفر رول فريسكا اصفر 16 جرام Freska,2,6223000495452 | 6223000495698
10872,,5,6223000341100 | 6223000341094 | 6223000341087 | 6223000341049 | 6223000341117
10906,حليب مكثف نسلة 397 جرام,1,7613036055901
10991,,1,6253006103259
10992,,1,6253006103242
11054,سيريلاك نسلة قمح 400 جرام / علبة,2,8445290340993 | 8445290341372
11056,سريلاك نستلة 125 Cerelac قمح مع اللبن,7,6221007033295 | 6221007025931 | 6221007025917 | 6221007025597 | 6221007032755 | 6221007033332 | 6221007033356
11058,,4,9501100410511 | 9501100410573 | 9501100410368 | 9501100410504
11059,سريلاك نستلة 250 جرام  / قمح مع لبن,5,6221007026013 | 6221007026051 | 6221007026075 | 6221007032793 | 6221007032809
11060,سيريلاك نستلة فواكه مع قمح وحليب 400 جرام,1,7613034981745
11062,عصيدة ماتيرنا فواكه 200 جرام +6,3,7290011447014 | 7290001265123 | 7290006992185
11063,سيرلاك نسلة 400 جرام Cerelac,1,7616100005079
11064,سيريلاك نسلة فواكه 400 جرام,1,8410100181509
11065,سيريلاك اختيار الام قمح وعسل 400 جرام,7,9501100410450 | 9501100410412 | 9501100410436 | 652811712230 | 652811712223 | 9501100410467 | 6291102115653
11066,,4,8595139791636 | 8595139789404 | 8595139789398 | 8595139789343
11068,سيريلاك قمح صحة 250 جرام بالحليب,4,6253002801661 | 6253002803290 | 6253002800343 | 6253002801654
11301,قشطة باندا توبيج 125 جرام,1,6223000207468
11302,قشطة بوك 170 جرام  puck,1,5760466730464
11304,قشطة رويال 170 جرام Royale,1,6291105412766
11325,,1,5711953135699
11328,الفصول الاربعة 155 جرام,1,0
11605,زيت زيتون ابو اسكندر 1 شيكل - باكو × 50,1,2008248074898
11609,زيت زيتون ابو حميد 175 مل,1,7575757575758
11610,زيت زيتون ابو حميد 20 جرام,1,5234330000002
11611,,1,1101201301404
11612,زيت زيتون ابو حميد 335 جرام,1,9855354468720
11613,زيت زيتون ابو حميد 400 جرام,1,9855354468881
11614,زيت زيتون ابو حميد 430 جرام,2,6020404201234 | 9855353333333
11615,زيت زيتون ابو حميد 750 جرام,1,9554213002586
11616,زيت زيتون ابو حميد 830 مل,1,9855354468478
11617,زيت زيتون ابو حميد 850 جرام,1,6020404201210
11621,زيت زيتون بدري وهنية 18 جرام - باكو × 50,0,
11627,زيت زيتون خير الارض 900 مل,1,40021
11628,زيت زيتون زجاج 250ملم ZER,1,8697422636034
11629,زيت زيتون زجاج 500ملم ZER,1,8697422636041
11632,,0,
11658,,1,4123485710948
11669,زيت زيتون النجار 1 لتر - Najjar,1,8693793281934
11679,,1,7290019216421
11684,,1,7290011587055
11686,,1,7290117032992
11689,,1,7290019603498
11714,,1,3247654286719
11731,,2,669568079806 | 6294020552623
13001,,1,6221007038122
13008,شوربة شعرية جولدن تشكن 70 جرام - باكو ×,4,6254000119932 | 6254000119918 | 6254000119901 | 6254000119925
13009,شوربة شعرية جولدن تشكن 70 جرام Golden,4,6254000119109 | 6254000119116 | 6254000119154 | 6254000119123
13010,شوربة دجاج ابو حميد 400 جرام,1,2000386365838
13016,شوربة ماجي خضار الربيع 59 جرام Maggi,4,6294017117026 | 6221007036555 | 6294017116999 | 6294017116937
13020,شوفان الكسيح 300 جرام Kasih,1,6253001065101
13023,رقائق الشوفان بدري وهنية 500 جرام,1,6253503975342
13035,مرقة ماجي فاين فودز 432 جرام - باكو × 24,1,6221048821981
13036,مرقة ماجي فجيتار 35جرام كنور - ا بكيت,2,6221155078858 | 6221048823374
13037,مرقة هاي فود 20 جرام - مكعب,1,4921576315472
13038,مرقة هاي فود 480 جرام - باكو × 24,1,6223004225253
13045,فيجتار كنور / عادي 2*35 جم - 2 قــــ,4,6221155098887 | 6221155098870 | 6221155029065 | 6221155029072
13046,,2,6221155154040 | 6221155146618
13047,باكو فيجتار كنور 24 بكيت * 35 جم عادي,3,6221155098900 | 6221155098948 | 6221155094612
13054,شوربة كريمة الخضروات كنور 70جم,1,6221048821301
13055,شوربة كريمة الخضروات كنور,1,6221048821356
13070,رقائق الشوفان 500 جرام وايت اوتس WHITE,2,4820221690493 | 4820221690516
13077,,1,6221007006848
13078,,3,6221007004066 | 6221007006787 | 6294003588809
13081,شوربة الخضار و برغل 146 جرام,1,7290112965103
13082,شوربة جزر  25 جرام,3,7290112965301 | 7290112490230 | 7290112490216
13085,,1,5996061626370
13094,,2,6221155212054 | 6221155127051
15002,بابونج ابو اسكندر 50 جرام,1,748180
15004,,0,
15014,بقسماط ابو اسكندر مبهر 200 جرام,2,748233 | 748211
15015,بقسماط ابو حميد 200 جرام,1,1212212144444
15016,بقسماط ابو حميد 250 جرام,2,3735657484558 | 1062345675311
15017,بقسماط ابو حميد مبهر 200 جرام,1,2122121444551
15018,بقسماط ابو حميد مبهر 250 جرام,1,3735657484152
15020,بقسماط الشيخ قاسم مبهر 350 جرام,2,6253503478331 | 6253503476177
15021,بقسماط الفصول الاربعة 200 جرام,1,9725977520252
15022,بقسماط الكسيح قرشلة 300 جرام حارة,2,6253001065132 | 6253001065040
15023,بقسماط البشير سادة -160جم,1,100022
15030,بقسماط قطفة 200 جرام,1,2658587411207
15038,بهار مطحون مطحون بدري وهنية 100 جرام,1,6253503971818
15040,تومة ناعمة الشيخ قاسم 100 جرام,45,6253503470366 | 6253503470052 | 6253503470014 | 6253503470335 | 6253503470304 | 6253503470342 | 6253503470069 | 6253503474913 | 6253503470496 | 6253503479925 | 6253503479932 | 6253503470038 | 6253503470021 | 6253503470502 | 6253503470212 | 6253503470519 | 6253503470151 | 6253503470649 | 6253503476856 | 6253503470557 | 6253503470564 | 6253503470373 | 6253503470632 | 6253503470113 | 6253503470359 | 6253503470281 | 6253503470427 | 6253503470182 | 6253503470090 | 6253503470083 | 6253503470403 | 6253503470410 | 6253503477372 | 6253503470311 | 6253503470144 | 6253503470045 | 6253503470137 | 6253503470533 | 6253503470236 | 6253503470168 | 6253503470274 | 6253503470175 | 6253503473046 | 6253503470243 | 6253503470199
15041,بهارات دجاج الناصر 100 جرام,30,2009111522102 | 2009111522164 | 2009111522270 | 2009111522409 | 2009111522355 | 2009111522256 | 2009111522157 | 2009111522300 | 2009111522218 | 2009111522522 | 2009111522454 | 2009111522508 | 2009111522119 | 2009111522201 | 2009111522232 | 2009111522478 | 2009111522416 | 2009111522225 | 2009111522171 | 2009111522263 | 2009111521143 | 2009111522126 | 2009111522386 | 2009111522188 | 2009111522515 | 2009111522317 | 2009111522461 | 2009111522133 | 2009111522362 | 2009111522430
15042,بهارات كبدة وكلاوي 100 جرام,26,6253503972136 | 6253503973515 | 6253503973553 | 6253503972143 | 6253503973485 | 6253503979562 | 6253503973775 | 6253503972006 | 6253503971993 | 6253503971092 | 6253503972099 | 6253503973706 | 6253503973508 | 6253503971917 | 6253503973539 | 6253503972174 | 6253503971894 | 6253503973522 | 6253503971979 | 6253503972037 | 6253503972112 | 6253503973881 | 6253503971955 | 6253503971856 | 6253503971900 | 6253503971924
15046,توابل الخليج مندي 100 جرام,0,
15049,محلب  بدري هنية 1 شيكل,49,6253503971047 | 6253503973362 | 6253503974383 | 6253503972587 | 6253503973355 | 6253503972990 | 6253503976523 | 6253503972013 | 6253503974376 | 6253503971832 | 6253503976103 | 6253503973126 | 6253503970057 | 6253503972020 | 6253503971870 | 6253503973287 | 6253503972730 | 6253503971764 | 6253503970910 | 6253503971962 | 6253503972495 | 6253503972242 | 6253503970125 | 6253503972846 | 6253503970927 | 6253503972310 | 6253503973430 | 6253503972105 | 6253503972785 | 6253503974529 | 6253503971849 | 6253503971269 | 6253503971436 | 6253503970019 | 6253503974390 | 6253503970545 | 6253503972327 | 6253503970415 | 6253503974444 | 6253503970583 | 6253503972549 | 6253503972440 | 6253503971313 | 6253503970934 | 6253503970422 | 6253503971368 | 6253503971948 | 6253503973935 | 6253503974314
15056,,0,
15062,توابل فاهيتا 100 جرام - بدري وهنية,2,6253503973409 | 6253503974796
15067,توابل سبع بهارات بدري وهنية 100 جرام,1,6253361902023
15071,جرادة حب بدري وهنية 100 جرام,1,6253503972259
15079,,4,9082480748918 | 200248074833 | 200248074834 | 748100
15081,حبهان مجروش بدري وهنية 100 جرام,2,6253503970484 | 6253503970477
15082,حبهان مطحون بدري وهنية 50 جرام,2,6253503970538 | 6253503970439
15092,خلطة المندي المدخن 100 جرام,5,6253503974086 | 6253503974765 | 6253503974789 | 6253503974758 | 6253503974772
15107,سماق مطحون بدري وهنية 100 جرام,2,6253503973836 | 6253503972761
15112,بهارات شاورما 100غم / بهارات مهران العالمية,5,633152020512 | 633152022400 | 633152022394 | 633152022387 | 633152022363
15119,شومر حب بدري وهنية 100 جرام,2,6253503972976 | 6253503973003
15127,فلفل اسود حب بدري وهنية 100 جرام,2,6253503973300 | 6253503976219
15128,خلطة الدجاج الأمريكي الحارة 330 غم / S .,1,4607014057004
15132,فلفل شطة قرون بدري وهنية 50 جرام,1,6253503973645
15139,,1,748232
15146,كراوية حب بدري وهنية 100 جرام,2,6253503973676 | 6253503971238
15152,كزبرة مطحونة بدري وهنية 100 جرام,1,6253503973263
15153,شومر حب أبو اسكندر 100 جرام,1,748823
15161,كمون مطحون بدري وهنية 100 جرام,2,6253503970897 | 6253503971443
15167,مرقة دجاج خشنة الناصر 100 جرام,1,2009111522478
15169,مرمرية ابو حميد 100 جرام,2,1236547892146 | 6251972000268
15171,مرمرية ابو حميد 200 جرام,2,1122333665448 | 6251972000664
15173,مرمرية بيونير 200 جرام,1,4522212121213
15177,مستكة 5 جم بدري وهنية,1,6253503979234
15188,ينسون حب بدري وهنية 100 جرام,1,6253503970590
15217,كعك ميكسم بالفراولة 260غم اسرائيلي/ MiXiM,2,8699889400272 | 8699889400289
15227,هال مطحون 30 جم بدري وهنية,3,6253503979876 | 6253503975823 | 6253503979760
15237,بهارات أرز بالنكهة الشامية بدري وهنية 100جم,3,6253503974864 | 6253503974833 | 6253503974857
15252,,1,2009684865514
15253,,1,748327
15265,كراوية رويال 20 بكيت - ROYAL,6,6040391212440 | 6040391212396 | 6040391212457 | 6040391212846 | 6040391212372 | 6040391212433
15296,توابل فيجيتا 30 جرام VEGETA - سمك,5,3850104278617 | 3850104278570 | 3850104278563 | 3850104277207 | 3850104214172
15301,,2,8681270410298 | 8681270415156
15304,بهارات خلطة بانية ابو العوف 45 جرام علب,2,6223004763250 | 6223006317376
15305,كاري دجاج و بطاطا  130 جرام - for aisha,2,5060398490048 | 5060398490086
15315,فواكه مجففة الشيخ قاسم - زنجبيل,9,6253503474685 | 6253503471127 | 6253503474715 | 6253503474708 | 6253503471165 | 6253503474692 | 6253503474753 | 6253503472513 | 6253503471110
15319,توابل ابو حميد - ارز اصفر 100 جرام,16,6251972000794 | 6251972000848 | 6251972000817 | 6251972000763 | 6251972000343 | 6251972000855 | 6251972000800 | 6251972000824 | 6251972000879 | 6251972000336 | 6251972000350 | 6251972001043 | 6251972000770 | 6251972000862 | 6251972001036 | 6251972000886
15321,بهار ورود ارز 90 جرام,9,6253335801246 | 6253335803431 | 6253335801093 | 6253335802182 | 6253335801468 | 6253335801079 | 6253335801291 | 6253335801147 | 6253335802120
15322,بقسماط هيلدا ميكسيكان 350 جرام Hilda,3,7290006376336 | 7290006376329 | 7290006376343
15328,بهارات و توابل الفصوال الاربعة 70 جرام -,1,6210432010797
15329,,2,6970724825026 | 6970724825125
15330,توابل بخيت كاري 100 جرام,5,9329304923527 | 3542285146501 | 9865000101024 | 9005088833541 | 9865000220206
17002,كورن فلكس كنتون كرات شوكولاتة 250 جرام,4,8690547188037 | 8690547188044 | 8690547188075 | 8690547188068
17003,كورن فلكس نسكويك نسلة 180 جرام,1,7613037361803
17006,كورن فليكس نستلة شوكو باك 375 جرام -,1,3033710061983
17016,كورن فلكس نسكويك حبيبات 310 جم Nesquik,5,8690632047775 | 8690632248035 | 8690632760421 | 8690632242743 | 8690632039206
17021,,1,8690632708591
17024,,1,8690632760391
17025,كوكو بوبس 375جم_كورن فليكس / Coco,2,5053827183857 | 4003994150245
17033,كورن كلوجز 380 جرام كلاسيك /,2,5059319001128 | 5059319001166
17039,كورن فلكس هوني باللوز 411 جرام -,1,884912014252
17042,كورن فليكس كرات الذرة و القمح بالعسل 300,2,8699958880936 | 8680908054033
17047,كورن نستل جود كرسب 350جم / GOOD,2,7613287087751 | 7613287087560
17049,رقائق فتنس فواكه 450 جرام fitness,1,7613033680700
17061,كورن فلكس جولد  450 جم,2,7613287366757 | 8690632040844
17067,كورن فلكس نسكويك 700 جم مع هدية صحن,2,8690632049069 | 8690632248639
17069,كورن فلكس بورليو 500 جرام PORLEO,2,8682718431462 | 8682718431479
17071,,1,5053827206907
17072,كورن فلكس لينو 250 جرام Lino RICE,2,6224008245834 | 6224008245599
17073,كورن فلكس كرانشيز 375 جرام Crunchiz,2,8682392710716 | 8682392710730
17075,كورن فلكس يوست 368 جم POST- فرولة,2,884912112217 | 884912014245
17079,رقائق فتنس 375 جرام fitness - تفاح و قرفة,2,6221007041030 | 6221007041009
17080,رقائق فتنس باكو × 12 قطعة fitness - تفاح و,2,6221007041016 | 6221007041047
17082,كورن فلكس 250 جرام  / OZMO,5,8682911965610 | 8682911965351 | 8682911965948 | 8691707190556 | 8691707190488
17086,,4,8684779489628 | 8684779489680 | 8684779489673 | 8684779489710
17089,,1,6224007795712
17094,,1,8690504271840
17095,,1,8690632760278
17097,,2,5287001676792 | 5287001676808
18001,عجوة ابو حميد 1 كيلو,1,6020404201227
18007,عجوة تبوك 1 كيلو,1,4447455625550
18010,,1,4516875996332
18011,عجوة بلبل 1 كيلو,1,2005987997006
18012,,1,1598863674555
18014,,1,2005992531394
18027,تمر مجهول طبيعي البلعاوي 1 كيلو,1,6254242410002
18032,تمر دجلة البلعاوي 1 كيلو,1,6254299591167
18034,تمر مجهول رد سي 5 كيلو كرتونة / أبو حميد,2,6253807550788 | 2021112213216
18049,,1,6253802331818
18307,قطين مجفف شيخ العرب 250 جرام Incirci,1,8697713510500
20012,جبنه باندا مربعات 8 قطع - 120 جرام,1,6223000204290
20015,جبنة بريزدنت دهن بالقشطة 500 جرام,2,3228022060179 | 3228022060186
20017,جبنة بلدية ابو عيطة 400 جرام,2,2001111111171 | 2005995809124
20018,جبنة بلدية السوافيري 800 جرام,1,10015
20022,,1,2009873137736
20023,,2,2009715902010 | 2001802202614
20025,,1,5760466738095
20035,,1,7290006920270
20042,جبنة دهن ديري 140 جرام,1,6223000202081
20043,جبنة دهن ديري 240 جرام,1,6223000202098
20044,جبنة دهن ديري 500 جرام Dairy,1,6223000203873
20047,,1,6223007791373
20052,جبنة شرائح ايمك نصف صلبة 28% 200 جرام,2,7290004122270 | 7290004122195
20053,جبنة شرائح بوك شيدر 170 جرام 10 قطع,2,5711953019579 | 5711953019593
20054,جبنة شرائح صني برجر 150 جرام 8 قطع,2,9000133235660 | 9000133235684
20055,جبنة شرائح طعمة شيدر 200 جرام,3,6223003777418 | 6223003777401 | 6224000036706
20056,جبنة شرائح كازارو 150 جرام Casaro,2,5902670051106 | 5902670051205
20059,جبنة شرائح هابي امينتال 150 جرام,3,8718700495539 | 8718700495522 | 8718700495515
20060,جبنة شارئح ابيض يوناني فيتا بيضاء 140 جرام,7,5202390021824 | 5202390021831 | 5202390019494 | 5202390019395 | 5202390019470 | 5202390019456 | 5202390018251
20061,جبنة شرائح يوناني برجر 500 جرام - 42 قطعة,3,5202390010798 | 5202390010774 | 5202390011283
20062,جبنة شرائح يوناني فيتا بيضاء 500 جرام,2,5202390021145 | 5202390021220
20063,جبنة شيدر باندا 1500 جرام,1,6223000203422
20064,جبنة شيدر باندا 400 جرام,2,6223000200681 | 6223000200247
20069,جبنة شيدر ديري 1500 جرام Dairy,1,6223000201435
20070,جبنة شيدر ديري 400 جرام Dairy,1,6223000201428
20071,جبنة شيدر ضيافة 1500 جرام,1,6224000490560
20077,جبنة هولندية صفراء كيه 500 جرام k,1,7290006920287
20078,جبنة طعمة فيتا نباتي 1 كيلو - سطل,4,6224007244470 | 6223003774622 | 6223003774608 | 6224007244463
20079,جبنة فيتا اصيلة بالقشطة 250 جرام,1,6224007642764
20086,جبنة فيتا سادة باندا 250 جرام,4,6223000200049 | 6223000202067 | 6223000202074 | 6223000200285
20087,جبنة فيتا  سادة باندا 500 جرام,4,6223000200001 | 6223000202036 | 6223000200421 | 6223000202043
20088,جبنة فيتا بريجو لايت 250 جرام Prego,8,6224000865160 | 6224000865139 | 6224008203384 | 6224008203780 | 6224000865917 | 6224000865467 | 6224000865900 | 6224008203278
20090,,1,6222014316166
20091,,1,6222014316173
20092,جبنة فيتا جبنالكو 250 جرام,6,6224007500378 | 6224007500392 | 6224007500385 | 6224011349017 | 6224011349031 | 6224011349048
20094,جبنة فيتا جبنتي بالقشطة 250 جرام Gebnety,7,6223000752098 | 6223000758595 | 6223000756164 | 6223000755891 | 6223000756195 | 6223000758953 | 6223000208601
20095,عرض جبنة فيتا جبنتي بالقشطة 500 جرام,5,6223000752104 | 6223000755907 | 6223000756188 | 6223000756157 | 6223000758946
20096,جبنة فيتا جرين لاند 125 جرام,1,6224007642092
20097,جبنة فيتا جرين لاند قشطة 250 جرام,6,6221011001945 | 6221011001983 | 6221011001921 | 6221011529487 | 6223004771569 | 6223004773495
20098,جبنة فيتا جرين لاند قشطة 500 جرام,6,6221011001952 | 6221011843613 | 6221011001938 | 6221011000689 | 6223004773488 | 6223004771576
20102,جبنة فيتا دومتي لايت 60% 250 جرام Domty,9,6223000755945 | 6223000756645 | 6223000755167 | 6223000759837 | 6223000758915 | 6223000758939 | 6223000754832 | 6223000758083 | 6223000754894
20103,جبنة فيتا دومتي 500 جرام Domty,2,6223000755150 | 6223000755938
20104,جبنة فيتا ديري 250 جرام Dairy,1,6223000204696
20106,جبنة فيتا كومبي 500 جرام Combi,1,4008960203611
20107,,1,2021032414533
20113,جبنة فيتا عبور لاند 250 جرام -بالزيتون,9,6223006521155 | 6223006520547 | 6224000147815 | 6223006521742 | 6223006521124 | 6223006520998 | 6224000147150 | 6224000147143 | 6223006520530
20119,جبنة كرفت دهن 440 جرام,1,6084012090284
20128,جبنة كيري 12 قطع 200 جرام Kiri,1,3073781028355
20129,جبنة كيري 6 قطع / Kiri,3,3073781014082 | 3073781028331 | 3073781190946
20130,جبنة كيري 8 قطعه / Kiri,1,3073781028348
20136,جبنة لافاشكري دهن بالقشطة 200 جرام,2,3073781069815 | 3073781069846
20140,جبنة مثلثات ابو الولد 8 قطعه,1,3073781085907
20148,جبنة مثلثات ديري 8 قطع Dairy,2,6223000200100 | 6223000204917
20150,جبنة مثلثات لافاشكري 8 قطع,3,3073781085716 | 3073786155186 | 3073781205114
20155,جبنة مقاشي سادة 100 جرام,3,7290012159886 | 7290012159909 | 7290012159893
20158,جبنة موزاريلا جرين لاند 200 جرام,1,6221011001600
20161,جبنة موزاريلا يوناني 1 كيلو Viotros,4,5202390019272 | 5202390019258 | 5202390019234 | 5202390019241
20162,,1,5901234123457
20164,جبنة يوناني توست 400 جرام علبة حمراء,2,5202390007507 | 5202390007521
20165,جبنة يوناني ايدام 200 جرام Adamino,1,5202390019487
20166,جبنة يوناني بيضاء 300 جرام,1,5202390021152
20167,جبنة يوناني كشكوان 1 كيلو Viotros,1,5202390006036
20170,,2,5283007113095 | 6224008629115
20171,جبنة فيتاليتا اسطنبولي احمر 250جم,2,6224007684054 | 6224007684030
20172,جبنة فلمنك فريكو - 1900 جرام  كرورة - ايدام,1,8719033702622
20174,جبنة لاشولاند 250 جم / فيتا,4,6225000249707 | 6225000249714 | 6225000249790 | 9614000443012
20181,جبنة فيتا بريجو 500جرام Prego أخضر,3,6224000865009 | 6224008203575 | 6224000865030
20184,جبنة فيتا المصريين 250 جرام ازرق,2,6224007772973 | 6224007772966
20196,,1,2599790445125
20198,جبنة شرائح توستي  كازارو 180 جم,2,5902670051984 | 5902670051977
20205,,1,3073781052633
20206,,1,3073781147087
20207,جبنة لافاشكري دهن سبريد بالشيدر 350 جرام,2,3073781069853 | 3073781069822
20214,جبنة فيتا تشيزا 500 جرام / Cheesa,3,6224008267119 | 6224007975367 | 6224007975398
20215,جبنة فيتا تشيزا 250جرام / Cheesa للساندويتش,4,6224008267102 | 6224007975350 | 6224008267072 | 6224007975381
20216,جبنة فيتا تشيزا 250جرام / Cheesa فيتا,4,6224007975343 | 6224008267096 | 6224008267065 | 6224007975374
20227,لبنة بالزيت 450 جرام - SALUTI,2,6224010311244 | 6224010311251
20229,جبنة فيتا قطع شامي بالزيتون,2,6224009590759 | 6224009590803
20230,جبنة بورتو 250 جرام / PORTO,1,6224007684313
20231,جبنة علب تشيزة,3,6224008267829 | 6224008267812 | 6224008267836
20260,جبنة قشقوان ايكر 200 جم / eker,2,8691316523219 | 8691316522991
20261,جبنة صفراء ايكر 600 جم قشقوان/ eker,2,8691316522601 | 8691316522977
20262,بودنيج كريم كراميل ايكر 150 جم (مشكل) /,5,8691316522144 | 8691316521932 | 8691316521680 | 8691316522052 | 8691316522014
20275,جبنة فيتا بينار بلغاري 400 جم تقليدية  / PINAR,3,8690565003480 | 8691316520348 | 8690565004814
20280,جبنة قشقوان ايكر  2 كيلو EKER,1,8691316520751
20284,جبنة فوليف يوناني اورجينال شرائح 140جم,1,5202390016981
20286,جبنة فوليف يوناني ابيض 200 جم,1,5202390020407
20288,,1,2021032412379
20296,جبنة فيتا الزهار 250 جرام ELZAHAR,2,6224009414123 | 6224007919033
20303,جبنة موزريلا تيك سوت 200 جرام - TEK,1,8690158120228
20334,,1,7254902541007
20338,جبنة مثلثات ميلكا تشيزا,1,6227200018108
20342,,1,3073781014068
20353,,1,6224010335059
20356,,1,3073781054941
20357,جبنة بيضاء براميلي 400 جرام,1,1192199495367
20361,لبن فواكه مولر 120 جم  اناناس,1,7290102396979
20365,كجبنة مطبوخة اور تشيز 180 جم- كريمي,4,4823039007286 | 4823039007262 | 4823039007347 | 4823039007361
20366,جبنة مطبوخة اور تشيز 70 جم-جودا,4,4823039006050 | 4823039006012 | 4823039007323 | 4823039006036
20367,جبنة القرية قزحة  250 جم,2,8681689320560 | 8681689320515
20376,جبنة رودس 500 جم Rhodes جبنة اسطنبولي,9,6224009210060 | 6224009210329 | 6224009210039 | 6224009210091 | 6224009210824 | 6224009210541 | 6224009210503 | 6224009210367 | 6224009210138
20385,جبنة فيتا رودس 250 جرام Rhodes بالشطة,3,6224009210497 | 6224009210817 | 6224009210107
20386,جبنة فيتا رودس 100 جرام Rhodes بالشيدر,3,6224009210732 | 6224009210398 | 6224009210404
20394,,1,6253503529460
20396,جبنة الزهار 1500 جرام EL ZAHAR جبن,4,6224000153212 | 6224000153281 | 6224007919743 | 6224007919736
20397,جبنة الزهار جودة 450 جرام EL ZAHAR,2,6224000153984 | 6224000153991
20403,جبنة فيتا نور الحياة 250 جرام بطعم القشطة,2,6225000316850 | 6225000316836
20408,جبنة أوزقازي غنمي - 400 جرام Iezzet,2,4260043290080 | 4260043290097
20424,,1,2002010202519
20431,,2,5904716013239 | 5904716013178
20433,جبنة فيتا رودس 250 جرام Rhodes  - فلمنك,5,6224009210978 | 6224009210534 | 6224009210688 | 6224009210084 | 6224009210053
20447,جبنة الولد السعيد 8 قطع,1,6223001080015
20454,جبنه فيتا عبور لاند 250 جرام جبنه قديمه,1,6223006520554
20457,قشطه الخيرات 115 جرام,1,6291105412261
20463,,2,6224008709305 | 6224008709442
20466,جبنة مثلثات الاسكندرية 8 قطع,1,6220030710111
20467,جبنة بوك بيضاء 200 جرام  - يالفلفل الحار,3,5711953136566 | 5711953031144 | 5711953136542
20468,,4,5213000355116 | 5213000355147 | 5213000355130 | 5213000355123
20473,جبنة موزاريلا بوك 2.3 كيلو,1,5711953188473
20474,,1,1597758791
20477,جبنة دومتي فيتا 450 جرام,3,6223000752937 | 6223000752890 | 6223000752975
20488,,1,3073781212259
20489,,1,6223006520882
20491,شرائح كازاروا برجر150 جرام,1,5902670052011
20497,,1,6223003699482
20500,,1,6224001167966
20501,جبنة افانتي شرائج بالكمون 150 جرام,4,6224000065973 | 6224008606543 | 6224008606482 | 6224000065959
20502,جبنة كشكفال غنم مدور 200 جرام HAJDU,2,5998207933908 | 5998067317504
20507,,2,6223007527439 | 6223007527477
20510,,3,5998067319713 | 5998207942672 | 5998207942689
20511,جبنة افانتي اردينا اسطنبولي علب 450 جرام,2,6224008606703 | 6224002906250
20513,جبنة دهن ابو الولد بالفلفل الحار 300 جرام,2,3073781220636 | 3073781220612
20517,جبنة فيتا دومتي 250 جرام دومتي - بلس,1,6223000758878
20518,,1,6224000065850
20523,,1,6251079001830
20529,جبنة ريف لاند 1.800 جرام Reef Land,2,6224010851412 | 6224010851085
20542,,2,4002468205450 | 4002468205474
20545,جبنة عرب لاند رومي 420 جرام,4,769503877914 | 769503877921 | 745178356466 | 745178356459
20566,,4,6224009210480 | 6224009210015 | 6224009210046 | 6224009210893
23001,مكسرات اكتف 30 جرام,2,4820075509439 | 4820075509453
23006,,1,9999999998010
23014,,1,2005997418508
23020,بزر عين شمس بايمان 100جرام شطة,1,8695876205721
23024,,1,8697420100223
23032,زنجبيل مطحون بدري وهنية 100 جرام,1,6253503972297
23058,,1,7290002845522
23088,,1,9725990903117
23091,مكسرات قضامة 90 جرام - PEY MAN,3,8695876200283 | 8695876050307 | 8695876040308
23096,مكسرات فستق حار 80 جرام -  PAY MAN,5,8695876201143 | 8695876200818 | 8695876200559 | 8695876205745 | 8695876205776
23121,,1,8697420108250
23129,,3,6253503475828 | 6253503475866 | 6253503475859
24011,شوكولاتة توركو بالبندق 390 جم,2,8690120055244 | 8690120055015
24014,,2,8698563050895 | 8698563019045
24019,,1,8445291515260
24020,شوكولاتة هدايا ميرسي 400 جرام Merci,1,4014400900217
24021,شوكولاتة ميلودي هدايا 320 جم سبسيال مشكل,3,8698563030590 | 8698563044313 | 8697401461817
24023,شوكولاتة ميلودي هدايا 250 جم برلين مشكل,4,8697401468717 | 8697401463804 | 8697401463750 | 8697401468700
24025,نوجا امبيري فراولة 660 جرام Embare,9,7896259417354 | 7896259417316 | 7896259417330 | 7896259417293 | 7896259417309 | 7896259417347 | 7896259417194 | 7896259417361 | 7896259420828
24026,,1,7896259417385
24027,,1,4014400931297
24031,شوكلاتة برلاين هدايا 365 جرام اخضر,3,8698701025136 | 8698701025129 | 8698701025112
24033,بسكويت سناكس شومر بالبندق,7,2559770000027 | 2559770000003 | 2559770000072 | 2009255495102 | 2559770000041 | 2559770000034 | 2009255495119
24041,حصالة حديد فخمة,4,6970019390291 | 6970019392103 | 6970019392202 | 6970019392004
24046,شوكولاتة فيريرو روشيه ويس 90 جرام,3,8000500359884 | 8000500359488 | 8000500359556
24054,,1,6221134031218
24056,بسكويت ويفر يس - wafer yes,2,2000000027470 | 2000000027463
24064,,2,6221134031188 | 6221134031263
24071,بسكويت ويفر ديفانيا - deyina,8,8697412676255 | 8697412676262 | 8697412676231 | 8697412676248 | 8697412672615 | 8697416467880 | 8961003614019 | 8682718431332
24072,,8,8697412676293 | 8697412676286 | 8697412676217 | 8697412676279 | 8697412672622 | 8961003514005 | 8697416411784 | 8682718441331
24076,,2,8682588712135 | 8682588712142
24085,,4,7891962075792 | 7891962071176 | 7891962071688 | 7891962071732
24088,,7,8003535006556 | 8003535069414 | 8003535026493 | 8003535005610 | 8003535078218 | 8003535005924 | 8003535026615
24089,,1,8003535090050
24090,,1,8410679106620
24100,,3,8681863047177 | 8681863047146 | 8681863047436
24103,,1,7891962058405
24110,,1,2002912202518
24111,تشيز كيك - ابو حميد,1,20122546
24112,,2,20122522 | 20122515
24118,اسكار هدايا 220 جرام LEGRAND,1,4820075506339
24120,شوكولاتة هدايا بوكس 140 جرام - VERY,1,4820240034421
24125,,2,7622202013584 | 7622202032967
24126,,1,7622210588470
24134,,2,8901071702249 | 8901071702232
24139,شوكولاتة مووو حليب 22 جرام Muuu,1,4823105815968
24140,شوكولاتة مووو حليب 22 جرام - باكو × 16,1,4823105816408
24152,,1,8003340097619
24160,,2,4823077624247 | 4823077624223
24171,,2,5900189010140 | 5900189010133
24174,,1,5901177157229
24464,كيك كاهن 560 جرام - Kahans بطعم الفانيلا,1,7290002654667
26008,اصابع  نوتيلا محشو بالبندق 132 جم,1,8000500227848
26009,اصابع ويفر اولا 160جم,2,5907042012396 | 5907042012402
26011,امادا شوكولاف رول 15 جرام - باكو /24,1,8691707192024
26012,امادا شوكولاف رول 15 جرام  Chocolave,1,8691707092027
26016,بسكو تايم محشو تمر 10 جرام -- باكو * 12,1,6224008592778
26017,بسكو تايم محشو تمر 10 جرام * 2 قطعة ETC,1,6224008592372
26020,بسكوت الديفا برتقال 56 جرام - باكو × 24,1,8681270451963
26021,بسكوت الديفا برتقال 56 جرام Alvien,1,8681270441964
26022,بسكوت الديفا رول 72 جرام - باكو × 24 Fig,2,8681270491358 | 8681270491341
26023,بسكوت الديفا فيج رول 72 جرام Fig Rolls,2,8681270481359 | 8681270481342
26026,بسكوت العودة كيوبس شوكولاتة 280 جرام,2,6254000285859 | 6253350002000
26027,بسكوت الفين 90 جرام - باكو × 24 Alvien,1,28681270417192
26028,بسكوت الفين 90 جرام Alvien,1,8681270417198
26029,بسكوت اليجانسي بفلة 60 جرام - باكو × 24,2,8681270473149 | 8681270473132
26030,بسكوت اليجانسي بفلة شوكولاتة 60 جرام,2,8681270463140 | 8681270463133
26031,بسكوت امادا 20 جرام بالحليب - باكو * 24,2,8691707162485 | 8691707162478
26032,بسكوت امادا 25 جرام - باكو × 24 Amada,1,8691707196237
26033,بسكوت امادا بريك بالحليب 20 جرام Amada,2,8691707062488 | 8691707062471
26037,بسكويت اهلاوي 32 جرام,2,6223000418550 | 6223000419373
26038,بسكوت اهلاوي 32 جرام - باكو × 12,1,6223000416006
26039,بسكوت اوريو حليب 246 جرام - باكو × 6 قطع,2,7622300491161 | 7622300491215
26040,بسكوت اوريو 38 جرام - باكو × 16 Oreo,2,7622210642295 | 7622210643162
26041,بسكوت زبدة جود دي - GOOD DAY -,1,6291007908480
26042,بسكوت اوريو ديري ميلك 34 جرام,1,7622210628329
26043,بسكوت اوريو ديري ميلك 34 جرام - باكو × 20,1,7622210628336
26044,,1,7622210695802
26045,بسكويت اوريو ميني 20.4 جرام - كاسة Oreo,2,7622210541994 | 7622300761349
26046,بسكوت اولكر بالتمر 48 جرام - باكو × 12,1,6223003804947
26047,بسكوت اولكر بالتمر 48 جرام Ulker,1,6223003803940
26050,بسكوت بالحلقوم وادي 20 قطعة,1,28813163
26053,بسكوت بريتلي 30 جرام - باكو × 24 Brittle,1,8691066572024
26054,بسكوت بريتلي 30 جرام Brittle,1,8691066572031
26055,بسكوت بريك تايم 16 جرام - باكو × 24 Time,1,6291003088209
26056,بسكوت بريك تايم 16 جرام Time,1,6291003088193
26058,بسكوت بفلة الما ليمون 200 جرام,2,7290001419892 | 7290019428190
26059,بسكوت بفلة علما خشن 200 جرام,1,7290011249212
26060,بسكوت بفلة علام ليمون 180 جرام,2,2009255496161 | 2009255496178
26062,بسكوت بفلة مارلين بالليمون 115 جرام Marilan,1,7896003703399
26065,بسكوت بورليو 51 جرام - باكو × 24 Porleo,1,8681270493093
26066,بسكوت بورليو 51 جرام Porleo,2,8681270483094 | 8681270483469
26068,بسكوت بوكر لاجو 150 جرام - poker,2,8004800003799 | 8004800002877
26071,بسكوت بوي كاكاو دارك 45 جرام - باكو × 12,3,3800065783057 | 3800065783408 | 3800065783071
26072,بسكوت بوي كاكاو دارك 45 جرام Poy,3,3800065783040 | 3800065783064 | 3800065783392
26075,,1,869120060286
26077,بسكوت بيسرول 100 جرام Bissroll,2,8681270447706 | 8681270447690
26081,بسكوت تودي بندق 40 جرام - باكو × 24,4,8693029607019 | 8693029607040 | 8695504165090 | 8695504165557
26082,بسكوت تودي بندق 40 جرام Today,4,8693029607064 | 8693029607095 | 8695504165526 | 8695504165083
26085,بسكوت توركو بفلة جوفرت توت 142 جرام,6,8690120112497 | 8690120112473 | 8690120060163 | 8690120060156 | 8690120060132 | 8690120060149
26086,بسكوت توركو بفلة كوفريت بندق 40 جرام,6,8690120042787 | 8690120060118 | 8690120060125 | 8690120060231 | 8690120019970 | 8690120077567
26087,بسكوت توركو بفلة كوفريت بندق 40 جرام - باكو,6,8690120509815 | 8690120160122 | 8690120160115 | 8690120160238 | 8690120512778 | 8690120160214
26088,بسكوت توركو تام دايجستف 131جرام Torku,1,8690120092997
26093,بسكوت توركو فافوريمو 61 جرام - باكو × 24,3,8690120534336 | 8690120509990 | 8690120509976
26094,بسكوت توركو فافوريمو شوكولاتة 61 جرام,4,8690120509792 | 8690120093093 | 8690120508528 | 8690120508535
26096,بسكوت توركو كاكاو 70 جرام Cacao,1,8690120111711
26099,بسكوت توركو نمبر ون احمر 35 جرام - باكو ×,1,8690120160177
26100,بسكوت توركو نمبر ون احمر 35 جرام NO:1,9,8690120060170 | 8690120060187 | 8690120132648 | 8690120131979 | 8690120152806 | 8690120134222 | 8690120132662 | 8690120164557 | 8690120062358
26101,بسكوت نمبر ون دارك 35 جرام - باكو × 24,1,8690120519234
26103,بسكوت توركو نمبر ون سمر 35 جرام - باكو ×,1,8690120531731
26104,بسكوت توركو نمبر ون سمر 35 جرام NO:1,1,8690120085739
26105,بسكوت توركو ون داها 38 جرام - باكو × 24,1,8690120160405
26106,بسكوت توركو ون داها 38 جرام 1Daha,0,
26112,بسكوت جوفريت ميني 16 جرام - باكو × 24,2,2008284001254 | 2008284001278
26113,بسكوت جوفريت ميني 16 جرام Gofret Mini,0,
26114,بسكوت جولد بيلا 60 جرام - باكو × 24 Gold,6,8682054113503 | 8682054113473 | 8682054113350 | 8682054113442 | 8682054113381 | 8682054113411
26115,بسكوت جولد بيلا 60 جرام Gold Bella,4,8682054113466 | 8682054113374 | 8682054113343 | 8681425120034
26120,بسكوت دلما ويفر 30 جرام - باكو × 24,2,2008284001103 | 2008284001148
26121,بسكوت دلما ويفر 30 جرام Dalma,3,2008284001101 | 2008284001102 | 2008284001100
26125,بسكوت ديبليكس 56 جرام - باكو * 24  Duplex,1,8681270490221
26126,بسكوت ديبليكس 56 جرام Duplex,1,8681270480222
26128,بسكوت ديليت دبل شوكو 34 جرام Delight,1,7622210549440
26129,بسكوت ديليسو بفلة شوكولاتة 40 جرام - باكو ×,4,8697439301130 | 8697439302441 | 8697439301161 | 8697439301550
26130,بسكوت ديليسو بفلة فراولة 40 جرام Delisso,4,8697439302434 | 8697439301543 | 8697439301154 | 8697439301123
26135,,2,2000000017013 | 2002801191114
26136,,2,8993083931830 | 8993083931847
26137,بسكوت رول بورليو 10 قطع 50 جرام - باكو ×,1,8681270491310
26139,بسكوت رول ديكا موز 125 جرام Deka,2,8995077609145 | 8995077609169
26140,,1,2005998585582
26142,بسكوت رول هابي سوينك جوز هند 150 جرام,4,5908234805659 | 5908234805635 | 5908234805642 | 5908234805666
26143,بسكوت رولز رويس بندق 120 جرام Roll,2,6253014742051 | 6253014742044
26146,بسكوت ريتو ميلكا 125 جرام,2,5908234807486 | 5908234807493
26147,بسكوت زيكو سويت بلس 80 جرام - باكو × 24,1,3800065781169
26148,بسكوت زيكو سويت بلس 80 جرام Zyqo,2,3800065781145 | 3800065783873
26151,,1,7622210169051
26154,بسكوت سولار 40 جرام Soular,1,8604257878881
26159,بسكوت شوفان انيرجي بار بذور العسل 40 جرام,5,5900749634946 | 5900749624961 | 5900749618984 | 5900749618922 | 5900749618939
26160,,3,5900749625968 | 5900749617987 | 5900749635943
26166,بسكوت شوكو بيسك 13 جرام Biscorila,1,6223000419052
26167,بسكوت شوكو لفيرس 42 جرام - باكو × 12,2,6222001114928 | 6222001114942
26168,بسكوت شوكو لفيرس 42 جرام Cocoa Lovers,2,6222001114935 | 6222001114959
26171,بسكوت عدين توت 200 جرام,3,7290004252106 | 7290004252076 | 7290004252069
26173,بسكوت علي بابا احمر 20 جرام,1,6253014710012
26174,بسكوت علي بابا احمر 20 جرام - باكو × 30,1,6253014712320
26175,بسكوت علي بابا ميني 40 قطعة - كيس,1,6253014712337
26178,بسكوت فتنس نيوتري فيت تيميز بندق 35 جرام,5,6221012033044 | 6221012033051 | 6221012033068 | 6221012020624 | 6221012020617
26179,بسكوت فتنس نيوتري فيت بندق 35 جرام - باكو,5,6221012933047 | 6221012933054 | 6221012933061 | 6221012120614 | 6221012120621
26181,,0,
26182,بسكوت فيوريلا 20 جرام - باكو × 24 Fiorella,1,8695504161313
26183,بسكوت فيوريلا 20 جرام Fiorella,1,8695504161306
26184,بسكوت كات كات 26 جرام - باكو × 12 Kat,1,6223003801892
26185,بسكوت كات كات 26 جرام Kat Kat,3,6223003800895 | 8690504068990 | 8690504069560
26187,,2,6223003809881 | 8690504962557
26193,,1,6253809980712
26196,بسكوت كرسبي جوز هند 30 جرام - باكو × 24,2,8033102691243 | 8033102691472
26197,بسكوت كرسبي جوز هند 30 جرام Grisbi,2,8033102691212 | 8033102691465
26200,بسكوت كروك رول 15 جرام - باكو × 30,3,7896306619540 | 7896306614880 | 7896306618284
26201,بسكوت كروك رول شوكولاتة 15 جرام Crock,3,7896306614859 | 7896306619533 | 7896306618277
26202,بسكوت كورنيت ديبو بوظة 25 جرام Cornet,1,8682134080046
26203,بسكوت كورنيت ديبو بوظة 25 جرام - باكو ×,1,8682134080053
26205,بسكوت كوفي جوي 45 جرام Coffee Joy,1,8996001301715
26206,بسكوت كوكو بوبس 21 جرام Coco Pops,1,5053827172141
26207,بسكوت كوكو بوبس 4 قطع 42 جرام Coco,2,5053827172219 | 5053827172059
26208,بسكوت كوكو بوبس 4 قطع 42 جرام باكو × 12,2,5053827172158 | 5053827172066
26211,بسكوت كوكيز شنكوز ازرق 40 جرام,2,6291003011849 | 6291003011856
26212,بسكوت كوكيز شنكوز بني 43 جرام  - باكو ×,2,6291003011887 | 6291003011870
26213,بسكوت كوكيز فانيلا 4 قطع 25 جرام - باكو ×,1,6222001190816
26214,بسكوت كوكيز فانيلا 4 قطع 25 جرام Cookies,1,6222001190823
26215,,1,6291003017865
26221,بسكوت كيك جود مارشملو 56 جرام,1,8681270412117
26222,بسكوت كيك جود مارشملو 56 جرام - باكو ×,1,8681270422116
26225,بسكوت لاتي دارك 30 جرام - باكو × 24,2,8690481113201 | 8690481122814
26226,بسكوت لاتي كاكاو 30 جرام Latey,2,8690481022817 | 8690481013204
26228,بسكوت لوكر فانيلا 75 جرام Loacker,3,8000380005574 | 8000380005567 | 8000380005512
26229,بسكوت لوكر تورتينا اورجينال 21 جرام,3,80001027 | 80001799 | 80820970
26230,بسكوت لوكر تورتينا كريما 21 جرام - باكو × 24,1,8000380154777
26231,بسكوت لوكر جاردينا بندق 38 جرام - باكو × 25,3,8000380101283 | 8000380141937 | 8000380143535
26232,بسكوت لوكر جاردينا شوكولاتة 38 جرام,4,80001461 | 80001287 | 80001485 | 80001911
26233,بسكوت لوكر قطع فانيلا 110 جرام Loacker,5,8000380140541 | 8000380005963 | 8000380005918 | 8000380180783 | 8000380005949
26234,بسكوت لوكر قطع شوكولاتة 250 جرام,5,8000380004966 | 8000380180745 | 8000380004911 | 8000380004881 | 8000380004942
26237,بسكوت ليل 50 جرام leil,1,8690526075556
26238,بسكوت ليما 16 جرام - باكو  × 24 Lima,3,2008284001216 | 2008284001230 | 6251577248041
26239,بسكوت ليما 16 جرام Lima,4,2008284001193 | 2008284001186 | 2008284001483 | 2008284001490
26240,بسكويت مارشميلو 50 جرام-- باكو×24 Alsahl,1,8690481142102
26241,بسكويت مارشميلو بجوز الهند 50 جرام Alsahl,1,8690481042105
26242,بسكوت مارشملو توينز 30 جرام - باكو × 24,1,6251045405945
26243,بسكوت مارشملو توينز 30 جرام Twins,1,6251045405938
26244,بسكويت مارشميلو لورد 57 جرام -- باكو× 24,3,8690481111610 | 8690481111627 | 8690481111603
26245,بسكويت مارشميلو نكهة الموز لورد 57 جرام,1,8690481011620
26248,,1,8690766009205
26249,بسكوت مانيلا اكس تو 25 جرام - باكو × 24,2,18681038212505 | 18681038210037
26250,بسكوت مانيلا اكس تو 25 جرام Manela X2,2,8681038212508 | 8681038210030
26251,بسكوت مانيلا بندق 60 جرام  - باكو × 24 XXL,2,18681038210518 | 18681038210525
26252,بسكوت مانيلا جوز هند 60 جرام  Manela,2,8681038210528 | 8681038210511
26254,بسكوت مستر بايت 40 جرام - باكو × 24,5,8697439302298 | 8697439303585 | 8697439303554 | 8697439305046 | 8697439305312
26255,بسكوت مستر بايت 40 جرام MR.Bite,4,8697439303578 | 8697439303547 | 8697439305305 | 8697439305039
26258,,1,7622210695819
26259,بسكوت نسكويك نسلة اصفر 26.7 جرام,1,8690632049168
26260,بسكوت نسكويك نسلة اصفر 26.7 جرام - باكو,1,8690632049144
26261,بسكوت نسلة شوكولاتة 27 جرام Nestle,1,8690632056753
26262,بسكوت هابي بريك 18 جرام - باكو × 24,1,6291003081941
26263,بسكوت هابي بريك 18 جرام Happy,1,6291003081934
26265,بسكويت هابي ديز بندق 200 جرام Happy,3,5908234804744 | 5908234804737 | 5908234801262
26266,بسكوت هاي هاي ساندويش 24 جرام hay hay,1,8691066112336
26267,بسكوت هاي هاي ساندويش 24 جرام - باكو* 24,1,8691066112312
26268,بسكوت وافو كاكاو 60 جرام - باكو × 24,2,8681270455794 | 8681270455787
26269,بسكوت وافو بندق 60 جرام Waffo,2,8681270417822 | 8681270417839
26270,بسكوت وافو الديفا ليمون 200 جرام Waffo,4,8681270480796 | 8681270484343 | 8681270480789 | 8681270484350
26276,بسكوت ويفر 40 جرام فراولة wafer X2,1,8691720041538
26277,بسكوت ويفر العودة شوكولاتة 160 جرام,5,6253350000723 | 6253350000945 | 6254000285583 | 6254000285590 | 6254000285606
26278,بسكوت ويفر العودة فاملي 320 جرام,3,6254000285965 | 6254000285552 | 6254000285958
26279,بسكوت ويفر رول الديفا جوز هند 35 جرام,4,8681270443548 | 8681270419352 | 8682718414243 | 8682718414267
26280,بسكوت ويفر رول شوكولات  30 جرام - باكو ×,3,8682718424242 | 8681270453547 | 8682718424266
26281,بسكوت ويفر رول جولد بريك دارك 400 جرام,4,5200133120254 | 5200133120247 | 5200133120377 | 5200133120223
26283,بسكوت ويفر شوكوفريتا 38 جرام - باكو *20,3,5012501981042 | 5201127981028 | 5012501981141
26284,بسكوت ويفر شوكوفريتا 38 جرام ION,3,5012501081049 | 5012501081148 | 5201127081025
26286,بسكوت ويفو رول الديفا 18 جرام - باكو × 24,1,8681270423847
26287,بسكوت ويفو رول الديفا 18 جرام Waffo Roll,1,8681270413848
26289,بسكويت اوسم بالليمون 200جم,2,7290111560910 | 7290111565960
26293,,1,7891962042275
26295,بسكويت بالكرميل نكهة الشوكولاتة 72 جرام,2,661625331728 | 661625331735
26296,بسكويت بريتل 17 جرام - باكو * 24  Brittle,1,8691066571126
26297,بسكويت بريتل 17 جرام  Brittle,1,8691066571133
26298,بسكويت بسكولاتا شوكولا 50 جرام -باكو *12,2,8691707196190 | 8691707196138
26299,بسكويت بسكولاتا شوكولاتة 50 جرام,2,8691707096193 | 8691707096131
26302,بسكويت بفلة اوليو ليمون 140 جرام Oleyo,6,8682054112209 | 8682054113978 | 8682054112179 | 8682054114005 | 8682054112148 | 8682054113947
26305,بسكويت بوكر 15 جم بالبندق,2,80957232 | 80859857
26306,بسكويت بوكر 15 جم بالبندق كرتونة / 32,2,8004800003317 | 8004800003300
26307,بسكويت بوكر 45 جم بالبندق,5,8004800023018 | 8004800023049 | 8004800023001 | 8004800023032 | 8004800023025
26308,بسكويت بوكر 45 جم باكو  × 20 بالبندق,5,8004800003218 | 8004800003201 | 8004800003249 | 8004800003225 | 8004800003232
26310,بسكويت تام 83 جرام Torku,1,8690120059105
26312,,2,7622201428723 | 7622202224201
26314,بسكويت توركو تام دايجستف 131جرام - باكو ×,1,8690120534220
26330,بسكويت جوبلانا بالبندق 48 جم,2,5900394006518 | 5900394007577
26332,ويفر رول 360 جرام Gofrette TIME,2,8691066170015 | 8691066111612
26333,بسكويت جونيا 10 قطع بسيز,2,2005990974117 | 2005967688009
26336,بسكويت دايجستف جولون 365 جرام,10,8410376026979 | 8410376026962 | 8410376033267 | 8410376023831 | 8410376029079 | 8410376047578 | 8410376024326 | 8410376009408 | 8410376016857 | 8410376010701
26338,بسكويت دلما 30 جرام Dalma,2,2008284001025 | 2008284001032
26339,بسكويت دلما اكستريم بالبندق 30 جم,3,2008284001025 | 2008284001018 | 2008284001032
26343,بسكوت سمايل بالكريمة 190 جرام Smile,3,6194002510385 | 6194002510194 | 6194002510293
26345,بسكويت سيد افندي علبة 24 قطعة,1,6254000285798
26347,سكويت عرجريوت بالبرتقال 300 جرام,3,7290112966049 | 7290008775823 | 7290008775816
26350,بسكويت فايف ستار 68 جرام -- باكو *24,2,8681270476997 | 8681270477000
26351,بسكويت فايف ستار 68 جرام ِAlvien,2,8681270466998 | 8681270467001
26354,بسكويت فيوريلا توداي 30 جرام -- باكو * 24,2,8695504168084 | 8695504167131
26355,بسكويت فيوريلا توداي كريمة البندق 30 جرام,2,8695504168077 | 8695504167124
26361,,1,6281016901725
26362,بسكويت لواكر 17.5 جم,1,80001683
26366,بسكويت لواكر بالبندق 25 جم باكو × 25,4,8000380102181 | 8000380142996 | 8000380102174 | 8000380102167
26367,بسكويت لواكر بالبندق25 جم,3,80001447 | 80001355 | 80001478
26370,,1,8000380141937
26373,بسكويت لوكر جاردينا بندق 200 جرام,2,8000380007257 | 8000380144044
26377,بسكويت محشي شوكولاته 70 جرام - باكو * 24,1,8681270477888
26378,بسكويت محشي شوكولاته 70 جرام MisKids,1,8681270467889
26380,بسكويت موزاييك 60 جرام -- باكو * 24,1,8681270426398
26381,بسكويت موزاييك 60 جرام Alvien,1,8681270416399
26383,بسكويت نستله بشكولاته 27 جرام -باكو*20,1,8690632056791
26390,بسكويت ويفر 20 جرام Slim Gofrette,1,8691066501031
26392,بسكويت ويفر  تريبلاكس 20 جرام -باكو * 24,1,8691707194004
26393,بسكويت ويفر  تريبلاكس 20 جرام  Triplex,1,8691707094007
26394,بسكويت ويفر نفيس كالوري محشو بالشوكولاتة 6,1,2009771290151
26396,بوب كورن توب ماكس بطعم الشطة 40جم,3,6253802731366 | 6253802731380 | 6253802731397
26397,بيض العاب ارنب هابي 2 جرام - مرطبان ×,1,8680945417112
26398,بيض العاب ارنب هابي 2 جرام Happy,1,8680945417105
26402,توفي بور كراميل 450 جرام,1,8680495010047
26403,,1,8717399044646
26405,توفي واويل شوكولاتة وحليب 1 كيلو Tofflairs,2,5900102021352 | 5900102020348
26408,تويلر 107.5 جرام -باكو*5 Twirl,2,7622210629555 | 7622210989246
26409,,2,7622202300585 | 5000201499776
26412,جلي بيبيتو 1 كيلو,4,8690146632917 | 8690146655510 | 8690146134152 | 8693323350451
26413,جيلي يومي جمي بطعم فواكه 1000 جم,12,8698644463507 | 8690120110097 | 8690120109930 | 8690120109695 | 8690120110134 | 8690120058986 | 8690120110059 | 8690120109770 | 8690120110035 | 8690120110325 | 8690120109954 | 8690120110219
26414,جلي توركو ميني كولا 80 جرام Torku,2,8690120112886 | 8690120113258
26415,,7,8436014444592 | 8436014444547 | 8436546518068 | 8436014445506 | 8436014445209 | 8436014444028 | 8436014444042
26416,,3,6975043141840 | 6971486428968 | 8456974111433
26418,جلي ميمكس بون بون 936 جرام BonBon,1,6223004352218
26422,جيلي بينز 120جم,1,6910289044401
26423,جيلي بينز 38 جم,1,8654155254652
26424,جيلي بينز 80 جم,1,10012345678902
26425,جيلي بينز 80 جم طويل,1,6910289044579
26426,جيلي بينز 90جم عكاز,7,6910289447721 | 6928961200069 | 6928961200489 | 6928961226168 | 6928961200397 | 6928961272325 | 6928961200281
26431,,3,4009900513791 | 4009900482967 | 4009900532426
26433,حلقوم وادي المعطر  100جرام,1,92600690
26436,حلو بلجيكي زبدة تريفين اورفينا 1 كيلو,1,5410381003005
26437,حلو تايس بطعم الشوكولاتة 700جم,2,8690997172969 | 8690997173409
26438,حلو جامي مرطبان 100 جم,1,10034
26440,حلو دروبس بريسك اخضر كرتونة /20,1,6251645000311
26441,حلو دروبس بريسك ازرق كرتونة/20,1,6251645000281
26448,,1,96589021
26453,خبز توست محمص كامل الدسم,3,7891962055220 | 7891962055213 | 7891962055244
26454,خبز محمص ايتي 120 جرام Form,2,8690526077031 | 8690526097015
26455,خبز محمص ماكسي ميك طماطم 25 جرام,2,8681248481183 | 8681248481176
26458,دربس اونكس  بطعم الليمون,7,8690997081605 | 8690997074874 | 8690997080370 | 8690997081629 | 8690997074485 | 8690997074478 | 8690997074881
26459,دربس اونكس بالبرتقال كرتونة /24,5,8690997174871 | 8690997180377 | 8690997174888 | 8690997174475 | 8690997174482
26464,دربس بنبون جامي 120 جرام,1,6223000306338
26468,دربس منتوس نعناع 37.5  جرام mentos,5,87108019 | 87345223 | 87108026 | 87311396 | 80866251
26469,دربس منتوس بالنعناع 37.5 جرام كرتونة /20,5,6921211110019 | 8723400786184 | 6921211110156 | 8723400755968 | 8990800003658
26470,دربس منتوس بالفواكه 37.5 جم,0,
26471,دربس منتوس بالفواكه 37.5 جم كرتونة /20,0,
26473,دربس ويزرز اورجينال 150 جم باكو,1,4014400900880
26474,دروبس الماني كرز وليمون 150 جرام,8,4014600202609 | 4014600202623 | 4014600204078 | 4014600203149 | 4014600202593 | 4013197767027 | 4037719680212 | 4013197767119
26477,دروبس ايبون 700 جرام Ibon,1,8693029604353
26478,دروبس بريسك 34 جم ازرق,1,6251645000274
26479,دروبس توركو قهوة 600 جرام Torku,3,8690120108513 | 8690120108537 | 8690120108483
26485,دروبس سكوتش منت 15 جرام - باكو × 12,2,6223000300947 | 6223004960321
26486,دروبس سكوتش منت 20 جرام Scotch,2,6223000300930 | 6223000302491
26488,دروبس سمايل كاندي 25 جرام Smile Candy,1,6906911131434
26489,دروبس كريمر 24 جرام - باكو × 24,1,6291003078811
26490,دروبس كريمر 24 جرام Kraemer,1,6291003078804
26491,نوجا الكراميل 1 كيلو بالالايكا,10,4630015548547 | 4650100922441 | 4630015549742 | 4650100923455 | 4650100923479 | 4650100922465 | 4650100923431 | 4650100922656 | 4650100922427 | 4630015548561
26492,دروبس مي اند يو نعنع 40 جرام - باكو × 24,5,6271028010126 | 6271028010133 | 6271028080846 | 6271028010140 | 6271028080839
26493,دروبس مي اند يو فراولة 40 جرام Me&u,5,6271028010119 | 6271028080822 | 6271028010096 | 6271028010102 | 6271028080815
26494,دروبس ميمكس بون بون تفاح 35 جرام - باكو ×,4,6223004351945 | 6223004352065 | 6223004351976 | 6223004352157
26495,دروبس ميمكس بون بون تفاح 35 جرام,6,6223004351938 | 6223004352058 | 6223004351969 | 8680495010122 | 6223004352140 | 6223004353802
26496,دروبس ميمكس بون بون فواكه 936 جرام,1,6223004352232
26498,دروبس ويزرز اورجينال 50 جرام Werthers,4,40144016 | 4014400916607 | 4014400922615 | 4014400915945
26506,رولو نستيلا 166 جرام - باكو*4 Rolo,1,7613036080118
26508,زنجبيل حلقوم سادة 125 جرام Gingerbon,3,8991002202719 | 8991002301436 | 8991002340305
26513,سمسمية باولا - باكو × 50 Bawla,1,6223000309452
26514,سمسمية باولا - قطعة Bawla,1,6223000302835
26521,شوفان الحياة فانيلا 315 جرام Date & Fate,2,6921249117578 | 6921249296853
26523,شوكلاتة اولكر دارك 60 جرام,4,8690504142973 | 8690504142966 | 8690504142959 | 8690504145073
26527,شوكلاتة جالكسي كرسبي 36 جرام,4,6294001800279 | 6221134004953 | 6294001824176 | 6294001815266
26529,,1,4607065738204
26537,شوكولا جنتي نوكا الكاكاو 35 جرام -- باكو * 12,4,6211044901183 | 6211044901435 | 6211044901589 | 6211044901091
26538,شوكولاته تشيز كيك  3 جرام  Lia,2,8690120119984 | 8690120119960
26541,شوكولاتة احجار دراجيه 13 جرام Faklata,1,8680244921501
26542,شوكولاتة احجار دراجيه 13 جرام - باكو × 24,1,8680244921525
26544,شوكولاتة اديكتو 50 جرام - باكو * 18 Adicto,1,8690526608877
26545,شوكولاتة اديكتو 50 جرام Adicto,1,8690526018874
26550,شوكولاتة ام اند ام 45 جرام - باكو × 24,3,5000159460309 | 5000159460293 | 5000159304238
26551,شوكولاتة ام اند ام ازرق 45 جرام M&Ms,1,5000159304245
26552,شوكولاتة امد اند ام بندق 165 جرام M&MS,4,5000159516297 | 5000159516235 | 5000159516259 | 5000159516273
26555,شوكولاتة ليلي ايتي 45% 70 جرام - باكو × 6,3,8690526618005 | 8690526617589 | 8690526767772
26556,شوكولاتة اديكتو ايتي بندق 70 جرام Adicto,4,8690526067568 | 8690526097596 | 8690526067520 | 8690526098043
26557,,1,7891008117974
26558,شوكولاتة ايوم سادة باللوز 90 جرام - باكو * 10,4,5201127939234 | 5201127930231 | 5201127930248 | 5201127939241
26559,شوكولاتة ايون سادة قهوة اسبريسو 90 جرام,5,5201127030238 | 5201127039248 | 5201127030245 | 5201127039231 | 5201127039286
26567,شوكولاتة باونتي 57 جرام - بدون باركود,3,5000159559034 | 5000159558280 | 5000159561976
26576,شوكولاتة بريك لوز 40 جرام - باكو × 14,3,5201127922878 | 5201127949875 | 5201127913876
26577,شوكولاتة بريك بندق 40 جرام Break,3,5201127013873 | 5201127022875 | 5201127049872
26578,شوكولاتة بريك بندق 85 جرام Break,6,5201127013866 | 5201127022868 | 5201127029867 | 5201127049865 | 5201127010865 | 5201127033819
26579,شوكولاتة بريك ديلايتس 16.5 جرام Delights,1,6291003084676
26580,شوكولاتة بريك ديلايتس 16.5 جرام - باكو × 24,1,6291003084683
26581,شوكولاتة بريك ريزو 20 جرام - باكو × 24,2,6291003084041 | 6291003087875
26582,شوكولاتة بريك ريزو 20 جرام Rizzo,2,6291003084034 | 6291003087868
26583,شوكولاتة بريك سوبا 19 جرام - باكو × 24,1,6291003076220
26584,شوكولاتة بريك سوبا 19 جرام Supa,1,6291003076213
26585,شوكولاتة بور 50 جرام - باكو × 24 Power,1,8693029600942
26586,شوكولاتة بور 50 جرام Power,1,8693029600935
26593,,1,5000159558303
26594,شوكولاتة بيجم 60 جرام 007,2,8682213001658 | 8682213001627
26595,شوكولاتة سيارات 8 جرام,2,6971486420764 | 6971486423147
26598,شوكولاتة ترينتو 35 جرام - باكو × 16 Trento,1,7896306621017
26599,شوكولاتة ترينتو 35 جرام Trento,1,7896306621130
26600,شوكولاتة توبليرون سادة 100 جرام Toblerone,3,7614500010013 | 7622300107949 | 7614500010617
26601,شوكولاتة توبليرون 35 جرام Toblerone,0,
26602,شوكولاتة نوتيلا جو 35 جرام Nutella GO,2,5020411121182 | 80050100
26603,شوكولاته توركو التيراميسو 32 جرام  Lia -,2,8690120553238 | 8690120553252
26604,شوكولاتة توركو كراميل 4 × 4 - 32 جرام,4,8690120049656 | 8690120132389 | 8690120058139 | 8690120049557
26605,شوكولاتة توركو كراميل 4 × 4 - 32 جرام -,2,8690120511962 | 8690120561868
26606,شوكولاتة توركو بالفستق 4 × 4 - 50 جرام,1,8690120041841
26607,شوكولاتة توركو بالفستق 4 × 4 - 50 جرام -,1,8690120141848
26608,شوكولاتة توركو بالبندق 70 جرام Torku,1,8690120040578
26609,شوكولاتة توركو بالبندق 70 جرام - باكو × 12,1,8690120141862
26614,شوكولاتة توركو كلاسيك 20 جرام Classic,1,8690120041353
26616,شوكولاتة توركو كلاسيك دارك 35 جرام,1,8690120006086
26617,شوكولاتة توركو كلاسيك حليب 35 جرام - باكو,0,
26618,شوكولاتة توركو كلاسيك حليب وبندق 35 جرام,1,8690120049373
26619,شوكولاتة توركو كلاسيك دارك 35 جرام - باكو,1,8690120513522
26620,شوكولاتة توركو كلاسيك دارك 60% 70 جرام,1,8690120041469
26621,شوكولاتة توركو كلاسيك دارك 60% 70 جرام -,1,8690120141466
26626,شوكولاتة تورين بندق 52 جرام - باكو × 24,1,8697439301994
26627,شوكولاتة تورين بندق 52 جرام Toren,1,8697439301987
26628,شوكولاتة تورين جوز هند 52 جرام - باكو ×,1,8697439304315
26629,شوكولاتة تورين جوز هند 52 جرام Toren,1,8697439304308
26630,,1,8697439304315
26632,شوكولاتة تورين كلاسيك 45 جرام - باكو × 24,5,8697439304063 | 8697439301611 | 8697439302236 | 8697439302861 | 8697439304131
26633,شوكولاتة تورين كلاسيك 45 جرام Toren,7,8697439301604 | 8697439304056 | 8697439302229 | 8697439302854 | 8697439304100 | 8697439307255 | 8697439302014
26634,,1,4014400934496
26640,شوكولاتة توين فورس 50 جرام twinforce,1,8690120080291
26641,شوكولاتة جالكسي 114 جرام Cookie,6,5900951139246 | 5000159510745 | 5900951255687 | 5900951260506 | 5900951250903 | 5000159533058
26643,شوكولاتة جالكسي 36 جرام - باكو × 12,2,6221134004977 | 6221134000931
26645,,1,6221134004922
26646,,1,6294001827719
26649,شوكولاتة جالكسي مينسترز باكو 80 جم,1,5000159503822
26650,شوكولا جنتي داكنة 35 جرام jannaty,4,6211044901572 | 6211044901428 | 6211044901176 | 6211044901084
26651,شوكولاتة جولا - باكو × 25 Jola,1,10044
26652,شوكولاتة جولا Jola,1,6224008264354
26655,شوكولاتة دارجيه رولي Roly,1,6223000302163
26656,شوكولاتة دوبلو 18.2 جرام Duplo,1,42276630
26659,شوكولاتة دورينا 100 جرام Dorina,4,3850102507399 | 3850102508648 | 3850102519521 | 3850102519538
26660,,1,3850102958023
26662,شوكولاتة ديري فاين 200 جرام Dairy Fine,1,25387643
26665,شوكولاتة ديري ميلك كادبوري 26 جرام Dairy,1,7622210292926
26666,شوكولاتة ديري ميلك كادبوري 26 جرام - باكو,1,7622210292957
26667,شوكولاتة ديري ميلك كادبوري 37 جرام Dairy,5,7622210292742 | 7622210292704 | 7622300829384 | 7622210432193 | 7622202205101
26668,شوكولاتة ديري ميلك كادبوري 37 جرام - باكو,3,7622210292797 | 7622210292711 | 7622210432209
26673,شوكولاتة رتر سبورت 100 جرام,7,4000417021007 | 4000417018007 | 4000417019004 | 4000417932006 | 4000417222008 | 4000417023001 | 4000417026002
26676,شوكولاتة روتو ستيك 35 جرام - باكو × 24,3,8681270427104 | 8681270429313 | 8681270422031
26677,شوكولاتة روتو ستيك 35 جرام Rotto,3,8681270417105 | 8681270419314 | 8681270412032
26678,شوكولاتة روتو ماكسي 50 جرام - باكو × 24,1,8681270450485
26679,شوكولاتة روتو ماكسي كراميل 50 جرام Rotto,1,8681270440486
26680,شوكولاتة رونا جوي 15 جرام - باكو × 48,1,6224000807610
26681,شوكولاتة رونا جوي 15 جرام Rona Joy,1,6224000807573
26682,شوكولاتة روندي  150 جرام Roundie milk,2,7622210734020 | 7622210734099
26686,شوكولاتة سامبا 50 جرام - باكو × 24 Samba,1,8690120170978
26687,شوكولاتة سامبا 50 جرام Samba,2,8690120117751 | 8690120070971
26691,,1,5000201496386
26692,مارس,1,5000159407236
26699,شوكولاته سوبرمي ملكا 6 قطع 180 جرام,1,7622300292508
26700,شوكولاتة شاريكس 50 جرام - باكو × 24,1,8681161908194
26701,شوكولاتة شاريكس 50 جرام Shrex,1,8681161908187
26702,شوكولاتة شوجوتين 100 جم بالتوت البري,22,4000415002206 | 4000415028701 | 4000415001803 | 4000415002008 | 4000415004408 | 4000415007706 | 4000415039707 | 4000607001406 | 4000415143800 | 4000415040109 | 4000415111908 | 4000415028305 | 4000607854705 | 4000607851001 | 4000607850004 | 4000607852008 | 4000607731808 | 4000607732201 | 4000607731600 | 4000415744502 | 4000415832100 | 4000415851705
26704,شوكولاتة شوكو فست 60 جرام - باكو *6 Torku,2,8690120527239 | 8690120141282
26705,شوكولاتة شوكو فست 60 جرام Torku,2,8690120075839 | 8690120041285
26706,شوكولاتة طبيخ كنتون 200 جرام Kenton,1,8690547189423
26708,شوكولاتة عليت 40 جرام,2,72909768 | 7290119372768
26709,شوكولاتة عليت شوكولاتة  45 جرام,3,72917893 | 7290112334886 | 7290112334893
26710,شوكولاتة عليت بسكز مان 40 جرام,1,72993767
26711,شوكولاتة عليت بقرة كوكيز 98 جرام - اخضر,2,7290107951678 | 7290005200908
26712,شوكولاتة عليت بقرة فراولة 100 جرام,6,7290008747424 | 7290000170053 | 7290100850008 | 7290001814222 | 7290008750677 | 7290000170077
26714,شوكولاتة عليت بندق 30% 100 جرام,1,7290107955812
26715,شوكولاتة عليت بالنوجا و الأرز 45 جرام,1,72917367
26716,شوكولاتة فالسي 55 جرام - باكو × 24 Valse,2,8681161908545 | 8681161908484
26717,شوكولاتة فالسي 55 جرام Pistachio,4,8681161908538 | 8681161908477 | 8681161908552 | 8681161908514
26718,شوكولاتة فالسي 57 جرام - باكو × 24 Valse,1,8697442107040
26719,شوكولاتة فالسي 57 جرام Valse,1,8697442107033
26720,شوكولاتة فانيلي 25 جرام - باكو × 24 Vanelli,1,8682077105653
26721,شوكولاتة فانيلي 25 جرام Vanelli,1,8682077005656
26722,,1,7622210625694
26724,,1,620294
26725,شوكولاتة فريرو روشيه 37.5 جرام - باكو × 16,1,8000500047873
26729,,2,50312351 | 50201013
26730,شوكولاتة فليك كادبوري 18 جرام Flake,2,5000312003602 | 7622201719852
26731,شوكولاتة فليك كادبوري 18 جرام - باكو × 36,1,5000312104316
26732,شوكولاتة فوستيكا 130 جرام - زجاجة Fostika,3,6928961272202 | 6928961272172 | 6928961272189
26733,شوكولاتة فوستيكا 150 جرام Fostika,2,6928961272226 | 6928961272219
26734,شوكولاتة فوستيكا 230 جرام Fostika,2,6928961272257 | 6928961272240
26735,شوكولاتة فوستيكا 300 جرام - Fostika,2,6928961272363 | 6928961272356
26736,شوكولاتة فوستيكا 50 جرام - Fostika,1,6928961272295
26747,شوكولاتة كادبوري ديري ميلك بندق 227 جرام,1,6221021120001
26749,شوكولاتة كاسيك 8 جرام - باكو × 24 Kasik,2,8699270012992 | 8699270013005
26750,شوكولاتة كاسيك 8 جرام Kasik,2,8699270012817 | 8699270012824
26754,شوكولاتة كت كات شنكي فستق 42 جرام,5,3800020403631 | 3800020432259 | 7613037251678 | 6294003582678 | 3800020412169
26755,شوكولاتة كتاكيت ماكسي 50 جرام Katakit,1,8681270460705
26756,شوكولاتة كتاكيت ماكسي 50 جرام - باكو × 24,1,8681270470704
26762,شوكولاتة كندر بيض 20 جرام Surprise,2,40084107 | 54088191
26763,شوكولاتة كندر جوي بيض ولد 20 جرام,4,80974482 | 80768258 | 80135890 | 80916628
26764,شوكولاتة كندر ولد 50 جرام 4 اصابع,1,80177609
26766,,4,8690632764474 | 8690632550886 | 8690632550725 | 8690632059150
26767,شوكولاتة كيسيز 508جم,1,34000129164
26768,شوكولاتة كيندر اصابع 8 اصبع - باكو × 10,2,8000500042793 | 4008400200217
26769,شوكولاتة كيندر اصابع 8 اصبع,1,80177616
26770,شوكولاتة كيندر بيونو بندق 43 جرام - باكو × 30,1,8000500073698
26771,شوكولاتة كيندر بيونو بندق 43 جرام Bueno,2,80052760 | 80960270
26772,شوكولاتة لافينيلي رول 19 جرام - باكو × 24,2,4811683001811 | 4811683001804
26773,شوكولاتة لافينيلي رول شوكولاتة 19 جرام,2,4811683000463 | 4811683000395
26774,شوكولاتة لفيفا 35 جرام - باكو × 24 Laviva,2,8690504946724 | 8690504960553
26775,شوكولاتة لفيفا 35 جرام Laviva,2,8690504065395 | 8690504187509
26777,,1,10047
26778,شوكولاتة ليون وايت 30 جرام  - بدون باركود,0,
26779,شوكولاتة ليون وايت 30 جرام - شريط × 6,2,7613035502369 | 7613034674739
26785,,1,8445291609457
26786,شوكولاتة مالتيزر حبيات 37 جرام - Maltesers,1,5000159555715
26787,,1,538008
26789,شوكولاتة مامبو 30 جرام - باكو × 24,1,6224000807962
26790,شوكولاتة مامبو 30 جرام Mambo,1,6224000807986
26793,شوكولاتة مكنتوش 1 ك Quality Street,1,7613036883917
26794,شوكولاتة ملكا 100جرام  milka - DAIM,24,7622210078131 | 7622300498429 | 7622300185015 | 7622210442086 | 4025700001450 | 7622201050757 | 3045140280902 | 3045140105502 | 7622400883033 | 7622210644794 | 4025700001023 | 7622300026752 | 3045140280803 | 7622210983367 | 7622210578266 | 7622210262202 | 7622210983381 | 7622210397119 | 7622210286123 | 7622210615084 | 7622210611239 | 7622210824721 | 7622210834829 | 7622210983343
26795,شوكولاتة ملكا  لوز 300 جرام milka,5,7622210999016 | 7622200009084 | 7622210240200 | 7622210384362 | 7622210275516
26796,شوكولاتة مالك الفريز و التوت 40 جرام malik1,3,8682213002983 | 8682213002969 | 8682213002976
26797,شوكولاتة مالك 40 جرام باكو * 24  malik1,3,8682213003010 | 8682213002990 | 8682213003003
26798,شوكولاتة ملكا اوريو  37جرام -باكو*36 milka,1,7622210723666
26799,شوكولاتة ملكا اوريو  37جرام milka oreo,1,7622210713650
26800,شوكولاتة ملكا ببلي 250 جرام milka bubbly,1,7622210217318
26801,شوكولاتة ملكا ببندق 270 جرام milka,1,7622210999566
26802,شوكولاتة ملكا ترولاد 280 جرام milka,1,7622210690852
26803,شوكولاته ملكا كريمي 13 قطعة 260 جرام,1,7622210717696
26804,,1,7622210704740
26805,,1,7622210704764
26806,شوكولاتة ميلودي حليب 22 جرام - باكو × 25,4,8697401460940 | 8697401461282 | 8697401460957 | 8698563046454
26807,شوكولاتة ميلودي حليب 22 جرام Melodi,3,86928878 | 86931496 | 86928861
26808,شوكولاتة ميلودي توت 25 جرام - باكو × 30,1,8698563041855
26809,شوكولاتة ميلودي توت 25 جرام Melodi,1,8698563041848
26812,,1,86934299
26817,شوكولاتة ميلينيوم 50 جرام - باكو × 16,2,4820075507954 | 4820075507985
26818,شوكولاتة ميلينيوم فواكه 50 جرام Millennium,2,4820075507978 | 4820075507947
26819,شوكولاتة ميلينيوم مكسرات وفواكه 80 جرام,3,5902574395092 | 5902574395276 | 5902574395078
26820,شوكولاتة ميلينيوم بابلي توت 32 جرام,2,4820075504625 | 4820075504564
26821,شوكولاتة ميلينيوم بابلي 32 جرام باكو × 16,2,4820075504571 | 4820075504632
26823,شوكولاتة نسلة 55% كاكاو 65 جرام Ince,1,8690632242996
26826,شوكولاتة  نيلينو كيدز 8اصابع بالقمح,4,8606018941278 | 8606018940219 | 8606018940240 | 8606018941285
26827,شوكولاتة هابي الفارو كراميل 120 جرام,2,5908234805864 | 5908234805987
26829,شوكولاتة ويفر توست اصابع 120جم,1,2005995688972
26830,شوكولاته ويفر ملكا 30 جرام - باكو * 30,1,7622300499709
26831,شوكولاته ويفر ملكا 30 جرام Milka wafer,1,76224935
26832,شوكولاتو توركو لونيكس جوز هند 47 جرام,1,8690120069296
26833,شوكولاتو توركو لونيكس جوز هند 47 جرام -,1,8690120524146
26834,شوكولاتو نيلينو كيدز 4 اصابع بالحليب,2,8606018940011 | 8606018940080
26836,عسلية ويزوو - باكو × 12,1,6224008264989
26843,فنجر بسكويت 650 جرام  Eldenele,1,8690705723506
26844,فنجر بسكويت 650 جرام Petit Beurre,1,8690705465109
26846,قرشلة الدهشان 250 جرام,1,3205978922218
26850,قسماط الديفا سناك 350 جرام Aldiva Snack,1,8681270447928
26851,قسماط العودة اصابع مملح 300 جرام,1,6253350001591
26852,,1,7290112961266
26853,قسماط اوسم حلقات مملح 400 جم,2,7290000081663 | 7290000060088
26854,قسماط ايتي كراكس 32 جرام Crax,1,8690533014302
26859,قسماط جرونا ميلوديا 100 جرام Grona,1,4820156634340
26860,قسماط سرايو 190 جرام,1,2002801199783
26861,قسماط فرتزل خل وملح 32/28 جرام Fretzel,6,6224008900061 | 6224008900016 | 6224008900269 | 6224008900238 | 6224008900252 | 6224008900146
26862,قسماط فرتزل شطة وليمون 72/68 جرام,8,6224008900702 | 6224008900337 | 6224008900313 | 6224008900399 | 6224008900429 | 6224008900412 | 6224008900696 | 6224008900320
26865,قسماط كراكر جبنة 400 جرام Croco,4,5941194000085 | 5941194000061 | 5941194000856 | 5941194000078
26868,قسماط كروكو بيتزا 100 جرام Croco,7,5941194000252 | 5941194000221 | 5941194000191 | 5941194000245 | 5941194000979 | 5941194003840 | 5941194005165
26869,قسماط كروكو بيتزا 150 جرام Croco,8,5941194003512 | 5941194002959 | 5941194003529 | 5941194003499 | 5941194003321 | 5941194003482 | 5941194003710 | 2106000431238
26870,كراكر كروكو 250 جرام  MIX,2,5941194002423 | 5941194002898
26872,,0,
26873,قسماط كروكو ستيكس 40 جرام Croco,2,5941194001341 | 5941194001365
26874,قسماط كروكو بذور السمسم 80 جرام Croco,3,5941194003802 | 5941194000535 | 5941194000139
26876,قسماط كروكو ستيكس 80 جرام Croco Sticks,1,5941194000375
26877,قسماط ميني بريتزل 250 جرام Mini Brezel,2,6422114001232 | 6422114001225
26879,قطع توفي بالشوكولاتة والمربي 250جم,1,29049127
26884,كرواسون لاكريما فراولة 65 جرام La Crema,3,4820057860886 | 4820057860879 | 4820057860862
26886,كرواسون مولتو مكس فراولة 55 جرام Mix,0,
26895,سويت رول كيك 90 جرام ANI,2,8691720031232 | 8691720022131
26896,كيك اريفو جوز هند 40 جرام - باكو × 24,1,8681038211297
26897,كيك اريفو جوز هند 40 جرام Arrivo,1,8681038201298
26899,كيك البيلا رينج بالتوت 300 جرام,1,8690504186946
26900,,1,6254000285279
26903,كيك انجوي فراولة 40 جرام - باكو × 24,4,8690120544939 | 8690120548906 | 8690120544908 | 8690120548937
26904,كيك انجوي شوكولاتة 40 جرام Enjoy,4,8690120116075 | 8690120110370 | 8690120110417 | 8690120116099
26905,كيك اوريو 24 جرام - باكو × 12 Oreo,1,7622210785145
26906,كيك اوريو 24 جرام Oreo Kaake,1,7622210785114
26907,كيك بار 7 ايام بالكاكاو  32 جرام,4,5201360795192 | 5201360795796 | 5201360796908 | 5201360796502
26908,كيك بار 7 ايام بالكاكاو 32 جرام -باكو*16,4,5201360795185 | 5201360795789 | 5201360796922 | 5201360796526
26911,,3,8691720020359 | 8691720006346 | 8691720020502
26915,كيك بوب كيك ليمون 60 جرام Pop Kek,6,8690526083704 | 8690526073873 | 8690526083711 | 8690526083728 | 8690526066233 | 8690526073774
26917,كيك بوب كيك ايتي شوكولاتة 45 جرام Pop,1,8690526023755
26918,كيك بوب كيك ايتي شوكولاتة 45 جرام - باكو ×,1,8690526623757
26920,كيك بيج رول 240 جرام Big Roll,1,5304000047306
26921,قسماط كروكو 200 جرام Croco,1,5941194002553
26925,كيك توداي بنكهة العنب 40 جرام Elvan,1,8693029033016
26926,كيك توداي بنكهة العنب 40 جرام -- باكو* 24,1,8693029033023
26927,كيك توداي جولديز 40 جرام -- باكو * 24,1,6224008592648
26928,كيك توداي جولديز 40 جرام Elvan,1,6224008592631
26929,كيك توداي سوفلي 45 جرام -- باكو *24  Elvan,1,8693029033009
26930,كيك توداي سوفلي 45 جرام Elvan,1,8693029032996
26933,كيك تودي جوستو 40 جرام - باكو × 24,1,8693029033702
26934,كيك تودي جوستو 40 جرام Gusto,1,8693029033696
26935,كيك تودي سنوبول 40 جرام - باكو × 24,1,6223005611116
26936,كيك تودي سنوبول 40 جرام Snowball,1,6223005611109
26937,كيك تودي ميني دونت 40 جرام - باكو × 24,1,8693029700727
26938,كيك تودي ميني دونت 40 جرام Today Mini,1,8693029700703
26939,كيك تورتا بالشوكولاتة,1,5304000047375
26940,,0,
26941,,0,
26942,,1,8690120530949
26943,كيك توركو جالا كراميل 50 جرام Gala,2,8690120082080 | 8690120084152
26944,كيك توركو فافوريمو 30 جرام - باكو × 24,2,8690120514482 | 2106000269411
26945,,1,8690120053233
26946,كيك توينكيز كريمة 30 جرام - باكو × 12,3,6223000499191 | 6223000492529 | 6223000551622
26947,كيك توينكيز شوكولاتة 30 جرام Twinkies,3,6223000492512 | 6223000499184 | 6223000551615
26948,كيك جوردينا فراولة 40 جرام - باكو × 12,3,6253002401182 | 6253002477774 | 6253002474216
26949,كيك جوردينا فراولة 40 جرام Jordina,4,6253002401175 | 6253002445544 | 6253002435583 | 6253002477149
26950,كيك جوردينا باف شوكولاتة 40 جرام -- باكو *,3,6253002477422 | 6253002478221 | 6253002477170
26951,كيك جوردينا باف تفاح 40 جرام - باكو × 12,2,6253002477415 | 6253002477446
26952,كيك جوردينا باف تفاح 40 جرام Jordina Puff,4,6253002435682 | 6253002435750 | 6253002435644 | 6253002478214
26953,كيك جوردينا توتي فراولة 40 جرام - باكو × 12,2,6253002477088 | 6253002477101
26954,كيك جوردينا توتي فراولة 40 جرام Jordina,2,6253002477057 | 6253002477071
26955,كيك دونت هابي كراميل 45 جرام - باكو × 24,4,8690481126713 | 8690481107453 | 8690481126720 | 8690481126737
26956,كيك دونت هابي كراميل 45 جرام Happy,4,8690481026716 | 8690481007456 | 8690481026730 | 8690481026723
26958,كيك سنو ون جوز هند 45 جرام - باكو × 24,2,8690481126423 | 8690481126416
26959,كيك سنو ون جوز هند 45 جرام Snowone,2,8690481026426 | 8690481026419
26960,كيك سويس رول جوردينا 70 جرام 4 قطع,1,6253002435248
26961,كيك سويس رول جوردينا 70 جرام 4 قطع -,1,6253002446015
26962,كيك سي دولسي بالشوكولاتة 180جم,2,5304000047481 | 5304000047207
26964,كيك غاستو جوز الهند 40 جرام -- باكو *24,1,8693029701939
26965,كيك غاستو جوز الهند 40 جرام Gusto,1,8693029701922
26966,كيك فانيلي جوز هند 40 جرام - باكو × 24,2,8682077170248 | 8682077170231
26967,كيك فانيلي جوز هند 40 جرام Vanelli,2,8682077070241 | 8682077070234
26968,كيك فوليو جولد 36 جرام - باكو × 24 Voleo,2,8690481104865 | 8690481126119
26969,كيك فوليو جولد 36 جرام Voleo,2,8690481004868 | 8690481026112
26970,كيك فوليوم تويستر فراولة 40 جرام - باكو × 24,2,8690351171027 | 8690351170310
26971,كيك فوليوم تويستر فراولة 40 جرام Volume,1,8690351071020
26972,كيك كريزي رول كاكاو 50 جرام - باكو × 24,2,8692806125654 | 8692806125661
26973,كيك كريزي رول كاكاو 50 جرام Crazy Roll,2,8692806025657 | 8692806025664
26974,كيك كريم بار كراميل 30 جرام - باكو × 24,3,8692806126125 | 8692806126118 | 8692806126101
26975,كيك كريم بار حليب 30 جرام Cream Bar,3,8692806026104 | 8692806026128 | 8692806026111
26978,كيك مانيلا دونت 38 جرام - باكو × 24,1,8681038213512
26979,كيك مانيلا دونت 38 جرام Manela Donut,1,8681038203513
26980,,4,8681038215660 | 8681038215622 | 8681038215639 | 8681038215615
26981,كيك مانيلا مدور شوكولاتة بيضاء 45 جرام,4,8681038205661 | 8681038205630 | 8681038205623 | 8681038205616
26982,,0,
26983,,0,
26985,كيك هوهوز جامبو 30 جرام  احمر  باكو × 12,2,6223000493656 | 6223000551554
26988,كيكة بيج رول تفاح 240 جرام,3,5304000230098 | 5304000047061 | 5304000047078
26990,,1,40084176
26991,كب كيك اديكتو 180 جرام,2,8690526086446 | 8690526016443
26998,لوح شوكولاتة ميلكا 85 جم,4,7622210961976 | 7622210961983 | 7622210961990 | 7622210962003
27002,مارشملو بالشوكولاتة ايركو 90 جم,1,6914253438937
27003,مارشملو بف ايتي جوز هند 16 جرام - باكو ×,2,8690526203126 | 8690526203133
27004,مارشملو بف ايتي جوز هند 16 جرام Eti Puf,2,8690526003122 | 8690526003139
27005,مارشملو بيبتو 135 جرام Bebeto Pink And,2,8690146091905 | 8690146101628
27006,مارشملو بيبتو 275 جرام Bebeto Mix,1,8690146103332
27008,مارشملو بيبتو 500 جرام Bebeto,1,8690146096672
27009,مارشملو بيبتو تويست 60 جرام Bebeto,4,8690146091882 | 8690146101635 | 8690146101284 | 8690146091899
27012,مارشملو روبي 115 جرام Rope,1,6921667893092
27014,مارشملو مالو 4 قطع 14 جرام - باكو × 40,1,6925925906012
27015,مارشملو مالو 4 قطع 14 جرام Mallow,1,6925925900331
27018,مارشميلو بنكهة الفراولة 20 جرام - علبة *48,1,8693323156015
27019,مارشملو مستر مالو فراولة 20 جرام,1,8693323156107
27020,مارشملو ميس يو 120 جم,1,6921667812093
27021,ارشيلو30 جرام -باكو*16 Archello,1,8697432201048
27022,ارشيلو30 جرام Archello,1,8697432200966
27025,مسيو مارشملو 250 جم,1,6914253450205
27031,,2,8697456870138 | 6009616251688
27040,معمول بالتمر جنتي 35 جرام مع البر,2,6211044902159 | 6211044902098
27041,معمول بالتمر جانتي 35 جرام - باكو × 8 قــ,3,6211044902135 | 6211044902104 | 6211044902166
27044,,1,6285602011140
27048,معمول صباح 2 قطعة 37 جرام  Sabah,1,6211044902616
27049,معمول ماريا  بالتمر 40 جرام Marya,3,6251906001545 | 6251906001538 | 6251906001576
27050,معمول ماريا بالحلقوم 40 جرام Marya,3,6251906002153 | 6251906002139 | 6251906002122
27062,مولتو مكس شوكولاتة وكريمة 40 جرام Molto,2,6223000491812 | 6223000491836
27063,مولتو اكس ال 34 جرام - كرتونة ×60 Molto,0,
27064,مولتو اكس ال 34 جرام Molto XL,1,6223000490617
27065,ميلكا دربس 21 جرام Milkinis,1,7622300438265
27066,نايس برنكل توابل حارة 45 جرام Niceringl,2,6970990211080 | 6970990211141
27067,نسكويك نستلة 6 قطعه بالشوكولاتة,2,3387390406849 | 3387390406719
27068,نوجا بونيلا تفاح 30 جرام Bonelli,7,8680495010474 | 8680495010146 | 8681657407675 | 8681379510424 | 8680495010122 | 8680495010245 | 8680495010573
27069,,5,8680495010214 | 8680495010184 | 8680495010153 | 8680495010108 | 8680495010160
27071,نوجا سولا 25 حبة بالكراميل,3,6222000933872 | 6222000930055 | 6222000961127
27074,نوجا فريش اند فروتي 160 جم,1,5900102017867
27075,ويفر بالشوكولاتة المرة 47 جرام - باكو * 24,2,8682213003157 | 8682213003164
27076,ويفر شوكلاتة كريمة البسكوت مع الكاكاو,1,8682213003027
27078,ويفر رول وينديرز بالشوكلاتة -باكو × 12,2,8681270491532 | 8681270496254
27079,ويفر رول وينديرز بالبندق  masto,2,8681270481533 | 8681270486255
27080,كب كيك فاونتي فاونتي 30 غم شوكلاتة,5,6285009002901 | 6285009003274 | 6285009002048 | 6285009003069 | 6285009002024
27081,ويفر كنج تات 18 جرام 2 اصبع -- باكو * 24,1,8693029609419
27082,ويفر كنج تات 18 جرام 2 اصبع  Elvan,1,8693029609402
27085,كيك مولي مون قطعة / MOLLY MOON,2,8594058251047 | 8594058251054
27086,علبة كيك مولي مون 24 قطعة / MOLLY,2,8594058259043 | 8594058259050
27088,دربس اصبع اكسبون بطيخ / X - BON,4,8690997080288 | 8690997080301 | 8690997080318 | 8690997080295
27089,دربس اكسبون باكو×24قطعة فراولة / X-BON,4,8690997180292 | 8690997180315 | 8690997180308 | 8690997180285
27092,مصاص برازيلي كيس 48 قطعة,2,7897652602521 | 7897652603597
27098,شوكلاتة فالسي برتقال  قطعة / VALSE,4,8681161905728 | 8681161905681 | 8681161905704 | 8681161905742
27099,شوكلاتة فالسي كراميل باكو × 24 / VALSE,4,8681161905711 | 8681161905735 | 8681161905698 | 8681161905759
27108,بسكويت بيتي بيوري 1000 جرام  ZDCO -,1,2106000271094
27110,حلو نوجا لسان أخضر / SHOCKERS,1,657872213092
27128,جيلي فاميلي 1 كيلو بالسكر,4,8693323790110 | 8693323786403 | 8693323792152 | 8693323786106
27139,كب كيك فاونتي فاونتي 30 غم شوكلاتة,5,6285009002925 | 6285009002031 | 6285009003076 | 6285009002055 | 6285009003281
27158,شوكلاتة اولكر 60 جرام  باكو × 6,2,8690504961598 | 8690504961611
27159,بسكويت تام توركو باكو × 3 قطعة,1,8690120081410
27162,كراكر  كروكو 750 جرام Croco mix,2,5941194002263 | 5941194000276
27163,دربس تونز 16 قطعة برتقال,4,7896312109837 | 7896312109813 | 7896312109820 | 7896312109851
27164,دربس تونز 32 جم  فراولة,4,7896312109806 | 7896312109769 | 7896312109783 | 7896312109776
27165,,2,8690120047997 | 8690120048017
27168,كيك هوهوز سويس رول 40 جرام بالشوكلاتة,2,6223000495797 | 6223000495827
27170,كيك هوهوز سويس رول 40 جرام بالشوكلاتة,2,6223000495803 | 6223000495834
27177,بسكويت جوفرت 25 جرام  Gofret,1,2000000017426
27178,ويفر ايطالي شوكو ميلك 30غم / CHOCO,3,8000350005580 | 8000350007249 | 8000350005375
27179,ويفر ماجنفكو باكو ×24قطعة× 30غم /,3,8000350007256 | 8000350007263 | 8000350005610
27180,مورينو أصابع هابي بيبي شوكو 120 غم /,2,5908234808704 | 5908234808728
27181,علكة اكست علب بدون سكر بنكهة المسكة /,4,8699449032691 | 8699449030123 | 8699449032639 | 8699449032721
27182,علكة اكست بطيخ مخدات / Exit Mastic,3,8699449031311 | 8699449031342 | 8699449031403
27183,سوس بيبيتو فراولة 275 غم / BEBETO,5,8690146132967 | 8690146132974 | 8690146133018 | 8690146132998 | 8690146133001
27184,جلي بيبيبتو 18غم أسنان / BEBETO,7,8690146650218 | 8690146650416 | 8690146650317 | 8690146655312 | 8690146650515 | 8690146651918 | 8690146651819
27185,باكو جلي بيبيبتو 24قطعة×18غم / BEBETO,7,8690146850212 | 8690146850410 | 8690146850311 | 8690146850519 | 8690146851912 | 8690146855316 | 8690146851813
27186,دربس يوتو 22غم /U - TOO,4,8601506415033 | 8691506422209 | 8691506429208 | 8691506419001
27187,دربس يوتو 22غم/U - TOO,4,8601506415040 | 8691506422018 | 8691506429215 | 8691506419100
27188,علكة بلوكس خوخ / BLOX,5,8699449031854 | 8699449030765 | 8682431011699 | 8682431011736 | 8682431011712
27189,باكو علكة بلوكس خوخ / BLOX,5,8699449031861 | 8699449030796 | 8682431011750 | 8682431011774 | 8682431011798
27190,بيبيتو جلي عصير بطيخ / BEBETO,4,8690146132370 | 8690146138662 | 8690146132455 | 8690146132400
27193,مارشميلو بيبيتو  275 غم أزرق / BEBEBTO,2,8690146131182 | 8690146131199
27196,كيك دب أوليرو / OLERO,1,8682442240071
27198,كيك دب أوليرو / OLERO,1,8682442240088
27202,كيك بيتوتس30 جرام فانيلا - petits,1,8682077070302
27203,كيك بيتوتس 24×30 جرام- petits,1,8682077170309
27204,توفي  700 جرام aksu,2,8697413801717 | 8697413802202
27211,مارشملو بيبتو 30 جرام آيس كريم Bebeto,3,8690146131069 | 8690146127079 | 8690146131236
27212,ستاند جلي 35 جرام (Bebeto),5,8690146650812 | 8690146053804 | 8690146111252 | 8690146652311 | 8690146651116
27213,فطائر ومعمول محشو كريمة الحليب125,2,8000350004491 | 8000350001124
27216,مارشميلو  جلي بيبيتو ستاند 75 جرام,3,8690146134497 | 8690146102458 | 8690146134343
27217,,2,7613037785081 | 5000189363069
27218,كيت كات نيستل 20.7 جرام - 2 اصبع,4,50189205 | 50249091 | 50249565 | 50426362
27227,شوكلاتة واول لوح 100 جرام WAWEL,3,5900102312610 | 5900102023905 | 5900102015535
27230,بسكويت بفلة ويفر دلما - بلاك,3,6251577248225 | 6251577247952 | 6251577247976
27232,,1,2008284001308
27241,بسكويت بيكنيك دلما قطعة جوز هند / Picnic,2,2008284001353 | 2008284001391
27244,بسكويت بالمارشملو بورلو 56 جرام -,1,8681270483650
27248,بسكويت بيسرول 65 جرام Bissroll موف,3,8681270465342 | 8681270465144 | 8681270465137
27249,بسكويت بيسرول 65 جرام Bissroll    باكو ×,3,8681270475143 | 8681270475341 | 8681270475136
27250,بسكويت بورلو 50 جرام - PORLEO,4,8682718410610 | 8681270488273 | 8682718410597 | 8681270483667
27251,بسكويت بورلو 50 جرام - PORLEO   باكو,4,8681270498272 | 8682718420619 | 8682718420596 | 8681270493666
27252,شوكلاتة 55 جرام دبدوب شوكلاتة - PORLEO,2,8681270484794 | 8681270484800
27253,شوكلاتة 55 جرام دبدوب شوكلاتة - PORLEO,2,8681270494793 | 8681270494809
27262,شوكلاتة فل بار 23 جرام - FULLBAR,2,8682655010355 | 8681161909948
27263,شوكلاتة فل بار 23 جرام - FULLBAR  باكو,2,8682655010362 | 8681161909955
27277,ويفر بسكويت العودة 100غم / شوكلاتة,2,6254000285842 | 6254000285811
27279,ضيافة اوريو ازرق 25 جرام - ORIO,1,2000785454225
27282,شوكولاتة عليت برقائق اللوز بقرة 95 جرام,3,7290112351197 | 7290112351210 | 7290112349651
27283,,1,7290119384068
27293,بسكويت ويفر  بالفانيلا علييت 400غم - اسرائيلي,2,7290008749343 | 7290008753883
27297,بسكويت مارشميلو 8 ×23 جرام - LUPPO,2,8699141059125 | 8699141059101
27298,شوكلاتة قرطاس اوزمو 25 جرام - OZMO,1,8691707090122
27299,شوكلاتة قرطاس اوزمو 25 جرام - OZMO,1,8691707190129
27302,شوكلاتة بوم باستيك كريمة 35 جرام- BOOM,2,8699141059699 | 8691707096841
27303,شوكلاتة بوم باستيك 35 جرام- BOOM,2,8699141159696 | 8691707196848
27304,بسكويت بكريمة الكاكاو نجوم 60 جرام -,2,8681567000317 | 8681567000454
27306,بسكويت نجوم 60 جرام - BISUFLE STAR,2,8681567000324 | 8681567000461
27309,كعك الشام حمدان حبة البركة - hamdan,6,6253802260378 | 6253802260552 | 6253802260354 | 6253802260392 | 6253802260514 | 6253802260453
27310,كعك ميكسم 500 غم بالقرفة / MiXiM,6,8699889400333 | 8699889400302 | 8699889400357 | 8699889400319 | 8699889400326 | 8699889400340
27312,بسكويت اكرام بطعم الشوكلاتة  84 جم IKRAM,3,8690504010104 | 8690504010203 | 8690504107835
27313,معمول كعك العيد حمدان / Hamdan,4,6253802260712 | 6253802260750 | 6253802260736 | 6253802260620
27314,,1,8690504083177
27316,بسكويت بسكولاتا شوكلاتة  110جرام,2,8691707096520 | 8691707096544
27317,بسكويت ويفر ملكا عائلي 128جرام - MILKA,5,7622300434472 | 7622300434328 | 7622300434373 | 7622300603298 | 7622300603281
27320,شوكلاتة نستلة بالحليب 30 جم CLASSIC,2,8690632243016 | 8690632243023
27321,باكو شوكلاتة نستلة 12 قطعة CLASSIC,1,8690632243276
27324,شوكلاتة داماك بالحلبي 65 جم damak - دارك,3,8690632708690 | 8690632060439 | 8690632708683
27325,شوكلاتة داماك بالحلبي 30 جم damak -,2,8690632060422 | 8690632243726
27326,,1,8690632060477
27333,بسكويت كوكيز بسفلا 60 جم  BISUFLE,1,8682054116795
27334,باكو بسكويت كوكيز بسفلا 24 قطعة,1,8682054112339
27337,جلي 1 كيلو اطعم (Salsa),1,8689988500102
27338,كراكر سراي بالخضروات والزيتون 75 جم,2,8690705615368 | 8690705615061
27347,شوكلاتة ساندوتش 50 جرام - SWEET,2,4820201350126 | 4820201350133
27348,شوكلاتة ساندوتش 50 جرام - SWEET,1,4820201350300
27349,جلي جوي 225 جرام,4,8719992179664 | 8719992179671 | 8719992179299 | 8719992179282
27352,شوكلاتة ديدو 35 جرام - DIDO,2,8690504028536 | 8690504131458
27353,شوكلاتة ديدو 35 جرام - DIDO   باكو × 24,2,8690504940319 | 8690504961871
27360,لوح شوكلاتة بيودل 100 جرام - BWEDEL,6,5901588016740 | 5901588016436 | 5901588018089 | 5901588016016 | 5901588017938 | 5901588016030
27361,حلو فوكس بالتوت  180 جم FOXS,3,8992696418509 | 8992696418912 | 8992696415409
27366,مارشميلو هابي تي كيك بجوز الهند / HAPPY,2,8681270466257 | 8681270481991
27367,مارشميلو باكو×24 هابي تي كيك بجوز الهند/,2,8681270476256 | 8681270492904
27375,بسكويت لواكر 200 جرام ازرق - بكيت,2,8000380004676 | 8000380004669
27377,بسكويت ويف اب اكستر 29 جرام -ETI,1,8690526055640
27378,بسكويت ويف اب اكستر 29 جرام -ETI  باكو ×,1,8690526655642
27379,شوكلاتة اديكتو 20 جرام - ETI ADICTO,2,8690526018331 | 8690526018324
27380,شوكلاتة اديكتو 20 جرام - ETI ADICTO,1,8690526608334
27386,سان جلي بالفراولة 25 جرام - ETI CIN,2,8690526073224 | 8690526053141
27387,بسكويت سان جلي فراولة 25 جرام- ETI CIN,2,8690526773223 | 8690526643144
27388,بسكويت سان 325 جرام  13 قطعة برتقال -,2,8690526013145 | 8690526003221
27392,قسماط ايتي كراكس 45 جرام شطة - ETI,3,8690533034089 | 8690533044149 | 8690533044231
27395,بسكويت دايجستف 198 جرام بالقمح -,2,8690526062990 | 8690526093642
27403,حلويات سمسمية الفائق مشكل نصف شيكل,1,20212032
27407,,7,8699462604875 | 8699462604851 | 8699462604813 | 8699462604165 | 8699462604028 | 869462604851 | 8699462604769
27411,شوكلاتة دينبا 25 جرام - demba,1,8681695318100
27412,شوكلاتة دينبا 23 جرام - denba  باكو × 24,1,8681695318117
27413,ويفر بسكويت لوسيتي شوكلاتة 40 جرام -,2,8584004031199 | 8584004031175
27414,ويفر بسكويت لوسيتي 40 جرام - lusette باكو,2,210141580403716 | 18584004031240
27418,,1,6223005390042
27419,,1,6223005395863
27420,شوكلاتة وياك شوكو ميلك 25 جرام - WIAAK,1,6223005392718
27421,شوكلاتة وياك شوكو ميلك 25 جرام - WIAAK,1,6223005392831
27423,قسماط بيرتزل 200 جرام شطة وليمون -,9,6251934001524 | 6251934002804 | 6251934001593 | 6251934001517 | 6251934002811 | 6253809980781 | 6253809980095 | 6253809980859 | 6253809980880
27424,شوكلاتة ليندت 100 جرام 70% - lindt,2,3046920028004 | 3046920028363
27426,بسكويت كوكيز ميلينيوم 126 جرام -,1,5902574395887
27434,علكة تريدينت بدون سكر نعنع حار - 40 حبة /,4,7622210941343 | 7622210941299 | 7622210941350 | 7622210941305
27437,شوكلاتة ليون 40 جرام - LION,4,7613031006267 | 5900862017886 | 5900862018562 | 7613287948960
27439,دربس منتوس شارك 33 جرام نعنع - SHARK,2,6111199001687 | 6111199001670
27440,,1,8691707098258
27445,,1,5900352013305
27451,شوكلاتة كورني 40 جرام بيضاء - CORNY,9,4011800565411 | 4011800613518 | 4011800616519 | 4011800617516 | 4011800615512 | 4011800612610 | 4011800587116 | 4011800567118 | 4011800564445
27453,دربس العاب صوص,27,6920161248322 | 6920171303486 | 6920191265856 | 6920181282863 | 6920191342342 | 6920191322825 | 6920191323198 | 6920201351418 | 6920191314257 | 6224009678495 | 6223006530096 | 6224009678457 | 7290011490133 | 6920191320333 | 6920191323174 | 6920201339850 | 6920191305620 | 6920191308676 | 6920211361995 | 8681480314041 | 6920201364302 | 6920211368277 | 6920211349245 | 8680945411509 | 6975497880036 | 6975497881224 | 6975497880302
27455,,1,8000500269169
27456,,1,8000500024041
27460,كراكر 23 جرام بطعم البيتزا pizza,2,6921233901275 | 6921233901251
27461,,1,4820195090770
27464,كيك كاهن 560 جرام - Kahans بطعم الفانيلا,7,7290002654674 | 7290008482530 | 7290010402182 | 7290102844258 | 7290102844364 | 7290002654681 | 7290102846283
27465,بسكويت بالشوكلاتة الداكنة 33جم ديجستيف /,5,6223003803575 | 6223003803568 | 6223003806552 | 6223003803827 | 6223003803834
27466,بسكويت بالشوكلاتة الداكنة باكو ديجستيف /,4,6223003804572 | 6223003804565 | 6223003807559 | 6223003804824
27468,بسكويت بالقمح 400 جم ديجستيف / Mcvities,2,5000396008791 | 5000396001730
27469,بسكويت بالقمح 250 جم ديجستيف / Mcvities,3,50396238 | 5000396008784 | 8902268008564
27472,بسكويت كوكيز بريمو نوت 55 جرام - Primo,3,8681567006944 | 8681567006975 | 8681567007002
27473,بسكويت كوكيز جرام - Primo NUT باكو × 24,0,
27474,كيك شوكو 40 جرام - Cake Choco كرز,3,8690481026037 | 8690481026020 | 8690481026013
27475,كيك شوكو 40 جرام - Cake Choco,3,8690481126010 | 8690481126034 | 8690481126027
27477,حلو اركون 50 جرام بطعم النوقا - ERGUN,2,8697412671113 | 8697412672219
27480,بسكوت لونق رولز رول 150 جرام - LONG,2,4007843901002 | 4007843891006
27485,بسكويت مملح قطعة 23جم بيتز,2,7622210704627 | 7622210604316
27486,بسكويت مملح باكو×12 قطعة × 23جم,2,7622210604347 | 7622210704634
27500,شوكلاتة بالشوفان بطعم الكاكاو200 جرام,7,4631143923640 | 4631143923671 | 4631150667674 | 4631143923633 | 4631150667667 | 4631143923657 | 4631148649378
27502,ويفر بالشوكلاتة و الفستق اكسترا باكو×24×,2,3800771110710 | 3800771110154
27510,بسكويت تاو تاو محشي 40 جرام - TAW TAW,2,6223005592927 | 6223005592972
27511,بسكويت تاو تاو محشي 40 جرام - TAW,2,6223005593382 | 6223005593375
27514,شتوي سامبو علب اسبشل 6 قطع - SAMBO,3,6543587 | 828640721976 | 21546549
27515,بسكويت ويفر بكريم القهوة لواكر 100 جرام -,4,8000380003754 | 8000380003723 | 8000380003761 | 8000380180837
27516,بسكويت لواكر بجوز الهند 262 جرام -,1,8000380157587
27518,شوكلاتة لواكر بالكراميل 50 جرام - Duality,3,80895282 | 80936220 | 80820994
27519,شوكولاتة لواكر جوز هند 100 جرام - GRAN,3,8000380194322 | 8000380000388 | 8000380194308
27523,ماكنتوش بطعم - MAPLE AND PECAN,2,7613037307320 | 7613036193047
27527,بسكويت ضيافة كيوتس 180 جرام شوكلاتة,1,2000785412355
27530,بسكويت ويفر اكستر 40 جرام جوز هند,2,8681270462372 | 8681270462389
27531,بسكويت ويفر اكستر 40 جرام       باكو × 24,2,8681270472388 | 8681270472371
27534,كيك دكتور دونات 40 جرام - Donut,2,8680395190016 | 8680395190047
27535,كيك دكتور دونات باكو×24قطعة× 40 جرام -,4,8681270459075 | 8681270459068 | 8680395190023 | 8680395190054
27537,كيك ماي كيك 40 جرام - Alvien باكو × 24,1,8680395193413
27545,بسكويت شو 35 جرام - SHOW,1,6253350102533
27549,بسكويت ميريلي 40 جرام - MERELLY,3,8681812030090 | 8681812030052 | 8681812030069
27550,بسكويت ميريلي 40 جرام - MERELLY,2,8681812030199 | 8681812030168
27553,حلوى المارينج ملونة,1,21101618
27556,كوكيز ايطالي بكريمة البندق 150 جرام /,3,8033102690079 | 8033102690086 | 8033102690062
27557,جلي بيبيتو 150 جرام علب جلي حيايا /,6,8690146153856 | 8690146153788 | 8690146153863 | 8690146153801 | 8690146153818 | 8690146153764
27564,بسكويت رول اناري فانيلا 150 جرام - anari,1,5902768611212
27567,شوكولاتة كندر جوي بيض باكو 3×20 جرام,1,8000500075708
27568,شوكلاتة عليت ربطة 3ألواح × 100 جرام / بني,2,7290111350788 | 7290111352102
27570,شوكلاتة روتو 57 جرام - ROTTO شوكلاتة,2,8681270417136 | 8681270417143
27571,شوكلاتة روتو 57 جرام - ROTTO     باكو ×,2,8681270427135 | 8681270427142
27589,,1,8697416462939
27596,بسكويت ملكا عائلي 156 جرام - MILKA,2,7622210689597 | 7622210689610
27599,دروبس كوين ديلايت 150 جرام - queens,0,
27600,لوح شوكلاتة بويدل 290 جرام - BWEDEL,1,5901588017594
27606,,1,8690504065814
27607,,1,68690504065816
27608,شوكلاتة البيني والكر 89 جرام كيس - ALBENI,2,8690504136361 | 8690504136330
27610,بسكويت سويت ارت 4 قطع 100 جرام -,1,4820201350119
27611,شوكلاتة شوكو شو 200 جرام - Choco chow,1,8719189419757
27612,باوند كيك عائلي دروو بالكاكو الفاخر160 جرام -,1,6222009500020
27620,,0,
27621,ماشرميلو بالبسكويت (خد العروس) دوبا / duba,3,6230061003960 | 8690481003984 | 8690481003960
27624,بسكويت جمبو 50 جرام - JUMBO بالفانيلا,2,8906001380443 | 8906001380436
27626,كيك فوليم 45 جرام - VOLUME - هوب,5,8682354070162 | 8690351070115 | 8682345070058 | 8682354071220 | 8682354071237
27627,كيك فوليم مافن  45 جرام - VOLUME باكو ×,5,8682354171234 | 8682354171227 | 8682345170055 | 8690351170112 | 8682354170169
27628,كيك باوند 60 جرام - POUND,4,8682354070636 | 8682354070629 | 8682354070612 | 8682354070605
27629,كيك باوند 60 جرام - POUND    باكو × 24,4,8682354170633 | 8682354170619 | 8682354170626 | 8682354170602
27631,جلي كليم بالشوكلاتة 330 جرام - KLIM,1,4820218091289
27637,تشيز كيك همتو باي شوكلاتة باكو 500 جرام /,2,6223007370639 | 6223007370622
27645,بسكويت زيجو 40 جرام / ZEGO,1,3800065783453
27651,سوس جلي كرز و توت / تيوبس دملا damla,3,8690997086914 | 8690997086884 | 8690997086907
27652,سوس جلي كرز و توت / تيوبس دملا damla,3,8690997186911 | 8690997186881 | 8690997186904
27653,بسكويت زيجو باكو×24×40 جرام / ZEGO,1,3800065783460
27659,بيض ألعاب شكل راس قلب LOVE,2,8580645416517 | 8680945415224
27660,كيك سويس رول شوكلاتة 100 جرام,2,6253002435323 | 6253002435330
27670,كاندي العاب BICKE,7,6920191351733 | 6920191343103 | 6920191265795 | 6920191352440 | 6920191349662 | 6920191323440 | 6920191350538
27671,نوجا فروتي كرز 20 جرام - باكو × 24 Frutty,4,8690997180131 | 8690997180117 | 8690997180124 | 8690997180599
27673,شوكلاتة كريم بالبرتقال 50 جرام / CREAM,4,8697416468412 | 8697416468429 | 8697416468405 | 8697416468436
27675,بسكويت ويفر توران 55 جرام - TOREN,3,8697439300379 | 8697439300256 | 8697439300102
27676,بسكويت ويفر توران 55 جرام - TOREN,3,8697439300386 | 8697439300263 | 8697439300119
27679,,1,5410126006377
27680,شوكلاتة اللوتس بالبسكويت 180جرام LOTUS,2,5410126003703 | 5410126003802
27681,شوكلاتة ريتير سبورت ميني 15 قطعة /Ritter,3,4000417327802 | 4000417328007 | 4000417327901
27685,,3,5901065005526 | 4000607000362 | 5901065005984
27688,شوكلاتة دبل ستار 23 جرام - DOUBLE,1,4337185717642
27689,شوكلاتة ميلينوم 100 جرام - MILLENNIUM,4,4820075508906 | 4820075508944 | 4820005198597 | 4820005195848
27692,شوكلاتة لوح 100 جرام 74% -,1,4820005198559
27693,شوكلاتة لوح 100 جرام - MULLENNUM,3,4820075508531 | 4820075508555 | 4221121211212
27694,بسكويت اوزمو هوبو 40 جرام - OZMO,1,8699141157111
27695,معمول ياسمين التمر بالسميد 16 جرام -,3,6253501829722 | 6253501829760 | 6253501821511
27696,معمول ياسمين التمر  16 جرام - YASMEEN,2,6253501820507 | 6253501829739
27699,شوكلاتة ماوس 135 جرام - MULLENNIUM,3,4820075507688 | 4820075507701 | 4820075507664
27703,حلو سيوقاب 40 جرام - SUGABEE نعنع,6,8699993202007 | 8699993800074 | 8699993200003 | 8699993205060 | 8699993203004 | 8699993204001
27704,بسكويت أوريو 154 جم / CHOCO,5,7622300315283 | 7622210626028 | 7622210693303 | 7622210464729 | 7622210839442
27705,بسكويت لف مي بالبندق 40 جرام / LOVEME,4,8682450671164 | 8682450671157 | 8697480199410 | 8697480199427
27706,بسكويت لف مي باكو×24×40 جرام فانيلا /,2,8682450671195 | 8682450671188
27708,غزل بنات جونيا - COTTON JUNIA,1,598090629633
27710,كيك بوب كيك 200 جرام - POP KEK,3,8690533006635 | 8690533006604 | 8690533006611
27715,برتزيل 45 جرام حار حلو / baker sticks,6,6251934002996 | 6251934003009 | 6251934002897 | 6253809981115 | 6253809980835 | 6253809980842
27718,نوجا فروتي تفاح 20 جرام Frutty,4,8690997080134 | 8690997080127 | 8690997080592 | 8690997080110
27719,شوكولاتة ماجيك حليب 80 جرام Magic,1,8690997021984
27725,باكو  جلي اشكال 40 قطعة,1,6971439721689
27726,كراكر ماريتي بيتزا   70 جم  maretti,7,3800205871255 | 3800205877325 | 3800205875208 | 3800205875000 | 3800205875109 | 3800205875307 | 3800205875604
27730,باكو  ويفر موتو 20 قطعة motto,3,3800205871736 | 3800205876779 | 3800205876878
27731,ويفر موتو 34 جم motto,4,3800205876755 | 3800205871705 | 3800205876861 | 3800237480562
27733,ويفر بفلة كوكو ليفرز شوكلاتة 8قطع  COCOA,2,6222001109559 | 6222001109573
27734,ويفر بفلة كوكو ليفرز شوكو باكو×12,2,6222001109542 | 6222001109566
27738,توفي  150 جرام - Azedinha,4,7896286621021 | 7896286621014 | 7896286619202 | 7896286619189
27740,دراجيه بيرفكتو  قهوة 60 جرام / PERFECTO,2,8690835604775 | 8690835604768
27750,بسكويت بيرفكتو 33 جرام بشوكلا الحليب,3,8690835604843 | 8690835604867 | 8690835604850
27753,بسكويت بيرفكتو باكو24قطعة× 33 جرام,3,8690835604898 | 8690835604881 | 8690835604874
27754,بونتي دارك - حليب 40 جرام / Bonte,2,8699270011759 | 8699270011773
27757,شوكلاتة تامبول باللوز ألواح 100 جرام /,3,8699270005185 | 8699270017874 | 8699270017621
27763,شوكلاتة كيك اريفو 25 جرام - ARRIVO اناناس,6,8681038202509 | 8681038202523 | 8681038201588 | 8681038202530 | 8681038202516 | 8681038204121
27764,شوكلاتة كيك اريفو 25 جرام - ARRIVO  باكو,4,8681038211587 | 8681038212522 | 8681038214120 | 8681038212539
27765,شوكلاتة مارس 5 قطعة *50 جم,2,5000159560542 | 5000159558594
27766,بسكويت بيرفكتو 26 جرام /PERFECTO,2,8690835604980 | 8690835604997
27767,بسكويت بيرفكتو باكو×24قطعة× 26 جرام,2,8690835605017 | 8690835605024
27772,بسكويت مارشميلو ياسيم 216 جرام - YESEM,2,8690766132934 | 8690766292362
27774,شوكلاتة بنانا 35 جرام - FUN BANAN,2,4680021883828 | 4607015239485
27775,شوكلاتة بنان 35 جرام - باكو × 15,2,4680021883835 | 4607015239492
27776,لوح شوكلاتة روسي 90 جرام - APAXNCOM,3,4690329005693 | 4690329007536 | 4690329007550
27784,شوكلاتة ميلك 200 جرام / mllk chocolate,3,4088600176505 | 4088600176512 | 4088600193014
27787,,1,8000500423608
27788,,1,8000500423530
27791,شتوي الفرسان كرتون 6 قطع × 25 جرام بطعم,1,254556432147
27795,شوكلاتة الابينيلا 90 جرام - ALPINELLA,2,5901806003507 | 5901806003026
27799,بوب كيك ميني 144 جرام 8 قطع ليمون -,0,
27801,ميني كيك بطعم الفواكه هالك 100 جرام / Halk,2,8690766293963 | 8690766295172
27805,,1,6972885416877
27806,شوكلاتة كوري 110 جم CORY,1,7896286620840
27810,كيك مانيلا بالشوكولاتة 25 جرام / MANELA,4,8681038201816 | 8681038201823 | 8681038201830 | 8681038201809
27811,كيك مانيلا باكو×24×25 جرام بالكراميل /,4,8681038211808 | 8681038211839 | 8681038211822 | 8681038211815
27812,بسكويت ماجستيكو محشو 75 جرام كراميل/,4,8594058251917 | 8594058251894 | 8594058251887 | 8594058251900
27813,بسكويت أوكراني ماجستيكو باكو24× 75 جرام/,4,8594058258923 | 8594058258909 | 8594058258916 | 8594058258893
27814,عرض شوكلاتة ريتير سبورت ميني قطعة,11,42208532 | 42208563 | 42208617 | 42208556 | 42030584 | 42208570 | 42208587 | 42208549 | 42208525 | 42220152 | 42220145
27816,تمر فاخر بالمكسرات مطلي بالشوكلاتة جونيا,1,598090629022
27820,,1,8682718411938
27821,بسكوت بيتي بير ألفين  500 جم 6باكو / ALvien,2,8680395192119 | 8680395195837
27822,شوكولاتة توداي دارك سادة 42 جرام / today,8,6251100001204 | 6251100006223 | 6251100006230 | 6251100004205 | 6251100004199 | 6251100004236 | 6251100004076 | 6251100000702
27823,شوكولاتة توداي بالحليب ربطة×3×42 جرام /,2,6251100006209 | 6251100003659
27824,شوكولاتة توداي الحليب قليل دسم ألواح بدون,18,6251100001037 | 6251100001006 | 6251100001013 | 6251100006612 | 6251100006414 | 6251100001020 | 6251100000993 | 6251100006629 | 6251100008760 | 6251100008838 | 6251100009736 | 6251100009323 | 6251100009361 | 6251100009750 | 6251100009347 | 6251100009712 | 6251100009293 | 6251100009354
27826,بيض سباق اطفال,1,8680945412896
27831,ويفر جراند ميني 16 جرام  Grand mini,2,2008284001162 | 2008284001018
27834,بسكويت دالما 30 جرام - DALMA,4,2008284007775 | 2008284009885 | 2008284009984 | 2008284091248
27835,بسكويت دالما 30 جرام - DALMA   باكو × 20,5,2008284005788 | 2008284004545 | 2008284010683 | 2008280087702 | 2008284002541
27846,,1,2106000016343
27866,بسكويت فوندو 40 جرام - FUNDO فانيلا,2,8680979213018 | 8680979213049
27867,بسكويت فوندو 40 جرام - FUNDO   باكو ×,2,8680979223048 | 8680979223024
27868,بسكويت مارشميو ساندوتش 50 جرام -,1,8680979217764
27869,بسكويت مارشميو ساندوتش 50 جرام-,2,8680979227763 | 8680979227756
27876,خبز محمص روسي 80 جرام باللبنة والأعشاب-,2,4607120852531 | 4607120852456
27880,باكو بسكويت ويفر كات تات اولكر 39 جرام,1,68690504086132
27881,شوكولاته كليك 65 جرام  - احمر,5,7290112494221 | 7290112494238 | 7290112494283 | 7290112494276 | 7290112494313
27882,عدسيم سكتليز 45 جرام - ازرق,4,4009900522250 | 4009900522120 | 4009900522083 | 4009900522106
27884,كيك دبدوب بالشوكولاتة 50 جرام / Bean,1,8681270487795
27885,,1,8681270497794
27886,بسكويت مارشميلو بالكاكاو و جوزالهند 56جم /,2,8680395192348 | 8681270481540
27887,بسكويت مارشميلو بالكاكاو باكو×24×56جم /,2,8680395196049 | 8681270491549
27888,بسكويت الكراميل بكريمة اللوتس 120,3,6223007370677 | 6223007370691 | 6223007370653
27889,بسكويت دفشنيوت 350جم محشو شوكلاتة ( خبز,3,4607015235401 | 4607015235302 | 4607015235333
27890,بسكويت كيك الكوكيز بطعم الفراولة 137 جم,2,4607015235784 | 4607015235760
27894,بسكويت نستلة بالبندق 30.5جم / Nestle 1927,3,8690632244839 | 8690632760995 | 8690632761077
27895,بسكويت نستلة بالبندق باكو×12×30.5جم /,3,8690632244846 | 8690632761008 | 8690632761084
27897,شوكولاتة بالحليب مع بسكويت تورين ديلا,3,8697439303455 | 8697439303394 | 8697439303424
27898,شوكولاتة تورين ديلا باكو×24×52جرام Toren,3,8697439303462 | 8697439303400 | 8697439303431
27903,لبانة ماربيلا الماجيك بالعسل بطعم المانجو 48,1,6224007989838
27922,عطري جيب فاخر FAN AWAY LISIVE,5,6931638907697 | 6931638907789 | 6931638907703 | 6931638907765 | 6931638907833
27923,عطر قلم طويل PURE BLACK,3,6931638923376 | 6931638920740 | 6931638920924
27929,ريحة عطر قلم صغير سوفت 6مل,5,6931638911687 | 6931638900285 | 6931638911717 | 6931638900223 | 6931638900247
27930,مقص مطبخ وسمك High Quality,1,6947339300477
27932,مقص SCISSIRS,2,5702538390060 | 6937522600347
27936,شوكلاتة ليون 33 جرام - LION 2 GO   باكو,1,4600680005836
27946,,1,8699141158095
27947,,1,8691707060200
27958,بيض لعبة ماجيك MAGIC,2,8682091100122 | 8682091100115
27967,,2,8691066182353 | 8691066104553
27968,جلوبي كاندي 20 جرام صحن - TOY BOX -,3,8681451514715 | 8681451514814 | 8681451514913
27969,جلوبي كاندي 20 جرام صحن - TOY BOX -,3,8681451514937 | 8681451514821 | 8681451514722
27973,كيك سويس رول 3 قطع بالشوكولاتة ميني,3,6253002445148 | 6253002400314 | 6253002400819
27974,كيك سويس رول 3 قطع ميني باكو×12قطعة,3,6253002443670 | 6253002443663 | 6253002443649
27975,كيك سويس رول قطعة بالفراولة جوردينا,2,6253002444417 | 6253002434340
27976,كيك سويس رول باكو×24قطعة جوردينا,4,6253002444455 | 6253002444424 | 6253002444431 | 6253002444448
27977,بسكويت الشوفان و القمح 33جم ديجستيف /,4,6223003806583 | 6223003803995 | 6223003803988 | 6223003803971
27978,بسكويت الشوفان و القمح باكو×12قــ,4,6223003804978 | 6223003804985 | 6223003804992 | 6223003807580
27979,بسكويت القمح محشو بالشوكولاتة40جم,1,5000396044645
27980,بسكويت القمح محشو فانيلا باكو×16ق,2,5000396044621 | 5000396044652
27985,بسكويت القمح مغطاة بالشوكولا200جم,2,5000396014822 | 5000396014877
27986,بسكويت بالقمح 300 جم ديجستيف / Mcvities,3,5000396015898 | 59290500677 | 5000396019193
27988,بسكويت بريتزل بالريحان عائلي 200جرام /,2,6251934001654 | 6251934003054
27989,بسكويت الخريج 230 جرام,1,9789851937956
27992,كوكيز روشين 150 جرام - ROSHEN,4,4823077618253 | 4823077618246 | 4823077633348 | 4823077633331
27995,دفينتوش حليب بنكهة العسل 500 جرام,1,4820024385640
27999,دربس منتوس نعنع 135 جرام /  mentos,1,8990800024615
28000,كيك كارولينا روشين 135 جرام -,2,4823077630019 | 4823077629969
28001,كيك روجيم فايبر ون 100 جرام - FIBER,2,8410076910820 | 8410076910899
28002,كيك روجيم فايبر ون 100 جرام - FIBER,2,8410076620996 | 8410076621085
28005,بسكويت كوكيز بالشوكلاتة جيسكي 100 جرام -,1,5900352014821
28006,شوكولاتة ام اند ام بني 45 جرام M&Ms,1,40111490
28007,,1,76223000264
28008,كيك سويس رول كوهاما290 جرام بطعم الفراولة,4,4823017506213 | 4823017503717 | 4823017506206 | 4823017506251
28017,بسكويت بالكاكاو سويت بلس جو _ تيني,2,3800065711784 | 3800065711760
28018,بسكويت بالشوكولاتة فوروكو 82جم / 4OKO,3,3800065713269 | 3800065713276 | 3800065713252
28024,بسكويت في اي بي 27 جرام - VIP,1,6251587247829
28025,بسكويت في اي بي 27 جرام - VIP   باكو × 24,1,2008284022075
28029,حلو سوجاب باكو×24بكيت×40 جرام مشكل -,5,8699993201819 | 8699993800470 | 8699993203011 | 8699993204018 | 8699993200010
28030,كراكر بيس كيف 120 جرام - BISKEYF نكهة,4,8690481004127 | 8690481004042 | 8690481004110 | 8690481004134
28031,بسكويت ساندوتش فيرو 61 جرام - FERRO,2,8690120121727 | 8690120093079
28032,بسكويت ساندوتش فيرو 61 جرام - FERRO,1,8690120555034
28034,ويفر أويلم 125 جرام Oylum بالليمون,1,8690646386129
28045,شوكولاتة ميلينيوم باكو 375 جرام * 30 قطعة,2,4820075504915 | 4820075503864
28046,شوكولاتة ميلينيوم 12.5 جرام MILENNIUM,2,4820075504908 | 4820075503857
28047,شوكولاتة لوح روشن 80 جرام ROSHEN,3,4823077626241 | 4823077626364 | 4823077626227
28054,مولتو كريستي ميني 60 جرام - CRUSTY,1,6223000034088
28055,كبك كيك عائلي قطع موفينز بالكرز 470 جرام,4,4607001416395 | 4607001416241 | 4607001416289 | 4607001416265
28056,كيك حلقات بالفراولة قطعة 40 جرام KOVIS,3,4607001417446 | 4607001417460 | 4607001417422
28057,كيك حلقات بالفراولة240جم ربطة×6 قطع ×40,3,4607001417439 | 4607001417453 | 4607001417415
28058,بسكويت بالمارشميلو 200 جم _ NOKKA,2,8682084092601 | 8681270485036
28059,كبك كيك المارشميلو بالفراولة 160 جرام / Tea,2,4823017507074 | 4823017507067
28060,حبوب شوفان الافطار الصحي قليل الدسم كاسة,6,4820220140043 | 4820220140074 | 4820220140036 | 4820220140012 | 4820220140067 | 4820220140029
28061,خبز توست 350جم Untad,3,8696292001690 | 8696292001737 | 8696292001706
28066,شوكلاتة بوب 30 جرام - BOB كاكاو,2,8680918090847 | 8680918090861
28067,شوكلاتة بوب 30 جرام - BOB      باكو × 24,1,8680918090854
28068,كيك فيرو 45 جرام - FIERRO COCONUT,1,8680918091127
28069,كيك فيرو 45 جرام - FIERRO COCONUT,1,8680918091158
28082,كعك القمح بزيت الزيتون 450 جرام طيبات,1,9900010001435
28083,معمول سميد بالسمن البلد 450 جرام طيبات,1,9900010001442
28088,,1,28088
28091,خلطة مكسرات حار 17 جرام / nutzz Mix,1,8695876205837
28101,كيك بونجور 29 جرام -  BONJOUR  عنب,2,4823012265023 | 4823012211730
28102,كيك بونجور 29 جرام -  BONJOUR  باكو ×,1,4823012257653
28103,بسكويت بيتي بيتر 400 جرام - GARANCIJA,1,3870404002989
28104,بسكويت ويفر 200 جرام اوبلاتكي -,2,3870404000664 | 3870404002699
28110,,1,8000500224281
28111,,1,8000500383865
28112,,2,340520 | 34000109227
28115,سوس 150 قطعة 1500 جم(Bebeto) - فراولة,3,8690146076049 | 8690146076056 | 8690146076070
28119,,1,87108910
28124,معمول بالتمر تمورة الخلطة الأصلية 16قــ/400,4,6211044902005 | 6211044902333 | 6211044902036 | 6211044902067
28130,كيك تودو ماكس بالشوكولاتة - TODO MAX,3,6223000494899 | 6223000494929 | 6223000494950
28131,كيك تودو ماكس باكو × 12 قطعة بالشوكولاتة -,3,6223000494905 | 6223000494936 | 6223000494967
28132,ويفر عليت 200 جرام شوكولاتة,2,7290107951104 | 7290107951111
28134,كيك عليت 380 جرام أحمر,1,7290107958448
28135,كيك جودي تركس 45 جرام - JODY TREX,1,8680979245286
28136,كيك جودي تركس 45 جرام - JODY TREX,1,8680979255285
28139,,1,598090629145
28140,,1,7290003143382
28153,شوكولاتة كوجو 25 جرام Kagi Choco بالبندق,1,7610046000228
28155,شوكولاتة بالبندق رملة 24 جرام Ramella,1,8697412411092
28166,,1,8690120122588
28167,,1,8690120555676
28172,مارشميلو جودي 45 جرام,6,8680979247549 | 8680979245613 | 8680979245248 | 8680979245255 | 8680979245354 | 8680979245309
28173,كيك جودي بول 45 جرام - باكو × 24,6,8680979255308 | 8680979255353 | 8680979255254 | 8680979255247 | 8680979255612 | 8680979248546
28174,كوكيز كرنشي 20 جرام ازرق - COOKIE,1,6251045412332
28175,كوكيز كرنشي 20 جرام - COOKIE باكو ×,1,6251045412363
28183,جلي توي بوكس 200 جرام علب / ToyBox,6,8681451519512 | 8681451520013 | 8681451519741 | 8681451519918 | 8681451519611 | 8681451519819
28200,شوكلاتة جالكسي 42 جرام - GALAXY,1,5900951247033
28201,,1,5000159532860
28215,بسكويت شوفان ميكس ميكس - MEXMIX,1,8680624667098
28227,شوكلاتة مورا 120 جرام - mora,3,6224008930877 | 6224008930860 | 6224008930853
28228,شوكلاتة مورا 120 جرام - mora     باكو ×,2,6224008930884 | 6224008930891
28249,بسكويت ايليت قطعة Elite WAFERS,1,6222000900102
28255,بسكويت ويفر فيرونا 375 جرام - verona,2,5319991502468 | 5319991502475
28256,بسكويت ويفر فيرونا كيس 250 جرام - verona,2,5319991502482 | 5319991502017
28264,مقرمشات مخبوزة بطعم الكاتشب برتزيل 30 جرام,4,6223006311381 | 6223006311428 | 6223006311374 | 6223006311442
28266,مقرمشات مخبوزة برتزيل كرتونة×24بكيت×30,4,6223006312203 | 6223006312197 | 6223006312180 | 6223006312173
28267,معمول حمدان قطعة 17 جم / Hamdan,3,6253802260705 | 6253802260613 | 6253802260682
28272,,1,6223012613301
28276,,1,5410126006360
28279,,2,8690120129860 | 8690120060408
28285,شوكلاتة فريسكا بار باكو×24قــ×20 جرام -,1,6223000494417
28288,مولتو ماجنوم بالشوكولاتة 90 جرام MAGNUM,2,6223000495124 | 6223000495148
28299,,1,8682077034502
28300,,1,8682077134509
28306,ملبن الخليل اصبع,2,59934876813 | 6253503473503
28319,شوكولاتة كورونا ميلك corona Bimbo,4,6221073011609 | 6221073011661 | 6221073001198 | 6221073001334
28320,شوكولاتة كورونا ميلك باكو ×12قطعة corona,4,6221073011616 | 6221073011678 | 6221073001204 | 6221073001341
28321,شوكلاتة كندر هابي هيبو 20.7 جرام -,1,4008400440125
28323,,1,7290106525504
28326,,0,
28329,قسماط ريو بريتزل شطة وليمون 250 جرام,4,6223006310148 | 6223006310124 | 6223006310117 | 6223006310131
28331,,2,5000159557238 | 5000159557221
28336,,3,810099960082 | 810099960099 | 810099960105
28341,,3,57024974 | 57024943 | 57024967
28343,بقسماط كلاسيك سناكس 40 جرام شطة وليمون,3,6223006310070 | 6223004763908 | 6223004763922
28344,,1,6253350001539
28345,,1,6253350001126
28353,بسكويت محشي بالفراولة مدور 182جم,1,4603290002684
28365,مارشميلو هاريبو 70 جرام HARIBO,4,8691216097162 | 788364737045 | 788364738066 | 788364738042
28367,,1,4820207122208
28394,شوكولاتة بيرفكتو تتش حلبي 38جرام,3,8690835604904 | 8690835604812 | 8690835604829
28395,ساندويش بسكويت بالمارشميلو باكو 24 قطعة,1,8680979257036
28396,تويكس أزرق اصبعين 23 جرام twix ملح,1,5000159528955
28399,,1,8690504020370
28400,,1,5000159558761
28411,,4,7896321021816 | 7896321021885 | 7896321021861 | 7896321021892
28414,,3,8692544001050 | 8692544001623 | 8692544001289
28415,,1,6923455487643
28426,مارشملو هاربيو 62 جم HARIBO -فرولة,2,8691216097148 | 8691216094833
28427,بسكوست بسكوليتا مود 125 جم MOOD - دارك,4,8699141057039 | 8699141057053 | 8699141056049 | 8699141056056
28431,,1,4008400301327
28432,بسكويت كوكيز لوكر 96 جم LOACKER,4,8000380187348 | 8000380187300 | 8000380187249 | 8000380187119
28438,ويفغر جاردينا 17.5 جم GARDENA,1,80001508
28442,خبز تورتيلا ديليسون  سوفت - 8 قطعة,6,8437011503138 | 8437011503077 | 8437011503060 | 8437011503459 | 8437011503343 | 8437011503336
28448,جلي جوجو 20 جم JOJO - ملون,3,8690997011213 | 8690997011206 | 8690997011176
28449,جلي جوجو 20 جم 24 قطعة  JOJO - ملون,3,8690997111210 | 8690997111173 | 8690997111203
28450,جلي شريط السان جوجو جلي Jojo Jelly فراولة,3,8690997011435 | 8690997011428 | 8693323848125
28451,باكو جلي شريط السان جوجو جلي Jojo Jelly,2,8690997111432 | 8690997111425
28457,ويفر رول كروكو 40 جم croco - شوكلاتة,2,8681812031592 | 8681812031608
28458,بسكويت جولدا وبي ماكس 24 قطعة,1,8696646205620
28459,بسكويت مارشملو اوليرو 18 جم - oliro,0,
28460,,0,
28464,بسكويت مارشملو /اوليرو 50 جم,2,8697461703506 | 8697461703483
28465,بسكويت مارشملو بابيلو /اوليرو  24 قطعة,1,18697461703503
28469,بسكويت جولدا وبي 50 جم  WHOOPIE,2,8696646205590 | 8696646205606
28471,شوكلاتة اورو 120 جم- ORO,2,5908234810813 | 5908234810790
28475,كيك دولجاس 24 قطعة Dolgasa- جوز هند,3,8681038211327 | 8681038211303 | 8681038211310
28482,ويفر لوكر 4 اصبع *22 جم LOACKER-,4,8000380148370 | 8000380148325 | 8000380004072 | 8000380202010
28483,,1,8680508564321
28485,كيك مينا بالشوكلاتة 40 جم MINA,1,8681038052005
28486,كيك مينا بالشوكلاتة 24 قطعة MINA,1,8681038152002
28487,,1,8690632994048
28490,بسكوت ميلكا شوكو ليت 40 جم CHOCO,1,7622210203359
28491,,1,8699270018031
28493,,1,8699270017973
28495,دروبس كلفاني 150 جرام KALFANY - نعنع,3,4002590000046 | 4002590000022 | 4002590000633
28496,ويفر نمبر ون 50 جم no:1 - بندق+ كراميل,4,8690120131948 | 8690120132341 | 8690120131931 | 8690120132365
28497,باكو ويفر نمبر ون 24 قطعة no:1 - ليمون,4,8690120561219 | 8690120561844 | 8690120561820 | 8690120561509
28498,كيك اوسم 400 جم - شوكلاتة,8,7290006983787 | 7290106575257 | 7290006983794 | 7290106574793 | 7290006983763 | 7290006983770 | 7290105693457 | 7290106575431
28500,كراكر اوسم -200 جم- طحين قمح,2,7290109354101 | 7290000077253
28507,خلطة كوكيز 200 جرام Gooey Chocolate,3,5010084905042 | 8906000220603 | 5010084905066
28515,جرانولا الفاكهة 375 جرام GRANOLA,3,4820221690837 | 4820221690806 | 4820221690844
28526,كاسة شعر بنات غزل,1,317421
28527,,1,2024511720248
28534,شوكولاتة كتكات 120 جرام KitKat Senses,3,6294003599034 | 6294003598976 | 6294003599003
28535,بسكوت اوريو 51 جرام Oreo - فرولة,2,8961003652011 | 8961003026010
28536,بسكوت اوريو 51 جم* 6 قطعة Oreo,2,8961003552014 | 8961003552274
28537,بسكوت اوريو 26 جم Oreo - فرولة,2,8961003654022 | 8961003046018
28538,,1,8961003554056
28545,شوكلاتة نيفست بار 23.5 جم Nesfit,3,5900020036476 | 5900020028228 | 5900020028051
28551,بسكويت تارتلو 40 جرام Tartello برتقال,2,8681270440882 | 8681270443784
28552,باكو بسكويت تارتلو 40 جرام Tartello برتقال,2,8681270450881 | 8681270453783
28555,بسكويت بورليو 370 جرام PORLEO,3,8682718414601 | 8682718414618 | 8682718414625
28561,,4,7622210655271 | 7622210654885 | 7622210655318 | 7622210442802
28569,شوكلاتة تو دي 25 جم TODAY - لوز,2,6251100000504 | 6251100006650
28570,باكو شوكلاتة تو دي 25جم * 24 قطعة  لوز,2,6251100008357 | 6251100008364
28573,كروسون ميني 7 ايام بالشوكلاتة 60 جم,1,5201360571376
28574,ويفر قطع بالكوكو 250 جم BALOCCO,2,8001100059259 | 8001100059266
28575,ويفر قطع بالكوكو 125 جم BALOCCO,2,8001100067957 | 8001100072081
28578,شوكلاتة تو دي 12 جم TODAY -بندق,5,6251100006063 | 6251100006087 | 6251100007268 | 6251100006056 | 6251100007244
28579,شوكلاتة تو دي 12 جم *26 قطعة  بندق,5,6251100006124 | 6251100007664 | 6251100006148 | 6251100006131 | 6251100007657
28589,,1,3800200451575
28590,,1,8000500269008
28591,بيض كندر 80 جم KINDER,1,8000500266465
28600,,1,18697416462936
28601,,2,8697416467125 | 8697416467026
28604,,1,8690351170334
28605,,1,8691720008715
28611,,1,6223000496367
28617,,1,8697671969211
28620,كيك برونش 20 جرام Pronch فراولة,3,6224000353247 | 6224000353261 | 6224000353230
28621,باكو *12 كيك برونش 20 جرام Pronch فراولة,3,6224000353285 | 6224000353308 | 6224000353278
28622,,3,7896451911407 | 7896451910165 | 7896451910189
28625,قسماط ميكسي 200 جرام Mixy ملح,8,6223001200208 | 6223001200246 | 6223001200451 | 6223001200215 | 6223001200239 | 6223001200680 | 6223001200697 | 6223001200673
28631,,1,5000159536233
28634,ويفر جورتيم 40 جم gofretim - فانيلا,5,8690835104817 | 8690835106804 | 8690835105746 | 8690835107788 | 8690835104756
28635,باكو ويفر جورتيم 40جم *24 قطعة gofretim -,5,8690835104824 | 8690835104763 | 8690835107795 | 8690835105753 | 8690835106811
28649,شوكولاتة بيرفكتو تتش 38 جم*24 قطعة - حلبي,2,8690835604911 | 8690835604935
28650,بسكويت ويفر 24 جرام Wafer شوكولاته,2,6222000903264 | 6222000902571
28651,باكو * 12 بسكويت ويفر 24 جرام Wafer,2,6222000903271 | 6222000902588
28662,شوكولاتة كادبوري تويرل بيتيس 25.6 جرام,5,7622210818447 | 7622210595782 | 7622201129323 | 7622210818485 | 7622201438913
28666,شوكولاتة هيروس 185-189 جرام HEROES,2,7622210959911 | 7622210959881
28668,باكو * 5 شوكولاتة البين 28 جرام Alpen,2,5010029211023 | 5010029223408
28669,شوكولاتة سنكرز 47 جرام SNICKERS,6,5000159516211 | 5056357900857 | 5000159516198 | 5900951311505 | 5000159560511 | 4607065001445
28676,شوكولاتة ام اند ام 40 جرام M & M اسود,4,6253505512040 | 6253505512026 | 6253505512019 | 6253505512057
28677,مصاص نوفا ملون 20 جرام NOVA,2,8683252152158 | 8683252152172
28680,,0,
28688,,1,6772504881020
28689,,1,6772504881044
28690,,1,8681270449342
28691,باكو بسكوت مستر ون احمر 35 جم *24 قطعة,1,8681270459341
28694,بسكويت ويفر 175 جرام Woflers فانيلا,3,8682718416575 | 8682718416551 | 8682718416605
28695,بسكويت بوليو مكسيمو 25 جرام maximo جوز,2,8682718452931 | 8682718452948
28696,باكو * 24 بسكويت بوليو جوز هند 25 جرام,1,8682718462930
28697,,1,7290015910613
28700,ويفر رول تيوب ان 48 جرام TUB-in بندق,4,7896079846228 | 7896079846525 | 7896079846129 | 7896079846730
28704,كوكيز شوكو شوب 150 جرام  وايت-,2,5000168183718 | 5000168183510
28709,دايجستيف عائلي 316جم *2 McVitie's,3,5000168208480 | 5000168190846 | 5000168208503
28710,دايجستيف عائلي 400 جم McVitie's,1,5000168001159
28711,,1,72417153044
28719,,3,5010035068369 | 5010035068383 | 5010035001021
28720,,2,5010035066419 | 5010035066426
28722,شوكولاتة اصابع جرانديس 40 جرام,3,8690835107085 | 8690835107177 | 8690835604270
28726,,1,6224053084174
28730,بسكويت ويفر اوليو 115 جرام Oleyo برتقال,5,8682054118072 | 8682054118065 | 8682054118041 | 8682054118034 | 8682054118058
28731,بسكويت بسكولاتا بيا  100 جرام Biscolata,1,8699141157531
28737,باستو كيك 50 جرام Pasto فراولة,2,6224001147333 | 6224001147371
28738,باكو * 12 باستو كيك 50 جرام Pasto,2,6224001147388 | 6224001147340
28739,,1,6224009584543
28740,,1,6224009584550
28743,,1,8690120062440
28744,جلي سيمونيتو 120 جرام Simonetto فواكه,2,7897652605751 | 7897652605942
28745,شوكلاتة فورتي  توركو ماجستو 20 جم,1,8690120056340
28749,كيك دبدوب هاي بوبو 50 جرام Hipopo,2,8682729500362 | 8682729500379
28750,باكو * 24 كيك دبدوب هاي بوبو 50 جرام,2,8682729501369 | 8682729502373
28752,كيك سويس رول كوفيس  200 جرام KOVIS -,4,4607001411284 | 4607001413301 | 4607001410317 | 4607001411666
28753,شوفان ميكس ميكس 26.5 جرام Mexmix,5,8680624660310 | 8680624660365 | 8680624660396 | 8680624666961 | 8680624660426
28754,باكو * 24 شوفان ميكس ميكس 26.5 جرام,5,8680624660372 | 8680624666978 | 8680624660327 | 8680624660464 | 8680624660419
28756,,1,6223009110165
28757,,0,
28758,,2,8681980570640 | 8681980573542
28761,,2,5900352012605 | 5900352002866
28765,,1,5900352007151
28766,,10,4820075505547 | 7622210077691 | 4820240030522 | 7622210957375 | 4820240031666 | 4820005193073 | 7622202313080 | 7622202286698 | 7622210999412 | 7622202269738
28767,,1,5010035066549
28768,فشار حلو  فن دي 45 جم FUNDAY كراميل,3,6224009765546 | 6224009765560 | 6224009765607
28769,,1,8690632245775
28772,,2,8710998425595 | 8710998425625
28773,شوكولاتة توبس 42 جرام Tops نكهة الشوكلات,5,6253348100572 | 6253348100541 | 6253348100589 | 6253348100565 | 6253348100558
28779,,1,4820028526742
28785,,1,8682054117594
28786,,5,8691216022515 | 8691216016972 | 8691216022027 | 8691216020627 | 8691216020689
28788,دراجية سبيكس 50 جم SPIKS - زبيب,3,7896321018397 | 7896321018373 | 7896321018366
28791,,6,5902379433838 | 5902379511833 | 5902379185836 | 5902379843835 | 5902379841039 | 5902379105636
28800,,1,7896321018069
28802,,6,8690526067537 | 8690526028057 | 8690526047508 | 8690526027593 | 8690526047768 | 8690526028040
28803,,6,8690526797762 | 8690526648057 | 8690526727592 | 8690526747538 | 8690526747507 | 8690526678047
28804,كيك فن داي 50 جرام FUNDAY بقطع,3,6224007581056 | 6224010268135 | 6224010268159
28805,وافل لي تارتي 50 جم LE TARTI - فرولة,3,4604386037788 | 4604386037771 | 4604386037870
28808,شوكلاتة فل بار 60 جرام - FULLBAR - حلبي,3,8682655013981 | 8682655014049 | 8682655014018
28809,شوكلاتة فل بار 60 جرام - FULLBAR  باكو,3,8682655013998 | 8682655014056 | 8682655014025
28811,بسكويت فوري محشو بالكريمة 10 جرام Fori,3,6224000854614 | 6224000854621 | 6224000854638
28817,,4,6224000854805 | 6224000854829 | 6224000854836 | 6224000854812
28819,بسكويت اولكر مدور  81 جم ULKER - بندق,2,8690504086529 | 8690504087038
28821,,2,8690504020608 | 8690504020639
28826,,1,6253501550299
28829,,1,2008280014418
28830,,1,2008280024417
28835,كيك دانيك 160 جم dankek - جوز هند,4,8690504080435 | 8690504064367 | 8690504064374 | 8690504064428
28836,,2,5900823016590 | 5900823017061
28839,,2,8690504067825 | 8690504066828
28845,بسكويت كوكيز بوتوني 130 جرام Bottoni,1,5310206004012
28852,عرض شوكلاتة ساريلي 33 جرام -,1,8690550915613
28853,باكو * 20 عرض شوكلاتة ساريلي 33 جرام -,2,8690550275601 | 8690550275618
28854,توفي توفيتا 47 جرام TOFITA فراولة,5,8690515118301 | 8690515118257 | 8690515221117 | 7622210851901 | 8690515118202
28855,باكو * 20 توفي توفيتا 47 جرام TOFITA كرز,5,8690515118219 | 8690515221124 | 8690515118318 | 7622210851918 | 8690515118264
28856,,1,8690705026225
28858,,1,8680508561269
28859,,1,8680508561245
28860,شوكولاتة اولكر 14 جرام ULKER برتقالي,4,8690504159438 | 8690504142607 | 8690504153214 | 8690504156659
28861,باكو * 24 شوكولاتة اولكر 14 جرام ULKER,4,8690504965817 | 8690504966555 | 8690504963608 | 8690504966623
28869,كيك تايجر 35 جرام My TEGERS محشي,3,8681863044725 | 8681863044497 | 8681863044589
28870,,3,8681863144494 | 8681863144586 | 8681863144722
28873,,1,8000500032237
28874,,4,86943925 | 86943956 | 86943963 | 86943932
28887,شوكلاتة ماسك 40 جم MASK - اصفر,3,8682077060020 | 8682077060051 | 8682077060013
28888,شوكلاتة ماسك 40 جم *24 قطعة MASK -,3,8682077160010 | 8682077160058 | 8682077160027
28891,,4,7290117260142 | 7290117260159 | 7290117260166 | 7290117260135
28893,,1,8682718434913
28897,,3,6221073011449 | 6221073010411 | 6221073011388
28898,,1,6221073010824
28899,,3,6221073010701 | 6221073010503 | 6221073011760
28900,,4,6221073011777 | 6221073010510 | 6221073010954 | 6221073011852
28901,مقرمشات وبرتزل بيكر 275 جرام baker التاكو,3,6253809980996 | 6253809980972 | 6253809980989
28902,,2,5410768034677 | 5410768051674
28903,,1,8434165437425
28911,كيك بالكوني 35 جم balconi - شوكلاتة,3,80602316 | 80635789 | 80752981
28912,كيك بالكوني 35 جم * 10 قطعة جوز هند,3,8001585001354 | 8001585001071 | 8001585001040
28913,كيك بالكوني 37جم balconi - حليب,3,80633075 | 80602309 | 80661641
28914,,2,8001585001330 | 8001585001323
28918,,1,6224000854799
28919,,1,6224000854577
28927,اصابع شوكولاتة ستيكس 30 جرام Sticks -,2,8682392710778 | 8682392710532
28928,اصابع شوكولاتة توجو 55 جرام TOGO -,2,8682392710501 | 8682392710471
28929,معمول سنابل الشهد 450 جرام - اصابع التمر,4,6281102690281 | 6281102690823 | 6281102690250 | 6281102690908
28937,,2,8681812047005 | 8681812047029
28943,,1,4035472215801
28945,دربس منتوس بطيخ 29 جرام اصبع mentos,8,8990800025643 | 8990800022550 | 8990800022567 | 8990800015224 | 8990800015286 | 8990800015255 | 8990800025704 | 8990800022574
28946,,2,8697439307231 | 8690997188731
28951,بسكوت اوريو 52.5جرام Oreo,1,7622202213281
28956,بسكوت فور يوي اخضر 30 جرام -,1,7290020010230
28957,بسكوت فور يوي اخضر 30 جرام كرتونة× 24,1,7290020010285
28962,قسماط مالح 80 جرام Sticks,1,4820091631046
28963,,2,8682718459268 | 8682718459817
28964,,1,6221073010442
28969,,4,6251934001074 | 6251934001234 | 6251934001210 | 6251934001227
28971,بسكوت كوكيز جرنادة موف 120 جرام,2,8681042332308 | 8681042332209
28972,بسكوت كريمة 27 جرام  cream - برتقال,3,776992110118 | 6285602010587 | 6285602010426
28973,,1,776992910114
28976,بسكوت كريمة 68 جرام  cream - بالموز,5,6285602000069 | 6285602000045 | 6285602006290 | 6285602006283 | 6285602006276
28977,,2,8902268008281 | 8902268008274
28978,بسكوت شوكولاته باكو × 12 قطعة - BIZKO -,3,8902268008328 | 8902268008311 | 8902268008304
28979,,1,6223000750346
28984,شوكولاتة ألعاب كريم تويز / Cream Toys,3,8682091115577 | 8682091115560 | 8697422655455
28985,كيك شوكولاته 350 جم,1,7290002329602
28988,,1,8682091115584
28992,,1,8904022915989
28994,,2,6925374529176 | 8992741956208
28995,,1,6925374529169
28996,ترند ابو عطية 100 جرام,6,7885237890050 | 7885237890074 | 7885237890081 | 7885237890067 | 7885237890036 | 6926098795304
29000,,1,6223000552841
29001,,1,6223000552858
29004,بسكويت اليت بالشوكولاته  - ELITE,2,6222000902540 | 6222000902526
29005,,1,6222000902519
29011,,0,
29014,ويفير توركو نمبر ون احمر 40 جرام,3,8690120131955 | 8690120140865 | 8690120140841
29015,,2,8690120567457 | 8690120566665
29016,,1,8684539655928
29017,,1,8684539655935
29018,,2,6624000513250 | 6624000513847
29019,,2,6624000513915 | 6624000513342
29021,,1,3800061804367
29029,شوكولاتة باونتي بكيت 150 جرام - BOUNTY,3,5000159557429 | 5000159558556 | 5000159559409
29032,,1,6221073011241
29040,,1,6936756265568
29041,بسكوت محشي بالفوكة - AMOULIN  - بالخوخ,4,6194021176548 | 6194021174407 | 6194021176562 | 6194021178702
29044,بسكوت ويفر شوكولاته 12 جرام  - WAFER,1,6974800050470
29045,بسكوت ويفر شوكولاته باكو × 30 قطعه -,1,6974800050500
29060,,1,6224007731109
29061,,1,6224007731123
29062,بسكويت شاي  لوريا - loria,1,6223005396303
29073,مولتو ماجنم مكس مينى 70 جرام,2,6223000552049 | 6223000497876
29076,,2,6223011330025 | 6223011330056
29078,,1,6223000227367
29081,,1,7793123000042
29082,,1,6224010705371
29083,لوح شوكولاتة بالنعناع 90 جرام -  MAPLE,1,8681248513235
29090,,1,8901928901122
29097,,3,1970597892229 | 970597892229 | 8231122449550
29104,,1,6972885417188
29105,,4,4009900532327 | 5000159376792 | 4009900545402 | 4009900460187
29107,,1,6971347332489
29113,,1,6223012522313
29118,,1,2356952366663
29121,,1,8681270410212
29126,,4,7290019987000 | 29424000601 | 29424000793 | 7290010750818
29129,,3,7290001164525 | 16000548497 | 16000548596
29131,,1,8690120042114
29132,قسماط بيرتزل 30 جرام - PRETZELS -,7,6223004760419 | 6223004760396 | 6223004760464 | 6223004760440 | 6223004760433 | 6223004760457 | 6223004760402
29133,بسكويت ديمه بالزعتر,1,6285602000687
29142,,1,6253350001638
29143,,1,6253350001744
29152,,1,5900951311321
29154,,1,6221134012712
29158,بسكويت ديمه 40 جرام,2,6285602012420 | 6285602012307
29161,,1,6285602006429
29167,,1,6223000550236
29168,بسكوت ديلايتس 25جرام - DELIGHTS - طعم,3,8681042333039 | 8681042333213 | 8681042333114
29169,بسكوت ديلايتس  باكو × 24 - DELIGHTS -,3,18681042333036 | 18681042333210 | 18681042333111
29172,بسكوت كروكو مخدات  100 جرام Croco,1,5941194004915
29178,بسكوت كراكر مدور 26 جرام,6,6974200461487 | 6974200461463 | 6923996622152 | 6926098794505 | 6974200461241 | 6974200461234
29179,,1,6974200461548
29180,,1,2009481404190
29182,,4,7622202313127 | 7622202209550 | 7622202211102 | 7622202313042
29200,,1,8681042336207
29201,قسماط 150 جم  بريتزل Pretzels بطعم,5,6223004763007 | 6223004762994 | 6223004762987 | 6223011433764 | 6223004763014
29202,,2,6285602012321 | 6285602012291
29204,,1,6977766990064
29206,,1,9556920001982
29208,,1,4780029511669
29209,,2,8902433000232 | 8902433003134
29210,,3,4820075503888 | 4820075504229 | 4820075503918
29216,,1,7622202206757
29218,شوكولاتة ريسيز  2 قطعه - 42 جرام /,1,34000702329
29227,,3,3800174400029 | 3800174400005 | 3800174400012
29228,,1,2032020646584
29229,,7,7622210822383 | 4820240033370 | 7622202284458 | 7622300086404 | 7622201106621 | 4820075505523 | 7622202278105
29243,,1,6253501822464
29254,بسكوت سادة باللوتس camanda بالبرتقال,3,6223000290033 | 6224000602949 | 6224000602437
29255,,0,
29256,بسكوت شاي افتر سفن -- جوز الهند,1,6224003078437
29261,,1,3800200450967
29263,شوكولاته كادبري ديري ملك 49 جرام - مكسرات,2,50312610 | 96133262
29272,شوكولاته دبي فراولة,1,61078690
29276,,2,3387390320558 | 5900020025395
29279,,3,34000124978 | 34000951352 | 34000110568
29286,شوكلاتة ميلاينيوم 100جرام - MILLENNIUM,0,
29287,,1,8697288521109
29288,,2,96202364 | 96207109
29294,لوح شوكولاتة ميلكا 95 جرام  - milka,7,7622202264177 | 7622200007332 | 7622210194046 | 7622202262739 | 7622210371638 | 7622210956163 | 7622202295058
29302,قسماط كروكو ثمانيات 300 جرام Croco,2,5941194000771 | 5941194005141
29303,بسكوت اولكر هاني ميلر توت 150 جرام,3,8690504116349 | 8690504011422 | 8690504011927
29309,,1,6941279805078
29313,,1,7891151039505
29314,دروبس رول كاندي 22 جرام - فراولة,1,6972885411988
29315,فوط سحرية 4 قطع  الانوار,1,2345670212895
29317,,2,4840266002914 | 4840266000866
29319,بسكوت سبلة مدور,1,6253014720257
29324,جلي بلجيكي فواكه 12جرام-كولا,3,6971486422690 | 6971486421778 | 6971486421723
29327,,1,8806609552382
29338,معمول كرم النخيل 200 جرام,3,6281000100288 | 6287048400380 | 6287048400366
29339,,1,6281000100073
29340,رهايف كرم النخيل 250 جرام - الشوفان بالتمر,3,6287048400571 | 6287048400557 | 6287048400540
29341,تمرية كرم النخيل 300 جرام - مزينة باللوز,3,6287026140123 | 6287016441063 | 6287048400403
29342,,2,6281000100981 | 6281000100226
29344,,1,4780111071330
29345,قسماط بيلق 300جرام - MB / دوائر كعك,4,7290017928128 | 7290017928609 | 7290017928364 | 7290017928210
29356,,2,4780111075901 | 4780111075888
29359,,1,8690504024538
29362,,2,8683508020798 | 8690504119586
29363,بسكوت كنوبرس 25 جرام knoppers,3,40144382 | 40144399 | 40144627
29364,,1,5056357915110
29366,بسكوتو توركو توتاجيك محشي 80 جرام,1,8690120121772
29372,بسكوت اوريو 26.25 جرام - بالشوكلاته  -,1,7622202310492
29376,,1,8004800001467
29381,,2,3856014103094 | 3856014115417
29383,,2,840205712915 | 840205731404
29384,,1,840205728176
29386,قسماط برتزيل 190 جرام hebron - فلفل حار,4,6253356201452 | 6253356201308 | 6253356201391 | 6253356201339
29387,قسماط برتزيل 45 جرام crumba - ملح,3,6223012524980 | 6223012525017 | 6223012525024
29388,قسماط برتزيل بيجلي 55 جرام-- ملح,4,6253356202497 | 6253356202503 | 6253356202541 | 6253356202527
29390,,4,6253809981603 | 6253809982242 | 6253809981740 | 6253809981757
29393,,3,8690120140162 | 8690120122526 | 8690120060736
29399,,2,8690504109846 | 8690766109981
29403,,1,6253809982273
29405,,1,6224000887117
29407,,2,4820005194124 | 4820240035831
29417,,12,8684787781301 | 8697439307446 | 8697439307620 | 8697439307538 | 8697439307712 | 8684787780915 | 8684787780977 | 8697439303547 | 8684787780946 | 8684787781004 | 8684787781271 | 8684787781332
29419,,1,8697439301925
29423,,1,8000500390306
29425,,1,8690120159973
29428,,2,8690766081317 | 8690766064518
29430,,1,6285602010730
29436,,1,6221134010121
29437,بلونداوا جاما BALONDWA GUMa,3,80809494 | 80977254 | 80780571
29442,شوكلاتة ميلاينيوم 100جرام - MILLENNIUM,4,4820005192946 | 4820240031529 | 4820005193059 | 4820240031505
29444,كوكيز ميلكا اوريو 156 جرام - Milka OREO,2,7622202265914 | 7622202265822
29445,كيك BH محشي 350 جرام,1,4607001416142
29454,,5,7896306624599 | 7896306621185 | 7896306621154 | 7896306624605 | 7896306624001
29463,,1,6222035229995
29464,,1,8681863048020
29466,قسماط اورو 30جم - ORO -- جبنة,3,6224008900085 | 6224008900122 | 6224008900115
29475,بسكويت بجوز الهند 90 جرام - HollandPark,1,628173680326
29476,,1,97056785852
29479,كيك هوردور 25 جرام - HODOR,2,8681863045548 | 8681863045609
29480,شوكولاتة ديري ميلك اوريو 16جم - DairyMilk,1,7622202221675
29494,,3,4820240032977 | 4820240032953 | 4820240035701
29520,,1,6251099011031
29528,,1,6224001825286
29530,,1,8690504068068
29531,قطع شوكولاتة ميرسي 185 جرام - Merci,2,4014400933079 | 4014400933062
29544,اصابع رول بالفانيلا 280 جرام NOlKa,1,667758001019
29546,بسكوت بيرجين كوكيز فراولة 128 جرام,2,5902379935639 | 5902379145687
29547,,4,8901071701952 | 8901071704335 | 8901071701945 | 8901071701938
29569,,1,6223000551677
29574,,1,6211044917023
29583,,3,788364737090 | 788364737083 | 788364737113
29586,جلي فتبول 15 جرام - FOOTBALL,9,6916597580334 | 6927260905521 | 6916597580273 | 6970288980117 | 788364737373 | 6926098788436 | 6916597580297 | 6926098798947 | 6971061731056
29587,مصاص وردة 55 جرام,1,8423236000064
29599,,1,6927262803405
29603,,1,6936756268750
29604,,6,8682304260933 | 8682304268854 | 8682304260964 | 8682304268878 | 8682304260940 | 8684083301357
29608,كيك ايطالي فاخر 240 جرام,2,7290018893661 | 7290018893876
29609,,2,8681863045340 | 8681863045395
29610,,1,8681863045586
29611,,1,8681863045371
29613,,1,6223004352980
29614,,1,6223004352997
29617,,1,68690504082721
29622,,1,6974104803314
29623,,2,6972885414026 | 6972885413968
29624,,1,6974104806070
29626,,1,6974104805257
29630,,1,788364738035
29632,,1,6955785105683
29633,شوكو اطفال اسرائيلي 125 جرام الفراولة,1,7290004585907
29634,,5,7290110560836 | 7290112344861 | 7290105368331 | 7290112344724 | 7290119372065
29636,,1,7290018894804
29640,بسكوت جوفريت تاديلي كاكاو 200 جرام,2,8683417001574 | 8683417001543
29641,قسماط فرتزل55 خل وملح جرام Fretzel,2,6224008900030 | 6224008900023
29642,قسماط اورو ستيك بالجبنة ORO STICKS,1,6224008900283
29649,,1,7290114251259
29650,,3,5907471400146 | 5907471400160 | 5907471400153
29652,كوكيز فلوريدا 135 جرام FLORIDA,2,4780111071095 | 4780111071071
29656,,1,8690504156826
29657,,1,6926921105010
29662,,1,8904022916030
29670,,1,8906121071313
29678,,1,8904022916009
29680,,2,8000155346505 | 8000155306509
29681,,3,4037400345338 | 4037400344799 | 4037400344768
29682,,3,6223012610805 | 6223012610799 | 6223012618580
29686,,3,8681002384958 | 8681002384965 | 8681002385009
29687,,4,8001100011776 | 8001100011769 | 8001100011752 | 8001100072067
29688,,2,8000105000419 | 8000105000853
29693,,1,8004955000704
29694,,1,8000500391228
29704,,4,6223007732468 | 6223007732482 | 6223007732321 | 6223007732451
29707,,1,6253501170114
29708,شوكولاتة بريك داي بندق 12.5 جرام Day,2,6291003631788 | 6291003633355
29713,,1,8697439308948
29714,شوكولاتة توركو نوجا بار  4 × 4 40 جرام,1,8690120134260
29721,,1,6223013845367
29729,شوكولاتة مستر بت سترايك 40 جرام Mr.Bite,2,8697439309136 | 8697439307866
29730,,2,8697439307873 | 8697439309143
29732,,1,7290004252861
29733,,2,7290119382231 | 7290119382835
29741,,1,6285602015254
29742,,1,6285602011638
29743,,2,6221073004908 | 6221073004991
29744,,2,6221073002690 | 6221073002751
29745,,1,6285602013953
29746,,1,6285602013946
29748,,2,6251934006987 | 6251934006994
29751,دروبس فواكة 180 جرام بالنعنع - FRUIT,2,6921292772267 | 6921292772250
29756,,1,8690766082291
29760,,1,8690840183098
29761,,1,8691066506333
29765,,2,8410085420495 | 8410085421072
29772,,2,7896451912497 | 7896451912503
29783,,1,5900823019447
29785,ويفر بيركيو 100 جم,1,7896024726582
29790,,1,8690526395654
29791,ليدن مخدات بلوم + سبيرت 11 جم,3,7898964630042 | 6971655300033 | 6971655300019
29792,باوند كيك ماربل راز - نكهات,1,6223003193249
29808,,4,7290008179782 | 7290008179300 | 7290008179751 | 7290008179768
29810,,1,8681863044572
29815,,1,8681038010104
29816,,2,8681038110118 | 8681038110101
29821,,3,8901393026412 | 8901393026405 | 8901393026436
29833,,2,6927955303359 | 6927955303373
29841,,1,8681863144579
29842,,2,8681863145330 | 8681863145392
29846,,2,5907471400207 | 5907471400191
29849,,2,6223011330599 | 6223011330605
29850,,4,6223011330018 | 6223011330100 | 6223011331763 | 6223011330339
29851,,1,6223011330575
29856,توفي فوروتي الصيداوي 550 جرام - FRUITA,1,6271028081720
29861,شوكولاتة توركو نوجا با  4 × 4 40 جرام -,1,8690120568423
29863,مارشملو سويتو رولير 30 جرام Sweeto,4,8682304268847 | 8682304268830 | 8682304260858 | 8682304260872
29865,دروبس صيداوي كولا 30 جرام Me&u,2,6271028075750 | 6271028075743
29866,دروبس صيداوي كولا 30 جرام - باكو × 24,2,6271028085902 | 6271028085919
29867,شوكولاتة بريك داي بندق 12.5 جرام - باكو ×,2,6291003631795 | 6291003633362
29885,,5,6926098795298 | 6936756268736 | 6936756268712 | 6926098795281 | 6926098795267
29888,,4,8000380192199 | 8000380180721 | 8000380007264 | 8000380007271
29899,,12,4823077646287 | 4823077646270 | 4823077646294 | 4823077634741 | 4823077634246 | 4823077636004 | 4823077634222 | 4823077634277 | 4823077634178 | 4823077633317 | 4823077633324 | 4823077636417
29902,تورتا كيك 45 جرام - TORTA,4,6222035243489 | 6222035260370 | 6222035239079 | 6222035254416
29903,تورتا كيك 45 جرام - باكو×24,2,6222035258490 | 6222035258537
29905,,1,6223007731607
29906,,1,6223007731676
29909,,1,4820154487719
29911,,2,4820154482486 | 4820154487559
29912,,4,4823077639449 | 4823077613630 | 4823077617041 | 4823077632259
29913,,2,4823077607530 | 4823077607493
29915,,1,4823077648670
29916,,3,4823077633034 | 4823077618161 | 4823077631856
29917,,4,4823077625589 | 4823077636172 | 4823077641312 | 4823077640988
29923,جلي اطبع 17 جم - Hoopie,16,6916597580082 | 6916597580099 | 6916597580112 | 6916597580105 | 6926106110785 | 6926106101301 | 6926098798213 | 6926098798336 | 6926098798350 | 8856303322231 | 6926098798190 | 6978251360560 | 6972885413975 | 6970140201787 | 6939342804752 | 6971066330360
29924,جلي بيتزا الحياة 14 جرام,4,6930548611724 | 8693323865108 | 8693323862107 | 8693323807108
29927,برازق النجمة بالحلبي 300 جرام -,1,6251079003926
29929,,1,4008400176925
29931,بسكوت كراكر 180 جرام crackers,2,4820154480239 | 4820154487795
29934,,2,4820154487733 | 4820154487757
29935,,4,6222035202929 | 6222035243366 | 6222035243458 | 6222035211198
29945,,4,5900951354878 | 5000159604246 | 5900951354915 | 5900951354991
29951,,3,6224008712886 | 6224008712190 | 6224008712244
29953,بسكوت لوكر كلاسيك 45 جرام Loacker,1,80001218
29955,,1,8410679234033
29957,,2,5900352001821 | 5900352001814
29958,,2,8004905550266 | 8004905550013
29960,,1,7610046125716
29961,,1,7610046000266
29963,,1,4607001417811
29967,,2,8606017638346 | 8606017639138
29975,,2,6223007731539 | 6223007731096
29978,,1,7622210683724
29981,,1,7290018893869
29982,,1,7290003318100
29983,بيض فيريرو روشيه كلاسيك 100 جرام,1,8000500351710
29987,شوكولاتة جالكسي 30 جرام - CARAMEL,2,6221134030280 | 6221134030532
29988,,1,8000500394854
29993,شوكولاتة جوزهند  700 جرام -,1,6223017970980
29995,شوكولاتة موس لوح دورينا 95 جرام -,6,3850102500505 | 3850102123827 | 3850102122073 | 3850102014835 | 3850102005734 | 3850102009947
30001,برنجلز حار 165 جرام Hot & Spicy,23,5053990127726 | 5053990127672 | 5053990127740 | 5053990127627 | 5053990101597 | 5053990101528 | 5053990121922 | 5053990101580 | 5053990106981 | 38000138416 | 5053990101542 | 5053990127733 | 5053990106868 | 5053990101566 | 5053990127665 | 5053990101535 | 5053990161669 | 5053990161966 | 5053990127641 | 38000138430 | 38000183713 | 5053990175826 | 5053990176168
30002,برنجلز اورجينال 40 جرام Original,21,5053990137787 | 5053990137800 | 5053990140220 | 5053990137817 | 5053990137794 | 5053990107278 | 5053990107292 | 5053990107384 | 5053990107339 | 38000849503 | 38000845529 | 38000845512 | 38000183737 | 38000845536 | 5053990107308 | 5053990107322 | 5053990107353 | 5053990107315 | 5053990161935 | 5053990161607 | 2106000300589
30003,شيبس باندا 35 جرام جبنة مشطشطة Panda,7,2009522454764 | 2009522451787 | 2009522451558 | 2009522451374 | 2009522451121 | 2009522451565 | 2009522451008
30005,شيبس برفتو 160-170 جرام طماطم بالريحان,3,6222002706191 | 6222002708218 | 6222002706177
30006,شيبس برفتو باربيكيو 45 - 50 جرام Perfetto,5,6223005191717 | 6223005191700 | 6223005191724 | 6223005198167 | 6223005191731
30007,شيبس بلايز فراخ مشوية 100/90 جرام PLAYZ,2,6221031491160 | 6221031491153
30009,شيبس بمبينو فستق 1 شيكل,4,6253338700317 | 6253338700249 | 6253338700263 | 6253338700256
30011,شيبس بيك رولز 23 جرام - كرتونة × 30,4,6223000491089 | 6223000491065 | 6223000491072 | 6223000491058
30012,شيبس بيك رولز كاتشب 27-23 جرام Bake,8,6223000490877 | 6223000490624 | 6223000490488 | 6223000490518 | 6223000490860 | 6223000496800 | 6223000497241 | 6223000496824
30013,شيبس بيكو بيللو باربكيو 40 جرام Pico Bello,1,6253504520664
30014,شيبسي بيوقلزجبنة الناشو 70 جرام  BUGLES,6,2005666610660 | 2005666610646 | 2005666610653 | 2005666610615 | 2005666610639 | 2005666610622
30016,شيبس تايجر جبنة متبلة 40-35 جرام Tiger,6,6223000506752 | 6223000506776 | 6223000506745 | 6223000506769 | 6223000506790 | 6223000501795
30017,شيبس تسالي فلافل 45 جرام Rasaly,5,6253504521029 | 6253504521005 | 6253504520534 | 6253504521012 | 6253504521036
30018,شيبس تورتيلا ترايجون باربيكيو 55- 65 جرام,1,2009051268818
30021,شيبس دوريتوس فلفل حلو 32/28 جرام Doritos,6,6221031490330 | 6221031491894 | 6221031490316 | 6221031491900 | 6221031492068 | 6221031492440
30022,شيبس دوريتوس فلفل حلو 90/80 جرام Doritos,6,6221031490309 | 6221031491870 | 6221031490293 | 6221031491887 | 6221031492051 | 6221031492464
30023,عرض شيبس دوريتوس عليت 45 جرام,1,7290104722271
30024,شيبس رويال بطاطا,4,6224009991129 | 6224009991136 | 6253503590613 | 6224009991143
30025,شيبس ريو سانتو 175 جرام + صوص Rio,1,8697406276010
30028,شيبس سبرينج الجمبري الحار 50 جرام,5,6224009425464 | 6224009425228 | 6224009425204 | 6224009425440 | 6224009425457
30030,,1,6253504521272
30032,شيبس شوش بالفستق 35-40 جرام,1,2005943553093
30034,شيبس شيبسي جبنة 40-44 جرام,15,6221031490491 | 6221031490446 | 6221031491917 | 6221031490477 | 6221031490460 | 6221031490484 | 6221031490507 | 6221031490453 | 6221031492679 | 6221031492686 | 6221031492174 | 6221031492198 | 6221031492181 | 6221031495007 | 6221031495014
30035,,3,6253783108935 | 6253783108942 | 6543109437741
30036,شيبس شيتوس شطة 81 جرام  puffs,2,6221031491863 | 6221031490354
30037,,1,7290001817728
30040,شيبس فوكس جبنة متبلة 35-40 جرام Fox,8,6223003781484 | 6223003781491 | 6223003782047 | 6223003781477 | 6223003782023 | 6223003782696 | 6223003782702 | 6223003785147
30041,شيبس فوكس طعم البابريكا 90/80 جرام FOX,5,6223003780838 | 6223003780845 | 6223003785123 | 6223003785109 | 6223003785116
30042,شيبس في كات جبنة متبلة 40-45 جرام Vcut,5,6222002704166 | 6222002704173 | 6222002704159 | 6222002701301 | 6223005198013
30043,شيبس كرانشي شطة وليمون 30 جرام,10,6221031492891 | 6221031492907 | 6221031492877 | 6221031494185 | 6221031494086 | 6221031491054 | 6221031492884 | 6221031494130 | 6221031494109 | 6221031494116
30045,شيبس كرنوش 35 جرام Karnoosh,1,6253504520749
30047,شيبس سوبر كور نايس 40-42 جرام,4,2005994355554 | 2000000014517 | 2000000014425 | 2000000018218
30048,شيبس لذيذ يامي 50 جرام - YUMMY شطة,2,2008288215114 | 2008288215107
30049,شيبس لووك ميكس جبنة متبلة 40-50 جرام,5,6224009425075 | 6224009425167 | 6224009425112 | 6224009425266 | 6224009425211
30050,شيبس ليز بطاطا مملحه 18 جرام,1,8690624103779
30052,شيبس ليز بطاطا مملحه بطعم مكسيكي 40 جرام,1,7290106650763
30053,شيبسي ليون 38 جم بالكباب,14,6223000417447 | 6223000410240 | 6223000410257 | 6223000410615 | 6223000410066 | 6223000410097 | 6223000410080 | 6223000417492 | 6223000410073 | 6223000417485 | 6223000417454 | 6223000417423 | 6223000417478 | 6223000417461
30055,شيبس مستر ببجي شطة 50 جرام,2,6253409586635 | 6984544444589
30056,شيبس ميسلي باربكيو 28 جرام,7,6224009588022 | 6224009588015 | 6224009588077 | 6224009588091 | 6224009588107 | 6224009588114 | 6224009588084
30057,,1,6253350001652
30059,شيبسي بلايز 61/66 جرام فراخ مشوية PLAYZ,1,6221031491139
30060,شيبسي زووم 40 جم zoom كاتشاب,5,6253803870767 | 6253803870712 | 6253803870743 | 6253803870729 | 6253803870705
30062,شيبسي شيبسي خل وملح 83 جرام  chipsy,15,6221031490163 | 6221031491306 | 6221031490132 | 6221031490149 | 6221031490118 | 6221031490170 | 6221031490231 | 6221031490125 | 6221031492709 | 6221031490156 | 6221031492693 | 6221031492204 | 6221031492211 | 6221031492228 | 6221031005121
30063,شيبسي صن بايتس 33 جم زيتون وزعتر,5,6221031497032 | 6221031496141 | 6221031494284 | 6221031497049 | 6221031490781
30064,شيبسي مسرور بطعم الباربكيو 40 جم,1,6253345900410
30065,شيبسي ميسلي قمح بطعم البيتزا  160 جرام,6,6224009588213 | 6224009588053 | 6224009588190 | 6224009588206 | 6224009588176 | 6224009588060
30066,شيبسي ميني تاكس 35 جرام فلفل حار,1,757528023027
30067,شيبسي ميني تاكس 35 جرام فلفل حار كرتونة,1,757528009113
30068,مقرمشات بيك رولز عائلي 93 جم زيتون,12,6223000492406 | 6223000492321 | 6223000499368 | 6223000499382 | 6223000492369 | 6223000553138 | 6223000553091 | 6223000553114 | 6223000493991 | 6223000499344 | 6223000493977 | 6223000494011
30069,شيبس كرينكو 50 جرام  بيتزا - krinko,6,6224000672584 | 6224000672898 | 6224000672980 | 6224000672973 | 6224000672966 | 6224000672997
30073,شيبسي سول كبير 70 جم / شطة و ليمون,3,710535625004 | 710535625028 | 710535625042
30074,شيبسي سول صغير 40 غرام,3,710535625400 | 710535625424 | 710535625387
30075,شيبسي بطاطس نايس 35غم / شطة و ليمون,8,6224007527153 | 6224007527177 | 6224008163343 | 6224007527191 | 6224008163091 | 6224008163152 | 6224009983896 | 6224007527252
30078,شيبسي ليتس 1 شيكل - شطة / Lets,6,6224009991983 | 6224009991990 | 6224009991402 | 6224009991433 | 6224009991419 | 6224009991426
30079,شيبس سبرينجو عائلي بالجمبري الحار 95 جرام,4,6224009991891 | 6224009991884 | 6224009991877 | 6224009991860
30080,شيبسي ليون عائلي عرض ب 2 شيكل/خل و ملح,6,6223000417515 | 6223000415535 | 6223000417560 | 6223000415542 | 6223000417539 | 6223000417546
30081,شيبسي شريتوس 75 غم / Chreetos جبنة نار,1,2007721959059
30083,شيبس ملتي 35 جرام - MULTI  كاتشب,7,6224010415102 | 6224010415133 | 6224010415119 | 6224010415096 | 6224010415089 | 6224010415126 | 6224009991907
30084,شيبس اكسترانو 40 جرام - XTRANO شطة,6,6224007527887 | 6224308800429 | 6224008163350 | 6224007527863 | 6224007527870 | 6224008807247
30085,شيبسي بطاطا ستيكس بالملح و الخل كتكو /,8,6271001390450 | 6271001360453 | 6271001370452 | 6271001330456 | 6271001320501 | 6271001310502 | 6271001300503 | 6271001380451
30086,شيبسي بطاطا ستيكس 30 جم كاتشب كتكو /,4,6224010101029 | 6224010101012 | 6224010101050 | 6224010101043
30087,شيبسي جريل 40 غم - بطعم البصل,8,7290012818141 | 7290012818134 | 7290012818103 | 7290012817083 | 7290012818097 | 7290012818110 | 7290012818127 | 7290012818318
30088,شيبسي فيجو 25 جم بالكاتشب / Vego,3,2005666617119 | 2005666610004 | 2005666617898
30089,برنجلز 200 جرام / TEXAS,5,5053990138593 | 5053990138616 | 5053990138623 | 5053990138609 | 5053990138630
30090,شيبس ازكا عائلي 100 جرام,1,6253504520244
30091,شيبس لاند عائلي 90 جرام,1,6253504520756
30098,شيبسي دريتوس ستاكس علب بالملح 170جم,3,5000328136455 | 5000328136370 | 5000328136530
30099,شيبسي بركان محارب 35 جرام  شطة وليمون,2,2000597822090 | 97259782306
30100,شيبسي هوت رولز 25 جرام   شطة وليمون,1,2008456166088
30101,شيبسي شريتوس 40 جرام   شطة وليمون,2,2005977229599 | 2000599881545
30104,شيبس فراي ديز امريكي 99 جرام - FRIDAYS,6,720495925885 | 720495920354 | 720495922334 | 720495922327 | 720495922204 | 720495922198
30106,شيبس ليز 25 جرام - LAYS  جبنة,4,3168930011248 | 3168930005858 | 3168930000877 | 3168930005872
30107,,2,6253356200646 | 6253356200523
30110,شيبس دوريتوس عليت 100 جرام,1,7290112358592
30111,شيبس دوريتوس عليت 185 جم,2,7290106528611 | 7290112359667
30112,شيبسي مستر شيبس بالباربيكا 75 جرام /,5,6251036015245 | 6251036015252 | 6251036015269 | 6251036015276 | 6251036015290
30113,شيبسي وافل كت حلو و حار 75 جرام /,3,6251036019922 | 6251036019878 | 6251036019984
30115,شيبسي بيوقلز بطعم أصلي 75جرام / BUGLES,4,6251036016099 | 6251036016150 | 6251036016105 | 6251036016129
30117,شيبس سمارت 20 جرام - SMART,1,6251587247140
30118,شيبس جوي 50 جرام مشاوي - JOY,3,2008288215091 | 2008288215077 | 2008288215084
30119,شيبس فايتر 30 جرام - FIGHTER فستق,3,2002840011985 | 2002840011978 | 7290008106191
30120,شيبس بور كون 25 جرام - POWER,5,2008284001452 | 2008284001445 | 2008284001438 | 2008284001414 | 2008284001421
30123,شيبسي باتس 100جم بالفلفل الأحمر الحار /,4,8698657254635 | 8698657254604 | 8698657254628 | 8698657254642
30124,شيبسي بيتا تتش برنجلز 110جم بالشطة الحارة,5,9555727907398 | 9555727906735 | 9555727906568 | 9555727907084 | 9555727906377
30126,شيبس ملتي 120 جرام كاتشب - MULTI,4,6224009991815 | 6224009991822 | 6224009991839 | 6224009991846
30127,شيبس بوتيتو شرائح بطاطس 18 جرام برتقالي -,1,8994391013768
30128,شيبس بوتيتو شرائح بطاطس 18 جرام-,1,8994391013782
30131,شيبس سافوري 25 جرام  - SAVORY شطة,1,6251587247805
30132,شيبسي نايس رينجل 110 جرام NICE,1,6970990211202
30133,شيبسي نيوبس 45 جرام بطعم الكاتشب /,3,6253350001454 | 6253350001461 | 6253350001478
30135,شيبس كورتيلا 40 جرام - CORTILLA  جبنة,4,6224009126903 | 6224009126880 | 6224009126897 | 6224009126927
30137,شيبسي برفتو 50 جم بطماطم الريحان Perfetto,3,6222002703015 | 6222002703053 | 6222002703077
30138,شيبس ليز 60 جرام - LAYS,2,8690624102000 | 8690624101003
30139,شيبس دوريتوس 68 جرام - DORITOS,1,8690624200317
30140,شيبس ليز فاينداون96 جرام - LAYS,2,8690624105322 | 8690624103434
30141,ليدن نوفا اصبع /NOVA gum,4,8680618406177 | 8680618406153 | 8680618406160 | 8680618406184
30142,ليدن نوفا باكو × 24 اصبع/NOVA gum,4,8680618406207 | 8680618406221 | 8680618406238 | 8680618406214
30145,شيبس مستر شيبس 20 جرام - فلفل حار,6,6251036015566 | 6251036015559 | 6251036015627 | 6251036015573 | 6251036015597 | 6251036015580
30146,شيبس مستر شيبس 40 جرام - كاتشب,6,6251036015771 | 6251036015757 | 6251036015740 | 6251036015788 | 6251036015795 | 6251036015764
30147,شيبس بيوقلز 20 جرام - كاتشب,4,6251036016136 | 6251036002085 | 6251036002078 | 6251036016358
30148,شيبس برافو 90 جرام - BRAVO شطة وليمون,3,6224009337637 | 6224009337651 | 6224009337644
30149,شيبس برافو 18 جرام - BRAVO كباب,6,6224009337507 | 6224009337491 | 6224009337477 | 6224009337514 | 6224009337538 | 6224009337521
30150,شيبس رو 100 جرام - RAEW كاتشب,6,6224009337149 | 6224009337132 | 6224009337231 | 6224009337170 | 6224009337187 | 6224009337194
30151,شيبس رو 50 جرام - RAEW شطة حارة,7,6224009337057 | 6224009337309 | 6224009337255 | 6224009337026 | 6224009337019 | 6224009337040 | 6224009337033
30152,ليدن فلاش اصابع 12 جرام - FLASH,1,6111199000031
30154,شيبسي فورنو بالكاتشب و الزعتر 42 جرام,1,6221031490552
30156,شيبسي لتس بطعم الطماطم 90 جرام Lets,4,6224009991570 | 6224009991754 | 6224009991563 | 6224009991747
30160,شيبس برافو 45 جرام كاتشب - BRAVO,7,6224009337576 | 6224009337569 | 6224009337583 | 6224009337613 | 6224009337552 | 6224009337606 | 6224009337590
30165,شيبسي كروكو 35 جم CROCO,1,5941194004854
30168,شيبس ارمي 35/40 جرم - ARMY شطة,2,6224010415423 | 6224010415430
30169,بيك رولز 7 ايام 80 جم 7 DAYS طماطم,3,5201360639571 | 5201360674206 | 5201360638901
30170,شيبسي ليز ستاكس خالي جلوتين 165جم ملح و,3,28400055147 | 28400055093 | 28400090391
30173,,2,5053990160112 | 5053990160037
30175,برنجلز 160 جم Pringles Rise  اخضر نكهة,3,5053990149483 | 5053990155170 | 5053990149452
30177,,6,6221065004008 | 6221065002172 | 6221065002134 | 6221065004718 | 6221065002165 | 6221065004770
30180,شيبسي ستكس هيربون 45 جم HEBRON,2,6253356200813 | 6253356200554
30184,شيبسي بافيتوس 82/92 جرام Puffitos بالجبنة,2,6223007670203 | 6223007670210
30185,شيبسي جو ميكس 78/88 جرام GO Mix ملح,3,6223007670296 | 6223007670319 | 6223007670326
30186,شيبسي هيبرون عائلي 115 جرام HEBRON,6,6253356200691 | 6253356200738 | 6253356200776 | 6253356200714 | 6253356200684 | 6253356200721
30187,شيبسي لافيلا 25 جرام Lavella نكهة الكاتشب,4,2008280013763 | 2008280013756 | 2008280013770 | 2008280013787
30188,شيبس ليون 8 جرام LION خل وملح,3,6223000410226 | 6223000410301 | 6223000410264
30189,شيبسي رسبي رولي 35 جرام RESPY بازيلاء,2,2008456166002 | 2008456166040
30190,شيبسي الصبارة الراقصة 30 جرام بيتزا,2,2000000014098 | 2000000014074
30192,شيبسي تايجر 8/10 جرام TIGAR جبنة متبلة,3,6223000506820 | 6223000506837 | 6223000506844
30193,شيبسي فيكو سناكس 18 جرام VICO شطة,3,2005998680249 | 2002030746215 | 2008284001469
30194,شيبسي كرانشوز 45 جرام CRUNCHOS,4,5038572900188 | 5038572900164 | 5038572900065 | 5038572900058
30195,ليدن ايمدينت 14.5 جرام Aimdent فواكه,5,8681259507650 | 8681259506752 | 8681259507445 | 8681259506660 | 8681259506721
30196,باكو * 24 ليدن ايمدينت 14.5 جرام Aimdent,5,8681259507667 | 8681259506677 | 8681259506738 | 8681259506769 | 8681259507452
30197,شيبس كادو 30 جم Cado - شطة وليمون,3,6224010415768 | 6224010415775 | 6224010415751
30199,شيبسي علوش 30 جرام كاتشب,1,9929991309293
30200,باكو * 18 شيبس برافو 18 جرام - BRAVO,6,6223007670852 | 6223007670845 | 6223007670876 | 6223007670913 | 6223007670708 | 6223007670692
30202,شيبسي مياسي نوتس 18 جرام Yeah nuts ذرة,3,6253809981023 | 6253809981016 | 6253809981009
30206,شيبسي شيبسيكو 45/40 جرام بطعم الفلفل الحلو,4,6221065000611 | 6221065000574 | 6221065000543 | 6221065000482
30207,شيبسي جنى 40 جرام Gana بنكهة الخل,3,8681689741365 | 8681689741372 | 8681689740184
30208,شيبسي عادي عائلي 90/100 جرام بالجبنة المتبلة,4,6224009991495 | 6224009991464 | 6224009991488 | 6224009991471
30211,برنجلز 130 جرام Pringles - بصل,4,5050083943652 | 5053990113118 | 5050083943645 | 5050083943683
30212,شيبسي مسليات العودة 40 جرام Alawda بالجبنة,2,6254000285903 | 6254000285927
30213,شيبسي شيبسي جامبو 132/122 جرام - طماطم,4,6221031491214 | 6221031491191 | 6221031491184 | 6221031491207
30214,شيبسي عادي عائلي 40/45 جرام - طماطم,5,6224009991334 | 6224009991440 | 6224009991396 | 6224009991365 | 6224009991327
30217,,2,6223006531598 | 6223006531338
30219,شيبس روكس 26 جرام  - ROX - شطة وليمون,1,6226439475804
30220,شيبس البشيتي 25 جرم - SHIPS - كاتشب,3,6943826701277 | 6943826701284 | 6943826701253
30221,,4,6224002464187 | 6224002464200 | 6224002464217 | 6224002464194
30222,,1,2000000014425
30224,,1,6223007851961
30225,,1,6224007947791
30232,,1,4525252527991
30234,,2,9725990120668 | 9999999998317
30238,,3,6224002464514 | 6224002464491 | 6224002464484
30239,شيبس جوكر 30 جرام - جبنة متلبة,1,97256612910
30240,خبز محمص راسكي بيكس 18 جرام--جبنه توابل,6,6223000501016 | 6223000501023 | 6222035208457 | 6222035221425 | 6223000503447 | 6222035221418
30242,شيبس مقرمشات ديمة 15جرام,4,6285602000564 | 776992096238 | 776992013037 | 6285602013144
30243,,2,6285602013021 | 776992028734
30244,,1,6251992378439
30246,,1,8023696000217
30247,,1,595880941012
30249,,2,6221031001284 | 6221031001260
30253,شبس ميجا 50 جرام بيتزا,6,4810279008654 | 4810279000429 | 4810279008449 | 4810279000399 | 4810279008364 | 4810279004830
30254,,3,7290020348494 | 7290020348548 | 7290020348647
30255,,3,7290019298878 | 7290019298823 | 7290019298922
30256,,1,7290008179133
30257,,1,7290112358332
30258,,3,6974870392654 | 6974870392661 | 6974870392678
30263,,3,8990800016757 | 8991115010027 | 8990800019802
30264,ليدن فريش اب - نعنع مثلج 24.5 جرام,2,8961100283767 | 8961100283774
30268,,5,7290013080295 | 4290013080301 | 7290013080301 | 7290013080479 | 7290013080486
30269,,1,7290111930935
30270,,6,6222035200840 | 6222035200826 | 6222035200819 | 6222035200833 | 6222035200857 | 6222035204732
30271,,4,6223000501719 | 6223000501726 | 6223000508572 | 6223000501733
30272,,3,6223000508596 | 6223000508619 | 6223000508602
30273,,11,6222035207887 | 6222035207894 | 6222035207207 | 6222035240402 | 6222035240419 | 6222035240389 | 6222035240457 | 6222035240433 | 6222035240426 | 6222035240396 | 6222035240440
30274,,6,6772504904125 | 6772504904095 | 6772504904187 | 6772504904491 | 6772504904453 | 6772504904408
30276,شيبس بطاطا بران جبنة 50 جرامPran Potata,1,840205728169
30278,,2,6223007851893 | 6223007851879
30279,,3,6973615680681 | 6973615680827 | 6973615680810
30283,,3,6223000502112 | 6223000500668 | 6223000506691
30284,شيبسي كرانشي اطعم,7,6221031006258 | 6221031491825 | 6221031491818 | 6221031491856 | 6221031491849 | 6221031006265 | 6221031491832
30285,,2,5941143028801 | 5941143028795
30287,,3,6223000417188 | 6223000417157 | 6223000417164
30288,,3,6223000410011 | 6223000410622 | 6223000410233
30291,,1,6826835280806
30294,,3,7290107978460 | 7290111930805 | 7290111930850
30295,,3,6222035233381 | 6222035241041 | 6222035233398
30300,,2,6941279802534 | 6941279802541
30301,فول سوداني جوناتس خل وملح 25 جرام,2,6223004640810 | 6223004640841
30303,,3,8697412671625 | 8697412671649 | 8697412671618
30309,,1,6224009979417
30310,,1,6224009979707
30315,,2,8001585008148 | 8001585008155
30322,,3,4780029697028 | 4780029696540 | 4780029694805
30323,,1,6223005610331
30324,,1,4780029696465
30331,,2,8683960004855 | 8683960004886
30332,,1,8809318029459
30333,,1,7290111357411
30334,,1,20244255
30337,,2,8684953380413 | 8684953380437
30338,,1,8690515116215
30342,,1,6223000554821
30343,,2,6298042781481 | 6298042781498
30353,,1,6921078593574
30356,,1,8690504057017
30357,,1,6221333001951
30359,,1,6223012618450
30360,,1,6223012619693
30364,,3,8684707780070 | 8697439305787 | 8684707780100
30368,,4,6223015500189 | 6223015500165 | 6224000045555 | 6223015500172
30379,,3,6221134010718 | 6221134013610 | 6221134010671
30384,,2,6253809982150 | 6253809981535
30385,,2,788364737274 | 788364737311
30388,,1,6221073001877
30397,,1,6971671730289
30402,,1,6970001011128
30403,كروسون دومتي شوكولاتة 80 جرام - DOMTY,3,6223000759493 | 6223016574059 | 6223000759882
30408,,2,4780059608667 | 4780059608650
30410,,2,4780111075864 | 4780059608216
30411,,2,8680201452864 | 8680201452857
30412,,4,4014400914269 | 4014400914276 | 4014400914252 | 4014400914245
30417,,7,6253361264916 | 6253361264893 | 6253361264909 | 6253361264657 | 6253361264886 | 6253361264640 | 6253361266538
30419,,1,4780029697547
30426,,1,8410085425711
30438,,1,8690504108832
30440,,1,6225000812727
30443,شوكولاتة تايجو 140 جرام - TAGO,1,5901356072442
30446,,3,8000017913579 | 8000017914477 | 8000017913210
30447,,5,7290112964434 | 7290115207682 | 7290112964410 | 7290000072241 | 7290000061085
30450,,6,6221031490682 | 6221031004049 | 6221031490675 | 6221031490668 | 6221031002120 | 6221031002113
30454,,1,6224002396556
30456,,1,8681863043803
30458,,3,8680201462337 | 8680201462306 | 8680201462313
30459,,2,8681863047825 | 8681863049423
30464,,1,8697420109042
30466,,3,8682304260902 | 8684068090726 | 8684068094823
30467,,3,8684083301159 | 8684083301203 | 8684083301173
30468,,2,8684083300381 | 8684083300299
30473,,1,8697288519946
30474,,4,8682368962576 | 8682368962590 | 8682368962583 | 8682368962118
30475,,1,6222000916356
30479,,2,6222000919012 | 6222000919005
30481,,1,6222035202936
30483,,2,6251934001364 | 6251934001357
30484,,1,6253809982204
30486,,1,6971211644519
30488,دروبس ملون بست وش زجاجة 60 جرام -,1,6971211644656
30491,,1,8990800022444
30493,,1,7622202282768
30496,,1,7622202286391
30498,,2,8684953384046 | 8684953384039
30499,,1,649396425167
30500,,1,649396423620
30505,,1,5907471430709
30507,,3,6224007772423 | 6224000605896 | 6224000605513
32000,ليدن اكسلانت انيرجي 14 جرام EXcellent,5,8026365724025 | 8026365724018 | 8026365724049 | 8026365721789 | 8026365724032
32002,ليدن اوربت ازرق 14 جرام - اصابع Orbit By,1,40099736
32003,ليدن اوربت 14 جرام - اصابع - باكو × 14,1,4009900474832
32004,ليدن اوربت 14 شريحة نعناع اخضر,2,42154662 | 42212119
32006,ليدن اوربت اصابع نعناع,1,40099606
32007,ليدن اوربت بالكيوي 5 قطعه,2,4009900487405 | 4009900013581
32009,ليدن اوربيت فراولة 14 جرام ORbit,17,50173464 | 42113270 | 42247371 | 50173204 | 50173822 | 46141538 | 42069942 | 50173976 | 42203100 | 50173617 | 42154631 | 46116482 | 42069829 | 42123880 | 50173471 | 50173099 | 40099996
32014,ليدن بريكس بطيخ 14.5 جرام - باكو × 20,1,8689900200202
32015,ليدن بريكس بطيخ 14.5 جرام Brix,2,8689900200103 | 8689900203104
32016,ليدن تشكلتس 120 قطعه,1,7622210471611
32018,ليدن ستيك 7 قطعه بنكهه النعناع,4,8681259500347 | 8681259500491 | 8681259500163 | 8681259500224
32019,ليدن ستيك 7 قطعه بنكهه النعناع كرتونة /24,4,8681259500354 | 8681259500507 | 8681259500170 | 8681259500231
32022,ليدن لايف بطيخ 40 جرام - علبة Life,6,8681015034642 | 8681015034581 | 8681015034604 | 8681015034628 | 8681015034666 | 8681015034680
32023,ليدن ليلو 16 جم - LIILOAI,1,6906911132202
32024,ليدن ليلو 16 جم - LIILOAI باكو × 24,1,6906911132219
32025,,6,6253502690208 | 6253502690116 | 6224000709136 | 6224000709228 | 6253502690130 | 6253502690123
32028,ليدن منتوس ازرق 22.5 جرام - 15 قطعة,2,80853701 | 80892502
32029,ليدن منتوس ازرق 60 جرام - 40 قطعة,13,8003440983379 | 8003440983362 | 80892564 | 8935001711575 | 80780588 | 80733300 | 80858850 | 80879725 | 80733294 | 80848233 | 80913467 | 80790990 | 80773429
32031,ليدن نحلة بطعم السوس المنعش,4,6253004400671 | 6253004400626 | 6253004400657 | 6253004400633
32032,ليدن نحلة مخدات 12 قطعة بطعم الفراولة,5,6253004400596 | 6253004400619 | 6253004400572 | 6253004400565 | 6253004400589
32033,ليدن نوفا نعناع حار 11.5 جرام - باكو × 20,5,796648172253 | 796648171256 | 796648175254 | 796648174257 | 796648173250
32034,ليدن نوفا تفاح اخضر 11.5 جرام Novo,6,796648175155 | 796648173151 | 796648174158 | 796648171157 | 796648172154 | 796648177159
32035,باكو ليدن اوربت  فراولة 30 قطعة Orbit,10,4009900023955 | 4009900015974 | 4009900397605 | 4009900021685 | 4009900453721 | 4009900417754 | 4009900367356 | 4009900359641 | 4009900008433 | 4009900482394
32036,ليدن مينت 115 جرام بكيت * 50 حبة,2,8994170103208 | 8994170103307
32037,ليدين اولكر اونيو 60 جرام - ONEO,2,8690840216345 | 8690840227754
32038,علكة مينتوس 99 جرام - MENTOS,1,80936473
32039,ليدن توربكلس 5 اصبع - TARBILEX  - ازرق,1,6985452612640
32040,ليدن توربكلس 5 اصبع - TARBILEX   باكو ×,1,6985452612657
32043,ليدن اكسلانت باكو×30اصبع×14 جرام,5,8026365721833 | 8026365721826 | 8026365721840 | 8026365721819 | 8026365721796
32044,علكة ليدن اكسترا بطعم الفراولة Extra,2,4009900534499 | 4009900534468
32046,دربس منتوس 20 جرام - Mentos,1,80811886
32047,ليدن نزار 14 جرام Nazar نكهة النعنع,2,8693323742126 | 8693323742133
32048,باكو * 20 ليدن نزار 14 جرام Nazar نكهة,2,8693323741228 | 8693323741235
32049,,1,80856399
32051,,3,80914006 | 80986270 | 80853985
32052,علكة ليدن بوس 15 جرام BOSS - نعناع بارد,4,8698644463491 | 8698644463484 | 8698644463682 | 8698644463514
32053,باكو * 20 علكة ليدن بوس 15 جرام BOSS -,4,8698644463699 | 8698644463736 | 8698644463729 | 8698644463705
32054,ليدن نكست 40 جرام Next بنكهة الفواكه,7,8681002381735 | 8681002381711 | 8681002382718 | 8681002381742 | 8681002381766 | 8681002382664 | 8681002381759
32055,,10,8681002384989 | 8681002382640 | 8681002381629 | 8681002381667 | 8681002381674 | 8681002381643 | 8681002384972 | 8681002381650 | 8681002381636 | 8681002381681
32056,ليدن اوربت اكس اكس ال 20.4 جرام XXL,4,46146625 | 46153708 | 46153715 | 46196613
32057,,4,4009900501620 | 4009900496193 | 4009900501644 | 4009900518536
32058,ليدن اوربت 64 جرام Orbit - نعنع,5,4009900412117 | 4009900412087 | 4009900402965 | 4009900420198 | 4009900531122
32059,,1,4009900363488
32062,,6,8000500227268 | 8000500234402 | 8000500223512 | 8000500366776 | 8000500416198 | 8000500366769
32064,دربس منتوس 60 جرام - 30 قطعة Mentos -,2,80945444 | 80953074
32065,,3,87108538 | 7290002752349 | 87366440
32066,,1,7290006353207
32068,ليدن اكسل جمرز حامض 25 جرام Excel,1,9771320000292
32069,ليدن اكسل كريزي 25 جرام - باكو × 24,0,
32071,ليدن اوربت 19.8 جرام -علبة orbit,3,8902433030482 | 8902433030260 | 8902433030253
32072,,3,8935001714910 | 8935001714934 | 8935001716235
32074,ليدن اوربت 67 جرام بالبطيخ,1,4009900552165
32076,,2,4009900362573 | 4009900358934
32080,ليدن شعراوي مخدات بنكهة المستكة -,3,6253000360603 | 6253000360689 | 6253000360665
32501,,2,10036 | 2000102202164
32503,,1,10035
32504,جيلي مقطع ملون,7,9990314 | 20011 | 10040 | 10029 | 9990348 | 10030 | 10031
32505,بودرة بودينج كنتون كاكاو 100 جرام Kenton,9,8690547100046 | 8690547100015 | 8690547100022 | 8690547182028 | 8690547010543 | 8690547100084 | 8690547182035 | 8690547160088 | 8690547100039
32506,بودرة كيك كنتون فانيلا وشوكولاتة 500 جرام,4,8690547191211 | 8690547191242 | 8690547191235 | 8690547191228
32507,خلطة كيك كنتون 450 جرام Kenton,4,8690547187054 | 8690547187047 | 8690547187078 | 8690547187061
32509,فانيلا باودر الشيخ قاسم 110 جم,1,6253503473107
32513,جلي دريم فراولة 70 جرام Dreem,7,6223001085010 | 6223001089148 | 6223001089070 | 6223001085027 | 6223001089155 | 6223003941598 | 6223001085034
32514,جلي كنتون مانجا 80 جرام Kenton,13,8690547183513 | 8690547021471 | 8690547183520 | 8690547021402 | 8690547021495 | 8690547021488 | 8690547192089 | 8690547183537 | 8690547192072 | 8690547183506 | 8690547021419 | 8690547192065 | 8690547021426
32516,شوكولاتة ايديكا بلوك بالشوكولاتة  للكيك 200 جم,2,4311501634981 | 4311501634950
32517,بودرة كيك كنتون كب كيك 350 جرام Kenton,2,8690547189522 | 8690547189973
32522,فانيلا كنتون 75 جرام - باكو × 15,2,8690547019959 | 8690547090088
32524,كاستر كنتون فراولة 100 جرام Kenton,2,8690547188259 | 8690547188273
32525,,1,10042
32526,,2,20011 | 10041
32528,كريمة شانتي كنتون فراولة 75 جرام Kenton,3,8690547130036 | 8690547101104 | 8690547130012
32529,كريم كراميل دريم 70 جرام Dreem,1,6223003941598
32537,كاسترد دريم 70 جرم Castard,1,6223001085171
32544,توفي توركو 600 جرام Torku Tofuy,1,8690120108995
32545,فانيلا + بكمباودر الهنا ابو العوف,5,65454244 | 65454237 | 9780592161556 | 9787121122323 | 8782421122753
32546,مسحوق ايس كريم دريم 80 جم بالفراولة,4,6223001085935 | 6223001085942 | 6223001085911 | 6223001085928
32548,مهلبية امازون 85 جرام Amazon,1,6290050105150
32552,كريمة شانتي كنتون كاكاو 150 جرام,3,8690547101210 | 8690547101203 | 8690547101227
32555,فانيلا كنتون 5 جرام Kenton,0,
32556,فانيلا كنتون بكيت Kenton,2,8690547030022 | 8690547040021
32557,الوان طعام سائل حنونة ليمون 30 جرام,8,2005965446618 | 2005965442443 | 2190004325570 | 2005968442563 | 2005968442549 | 2005965446212 | 2190010325571 | 2190012325579
32560,جلي حنونة فراولة 70 جرام Hanouna,2,5694588712568 | 5694588712599
32563,توفي شوكولاتة حنونة 350 جرام,2,3679531 | 2000283346527
32569,عجينة السكر فزيون زهر 500 جرام Fizyon,4,8681678000954 | 8681678000893 | 8681678000855 | 7290011249649
32598,براونيز دريم  400 جم  DREEM,3,6223003942595 | 6223003943165 | 6223003942564
32599,خليط مافن  دريم 450 جم DREEM,2,6223003943172 | 6223003943189
32600,خلطة كيك دريم 400 جم فانيلا,4,6223001089186 | 6223001089209 | 6223003941444 | 6223001089193
32607,شوكلاتة خام دريم 200 جم Milk,3,6223003943578 | 6223003943158 | 6223003942946
32608,فانيلا سائلة القدس 100 مل,1,2142424122871
32610,بلوبري بلبل 200 جرام / BOLBOL,1,567120000025
32611,سكاكر ميزرا لتزين الكيك 100 جرام,0,
32612,جلي كنت 85 جم كرز,1,8694587102770
32613,كرز مجفف القدس 100 جرام بلبل,1,567120000049
32630,شعر كنافة أحمر ابو عطية 400 جرام,2,2021010613187 | 2020072017056
32643,بكينج باودر الشنار   9 جرام,1,6254000083042
32644,جلي جوي كاندي ميكس 200 جرام - CANDY,2,8719992179886 | 8719992179763
32650,طحين كيك كر يب 1 كيلو / KREATIVE,6,7290102848027 | 7290010402120 | 7290006633354 | 7290006633781 | 7290102846948 | 7290102842094
32655,جلي ماكس نوفا 20 جرام  كولا,6,8693323157111 | 8693323157128 | 8693323157104 | 8693323157135 | 8693323157159 | 8693323157142
32658,صبغة سائل ماندلبيرغ 32 مل -,15,7290016891102 | 7290016891089 | 7290016891003 | 7290016973464 | 7290016891072 | 7290016891034 | 7290016891188 | 6212674004510 | 7290016891911 | 7290016891126 | 6212674004503 | 7290016891041 | 7290016891164 | 7290016891249 | 7290016891218
32661,,1,2001110744004
32663,جلي سيمو كوماس 1 كيلو - SIMO COMAS,4,7897652605904 | 7897652605898 | 7897652605935 | 7897652605911
32666,فانيلا بكمايا 5 جرام 5 بكيت × 1 شيكل -,1,8690770325599
32667,بكينج باودر بكمايا 5 جرام - باكو ×36 حبة,1,8690770325605
32673,اقراص ستيفيا تروبيكانا سلم 5 جرام,1,749921004659
32696,جلي فوستر كلاركس بطعم الكرز 340 جم,2,5352101027031 | 5352101028861
32699,بخاخ زيت نباتي الكسيح,1,6253001075353
32706,روح الطعام أزرق فوستر سائلة 28 مل /,4,5352101196515 | 5352101732331 | 5352101414022 | 5352101557224
32713,توفي فرولة اوريجنال -250 جم ORIGINAL,8,2004222203148 | 2004222203131 | 2004222203162 | 2004222203193 | 2004222203179 | 2004222203117 | 2004222203124 | 2004222203186
32714,مسحوق ايس كريم كينتون 80 جم KENTON -,5,8690547192744 | 8690547192737 | 8690547192768 | 8690547192775 | 8690547192751
32731,جلي بونارت 80 جرام Bonart - فواكه,3,8690997090485 | 8690997090461 | 8690997090478
32732,باكو * 12 جلي بونارت 80 جرام Bonart -,3,8690997190482 | 8690997190468 | 8690997190475
32733,كريمة دول سيلا 42 جرام dolcela,2,3850104216947 | 3850104216763
32734,بيتزا جاهزة اسرائيلية 380 جرام,2,7290108503692 | 7290108503708
32742,فانيلا سكر 8   جرام,4,7290006376688 | 7290006376695 | 6254000083653 | 7296073362951
32747,,2,6222014504983 | 6223003447601
32763,,1,6253503473664
32764,باكينج باودر الشيخ قاسم 10 جرام,2,6253503473138 | 6253503473121
32766,فانيلا الشنار 100 جرام  - علبة,2,6254000083585 | 6254000083592
32774,,1,6253002402608
32791,,1,200960784778
32792,,1,7290018517345
33001,زنجبيل لزيزة بالعسل 20 فتلة Lazeza,1,6253503961901
33002,زهورات ابو حميد 250 جرام,1,1356234567536
33003,شاي ابو حميد 1 شيكل 10 فتلة,1,5441225111457
33004,شاي ابو حميد 110 فتلة + هدية,1,5441235223331
33005,شاي ابو حميد نفل 250 جرام,1,2005944446615
33006,شاي احمد احمر الفطور الانجليزي 100 كيس,3,54881006002 | 54881005951 | 54881005982
33008,شاي احمد اخضر 100 كيس + 50 فتلة هدية,2,54881004787 | 54881004770
33009,يانسون الكسيح 20 كيس,1,6253001070006
33011,,1,4792177002012
33021,شاي النمر 100 فتلة,1,4791006007310
33023,,1,210002
33026,شاي انور علي 100 فتلة,2,4791082041291 | 4791082042472
33027,شاي اوبا 210 كيس OBA,1,4798810016675
33029,شاي بيراك 100 فتلة +ماج Berrak,1,4798810017481
33030,شاي بيراك 100 فتلة Berrak,1,4798810012189
33031,شاي بيراك 20 فتلة Berrak,1,4798810019379
33033,شاي بيونير 100 فتلة + هدية,1,4995555414449
33037,شاي بيونير نفل 200 جرام,1,4555565661082
33038,شاي جنان 100 فتلة Jenan,2,4791012019970 | 4798810017214
33039,شاي الربيع اخضر طبيعي   100كيس نعناع,3,6281013247000 | 6281013243002 | 6281013247086
33041,شاي ربيع ايرلي جري 20 فتلة,1,6281013112087
33042,,1,6281013112148
33049,شاي ليبتون اخضر 100 فتلة,1,6281006863965
33054,,1,8720608632671
33056,شاي ليون 10 فتلة,1,4522114001019
33057,شاي ليون 100 فتلة,2,4955585558117 | 4555585559994
33058,شاي ليون 20 فتلة,1,4588778777714
33059,شاي مونتي 75 فتلة 112.5 جرام,1,4791012019437
33061,شاي يونجا 100 فتلة - اسود,2,4791075006627 | 4796030380071
33063,شاي يونجا نفل 250 جرام - كيس,1,4791075006610
33064,شاي يونجا نفل 250 جرام - مرطبان,1,4791075006641
33066,مشروب اعشاب رويال ينسون 20 فتلة Royal,2,6040391212365 | 6040391215472
33070,مشروب بذور الريحان مانجا 290 مل,11,8858768092483 | 8858768029069 | 8858768092469 | 8858768092445 | 8858768093152 | 8858768055952 | 8858768029045 | 8858768093145 | 8858768093374 | 8858768016892 | 8935048622056
33071,مشروب زنجبيل الشيخ قاسم بالعسل 20 فتلة,4,6253503476665 | 6253503476672 | 6253503476689 | 6253503476696
33072,مشروب زنجبيل بالعسل الشيخ قاسم 9 جرام,4,6253503476740 | 6253503476757 | 6253503476764 | 6253503476771
33077,,1,8720608014958
33081,مشروب اعشاب طيبة يانسون 25 فتلة,6,6253501437026 | 6253501437095 | 6253501437019 | 6253501437149 | 6253501437224 | 6253501437101
33083,شاي ليبتون اخضر 100 فتلة,2,6221155114044 | 6221155112408
33085,شاي احمد اسود 60 فتلة - 120 جرام,1,54881001052
33086,شاي احمد قرفة  20 فتلة AHMED,15,54881006958 | 54881008945 | 54881007009 | 54881003988 | 54881006163 | 54881007108 | 54881000062 | 54881009539 | 54881006941 | 54881017862 | 54881008471 | 54881000192 | 54881006989 | 54881006996 | 54881009522
33087,اعشاب وفواكه احمد فراولة  20 فتلة AHMED,12,54881000116 | 54881000024 | 54881000208 | 54881000109 | 54881000031 | 54881013666 | 54881018296 | 54881015080 | 54881015073 | 54881016001 | 54881000017 | 54881000048
33088,شامي بكيت 20 ظرف - نعناع,2,6212900006264 | 6212900006332
33089,شاي احمد خوخ  20 فتلة BEAUTY,4,54881020398 | 54881020350 | 54881020381 | 54881020367
33090,اعشاب الشيخ قاسم شاي 20 بكيت,7,6253503474401 | 6253503474388 | 6253503474418 | 6253503474395 | 6253503474371 | 6253503474432 | 6253503474425
33091,أعشاب العطار باكو زنجبيل و عسل,3,6212900009739 | 6212900002082 | 6212900002198
33094,شاي اعشاب بابونج  20 فتلة GREEN,4,8680913441521 | 8680913442610 | 8680913441064 | 8680913441590
33098,اعشاب ليبتون كركديه 20 فتلة,2,6281006868465 | 6281006868489
33110,شيبس ستيكس 40 جرام - POTATO STIX,1,6224001084850
33112,شاي اخضر ليبتون (25 كيس),1,6221155049681
33114,مشروب زنجبيل جرين ايلاند 20 فتلة GREEN,2,8691262712569 | 8691262703659
33117,شيبسي ستيكس 55 جرام Sticks Chips شطة,2,6253350001447 | 6253350001430
33120,شاي اخضر - الوادي الاخضر 12 فتلة,2,6224008488019 | 6224011214124
33125,شاي تتلي نفل  400 جم tetley - مركز,2,5014328097111 | 5014328012671
33126,شاي تتلي نفل  200 جم tetley - جولد,2,5014328057276 | 5014328030453
33127,,1,5014328051625
33128,,1,5014328034093
33129,شاي  تتلي 100 فتلة  tetley - جولد,2,5014328072989 | 5014328057085
33130,,1,54881005906
33131,شاي ليبتون 20 فتلة Lipton- نعنع,5,8718114889467 | 8710908912276 | 7310390855122 | 8712100784620 | 8714100082034
33135,,2,6223000497333 | 6223000497371
33141,شاي نفل مستير 40 جرام,5,6225000119505 | 6224008043461 | 6223002010233 | 6224010287105 | 6226556900500
33148,مشروب فوري 300 جرام  4U  - عنب,5,7290020010322 | 7290019298410 | 7290019298366 | 7290019298465 | 7290020010377
33151,كركديه ايسس 20 كيس ISIS,3,6223000470121 | 6223000475119 | 6223000470138
33154,,3,6223005599810 | 6225000690271 | 6223005599834
33155,,5,6221987212307 | 6224100236112 | 6224100236242 | 6221001982315 | 6224100236167
33163,,1,54881004732
33167,,1,2106000331675
33168,,4,54881013512 | 54881013529 | 54881013475 | 54881013468
33169,,6,8936177704040 | 8936177704019 | 8936225847224 | 8936177704026 | 8936177703999 | 8936177704033
34002,شاي كرك بالحبهان بريك اصابع - باكو × 8 اصبع,2,6223000274507 | 6223000274651
34003,شاي كرك بالحبهان بريك اصابع 25 جرام,2,6223000274514 | 6223000274668
34004,شاي لاتي كروجر بالقرفة - باكو × 10 اصبع,1,4052700083421
34012,قهوة اسبرسو كينك 2.5 جرام - The King,1,8935259050006
34013,قهوة اسبرسو كينك 37.5 جرام - باكو × 15,2,8935259090200 | 8935259080478
34015,قهوة محبوبة اسبرسو 2 جرام,3,8699415419242 | 8699415419174 | 8699415419204
34016,قهوة محبوبة اسبرسو 2 جرام - باكو × 20,3,8699415419259 | 8699415419181 | 8699415419211
34020,نسكافيه ماتنيل 230 جرام - MATINAL,1,7891000315606
34025,كابتشينو جود داي موكاتو 20 جرام,4,8991002103832 | 8991002103238 | 8991002103931 | 8991002103535
34027,,2,8991002103085 | 8991002133822
34028,كابتشينو جود داي ازرق 600 جرام - كيس × 30,4,8991002103948 | 8991002103849 | 8991002103245 | 8991002103542
34030,كابتشينو سانتوس 25 جرام Santos,1,8991002113503
34040,كابتشينو كوفي بريك فانيلا - باكو × 10 اصابع,3,6223000273333 | 6223000274330 | 6223000272640
34044,كابتشينو محبوبة 25 جرام,1,8699415417637
34045,كابتشينو محبوبة 25 جرام - باكو × 20,2,8699415417644 | 8699415417613
34048,كابتشينو موكاتي جولد كاكاو 8 كيس,3,5900649065420 | 5900649060043 | 5900649070301
34058,نسكافيه جولد 190 جرام Gold,1,4600680000640
34062,نسكافية دافيدوف 100 جم فاين أروما,1,4006067084263
34066,نسكافية عليت 240 جرام,0,
34067,نسكافية عليت 50 جرام,1,7290000176413
34068,نسكافية عليت اروما 200 جرام,1,7290005201455
34072,نسكافية عليت بلاتينيوم +مق,1,7290101552789
34073,نسكافية عليت فانيلا   200 جرام,2,7290102032334 | 7290104065187
34079,,1,46226686
34081,,1,6228000273159
34088,نسكافيه محبوبة 18 جرام - اصبع,1,8699415416203
34089,نسكافيه محبوبة اصابع 432 جرام - باكو × 24,1,8699415416241
34094,,1,7891000304808
34099,نسكافيه نسلة اورجينال 18 جرام - اصبع,1,6221007000013
34100,نسكافيه نسلة اورجينال 230 جرام Extra Forte,2,7891000260388 | 7891000300602
34101,نسكافيه نسلة اورجينال 230 جرام Tradicao,1,7891000257135
34102,نسكافيه نسلة اورجينال اصابع 18 جرام - باكو ×,1,6221007007050
34103,نسكافية نسلة رد ماج 200 جرام Red Mug وليد,2,7290000061764 | 7616100581580
34104,نسكافيه نسلة كلاسيك 100 جرام,2,7891000085349 | 7891000361290
34105,نسكافيه نسلة كلاسيك 200 جرام,1,7891000085387
34106,نسكافيه نسلة كلاسيك 50 جرام,2,7891000085363 | 7891000361252
34108,نسكافيه نسلة كلاسيك اصابع 20 جرام - باكو ×,1,6294003562083
34110,هوت شوكلت محبوبة 1 كيلو,1,8699415418450
34111,هوت شوكلت محبوبة 20 جرام,1,8699415417903
34112,هوت شوكلت محبوبة 20 جرام - باكو × 12,1,8699415417910
34118,شوكو 750غم / اسرائيلي INSTANT,3,6254000083189 | 6254000083110 | 6254000085022
34120,نسكافيه عليت هوت@تاستي 100غم بالقرفة /,4,7290112348609 | 7290112348616 | 7290112359384 | 7290112347299
34123,موكا -كافليكس  24 قطعة cafelux,2,8683071800803 | 8697432200812
34124,موكا كافليكس 18 جرام,3,8697432200287 | 8697432200294 | 8683071800285
34125,,3,8991998010015 | 8991998010114 | 8991998010213
34126,,3,8991998015829 | 8991998015720 | 8991998015928
34135,نسكافيه جاكوبوز جولد 190غم / JACOBOS,3,4607001779650 | 4607001779698 | 8711000567135
34141,نسكافيه نستلة تستر صغير - Tasters,1,7290000072760
34145,نسكافيه سيداب 3 في 1 20 جرام - NEO,3,8998866201971 | 8998866201995 | 8998866202015
34146,نسكافيه سيداب 3 في 1 20 جرام - NEO   باكو,3,8998866201988 | 8998866202022 | 8998866202008
34156,قهوة مبيضة 18 جرام - TALEEN CAFE,10,6254000409613 | 6254000409668 | 6254000409606 | 6254000409651 | 6254000409576 | 6254000409675 | 6254000409637 | 6254000409729 | 6254000409569 | 6254000409620
34157,شاي كرك بالزعفران - TALEEN CAFE,12,6254000409873 | 6254000409781 | 6254000409972 | 6254000409866 | 6254000409859 | 6254000409804 | 6254000409835 | 6254000409811 | 6254000409927 | 6254000409828 | 6254000409910 | 6254000409774
34161,نسكافيه كلاسيك دونياسي 3×1 /18 جرام,7,8697447043527 | 8697447043619 | 8697447043961 | 8697447043503 | 8697447042063 | 8697447043954 | 8697447040854
34162,نسكافيه كلاسيك دونياسي 3×1 /18 جرام,6,8697447043534 | 8697447042308 | 8697447043992 | 8697447043510 | 8697447042087 | 8697447043985
34163,نسكافيه جاكوب 3*1   11.7 غم / JACOBS,3,8690515511324 | 8690515525123 | 8711000557044
34164,,1,8711000705384
34167,نسكافيه تيوربو 13 جرام 3 × 1 - TURBO,4,7613036116107 | 7613036115780 | 7613036116138 | 7613036116077
34168,نسكافيه تيوربو 13 جرام 3 × 1 - TURBO,4,7613036116114 | 7613036115797 | 7613036116145 | 7613036116084
34169,كبسولة كابتشينو ستاربكس باكو 12 كبسولة /,6,7613036927017 | 7613036927574 | 7613036927598 | 7613036927031 | 7613036927550 | 7613036927611
34170,كبسولة كورتادو دولس جوستو باكو,4,7613032396350 | 7613035690639 | 7613037882636 | 7613037505641
34173,كابتشينو الشنار 500 جرام - CAPPUCCINO,1,6254000083691
34174,قهوة رونا خليجية 250 جرام - RONA,1,2009808586103
34188,نسكافيه جولد 14 جرام - NESCCAFE,5,6294003591342 | 6294003591311 | 6294003591199 | 6294003591250 | 6294003591281
34189,نسكافيه جولد 14 جرام - NESCCAFE,4,6294003591298 | 6294003591205 | 6294003591267 | 6294003591328
34193,,1,8683071801503
34194,نسكافيه جولد 18.5 جرام - NEW,6,6221007030553 | 6221007026556 | 6221007026464 | 6221007026525 | 6221007030584 | 6294017102961
34195,نسكافيه جولد 18.5 جرام- NEW,5,6221007026488 | 6221007026570 | 6221007026549 | 6221007030577 | 6294017102978
34198,كاسات بريمو كافيه 25 جرام - كابتشينو,6,6253503820123 | 6253503820154 | 6253503820222 | 6253503820185 | 6253503820703 | 6253503820680
34203,,1,8697456425468
34204,,1,8697456425482
34207,شوكو كاسات هانز Hans,4,8681725049196 | 8681725049011 | 8681725049097 | 8681725049134
34208,مشروب ساخن كاسات هانز Hans ربطة×6,4,8681725049028 | 8681725049103 | 8681725049585 | 8681725049141
34215,باكو مشروب ستاربكس 5 كيس,2,7613038558448 | 7613038558356
34218,نسكافيه كافليكس (3*1)20 كيس CAFELUX,5,8697432200843 | 8697432200607 | 8697432201017 | 8697432200836 | 8683071800018
34219,نسكافيه كافليكس (3*1)18 جم CAFELUX -,4,8697432200553 | 8697432200898 | 8683071800865 | 8697432201000
34223,كابتشينو توب 25 جرام باكو * 22 TOP,1,8998866630863
34224,كابتشينو الي كافيه 25 جم ALICAFE,1,9555021510997
34225,باكو كابتشينو الي كافيه 25جم*20 كيس,1,9555021511000
34227,نسكافيه الاديب 10 جرام 2*1 دايت ALADEEB,8,8681072009690 | 8681072009324 | 8681072009706 | 8681072009713 | 8681072009645 | 8681072009652 | 8681072009683 | 8681072009669
34228,باكو *48 نسكافيه الاديب 10 جرام دايت,8,8681072009805 | 8681072009393 | 8681072009812 | 8681072009829 | 8681072009751 | 8681072009768 | 8681072009799 | 8681072009775
34229,,1,6221007041832
34236,نسكافيه بريمو كافيه 20 جرام 3 * 1,2,6253503820284 | 6253503821175
34237,باكو * 24 نسكافيه بريمو كافيه 20 جرام 3 * 1,2,6253503820369 | 6253503821182
34245,,1,8991002133549
34246,,1,8681072009720
34253,,1,8681072009003
34263,نسكافيه نسلة كلاسيك 190جرام,1,6221007041818
34271,,3,6221007028062 | 6221007028093 | 6221007011927
34272,,3,6221007028086 | 6221007031079 | 6221007028116
34275,,1,4002720006696
34276,كابتشينو يوني كافيه 20 جرام uni cafe-- بندوق,1,6224011376259
34277,كابتشينو يوني كافيه 20 جرام uni cafe- بندوق,1,6224011376334
34278,كابتشينو يوني كافيه 12 جرام uni cafe -,1,6224011376662
34279,,1,6224011376679
34289,,1,6221007030676
34314,نسكافية كريمي 3*1 باكو/12,1,6221007030669
34318,نسكافيه كروان جولد 100 جرام Crown,2,8684201390782 | 8684201390805
36003,كفي ميت نسلة لايت 450 جرام,1,8850124080202
36004,كوفي ميت نسلة 1 كيلو - كيس,1,8850124074553
36005,كوفي ميت نسلة 400 جرام - الاصلي,2,8850127063424 | 8850124020000
36006,كوفي ميت نسلة 400 جرام - عادي,1,8850124011053
36007,مبيض قهوة محبوبة 4.2 جرام,1,8699415419228
36008,مبيض قهوة محبوبة 4.2 جرام - باكو × 105,1,8699415419235
36016,مبيش كفي ميت فانيلا 425.2 جم COFFE,3,50000207084 | 50000602360 | 50000045952
37001,,1,7290002366652
37003,شوكو بارليكو اصابع 30 جرام - باكو × 8,1,6223000274224
37004,شوكو بارليكو اصابع 30 جرام Barlico,1,6223000274231
37006,شوكو عليت 400 جرام باكو,0,
37007,شوكو عليت 500 جرام علبة,0,
37008,شوكو عليت 850 جرام باكو,0,
37010,كاكاو الكسيح 125 جم,1,6253001065675
37012,كاكاو بدري وهنية 45 جرام,1,6253503972877
37013,كاكاو بودره جلاكسي ابو حميد,1,2005994445590
37020,,2,1324657985688 | 6251972000718
37037,كاكاو مر 100 جرام,1,96165393
37041,,2,2000599166208 | 2009879970115
37043,,1,8772188215683
37049,,1,6294013088948
37062,,2,7290110577254 | 7290107954976
37069,,1,7290020348326
37070,,2,6223000031889 | 6223000031926
38001,قهوة ابو سكندر 1 كيلو,1,2002004807485
38002,قهوة ابو سكندر 250 جرام,1,2002004805894
38003,قهوة ابو سكندر مطاعم 250 جرام,1,2001001002503
38007,,1,7290001648155
38008,,1,7290001648995
38015,,2,6253503973478 | 2106000270745
38016,قهوة اكسترا بدري وهنية 200 جرام,0,
38024,قهوة السحر نصف محروق  100 جرام,2,2002991111213 | 2009891076109
38025,قهوة السحر 20 جرام -1 شيكل,2,2005955887650 | 2021012221328
38026,قهوة الربيع 20 جرام -1 شيكل - باكو × 24,1,2021021519362
38027,قهوة العميد غامق مع هيل 225 جرام,2,6254000115033 | 6254000115019
38031,قهوة قهوتنا 20 جرام - باكو × 20,2,2000828033363 | 2000802803371
38039,قهوة مزاج 16 جرام 1 شيكل,2,6253503974024 | 6253503970132
38040,,2,331041+000100 | 331042+000100
38046,عرض قهوة بستان يافا 500 جم وسط بالهيل,1,2009734152120
38050,قهوة بن ازحيمان 16 جرام,2,6253337103065 | 6253337103072
38051,قهوة بن ازحيمان 1 شيكل 16 جرام - باكو × 28,1,6253337103263
38052,قهوة بن ازحيمان 2/3 شقراء 250 جرام,4,6253337100200 | 6253337100231 | 6253337100224 | 6253337100217
38053,,1,6253337103218
38054,قهوة بن ازحيمان تركية 7 جرام,1,6253337103058
38055,قهوة بن السلطان 1 كيلو,1,2005662807781
38056,قهوة بن السلطان 250 جرام,1,5668779145770
38057,قهوة بن جور 1 كيلو,1,2005662908884
38058,قهوة بن جور 100 جرام,1,2009001945974
38059,قهوة بن جور 20 جرام,1,2005263330862
38060,قهوة بن جور 20 جرام - ياكو × 24,1,2005994588000
38061,قهوة سوا 200 جرام,10,2009705994285 | 2009705994384 | 6905555688113 | 2005988456786 | 2008290123469 | 2008290123452 | 2008290123476 | 2008290123483 | 2009420006133 | 2005988456793
38062,قهوة بن عثمان 24 جرام,0,
38063,قهوة بن عثمان 24 جرام - باكو × 24 قطعه,2,59945404011 | 946
38064,,1,2002004807522
38068,قهوة خصوصي شقراء 250 جرام,1,6253503970255
38070,قهوة دايمة وسط 250 جرام,1,6253337100934
38073,قهوة ديليس 18 جم كرتونة / 24,1,972578011002
38076,قهوة رواق غامق 250 جرام,2,6253503975465 | 6223017441084
38080,قهوة شاحور تركية 1 كيلو,2,7290008751902 | 6253805830011
38081,قهوة شيري 250 جرام - بدري وهنية بالهيل,1,6253361902153
38087,,1,7290018711095
38089,قهوة عليت برازيلي 100 جرام,1,7290112335074
38090,قهوة عليت تركية 1 كيلو,1,7290000176116
38091,قهوة عليت تركية100 جرام,1,7290000176062
38092,قهوة عليت تركية 200 جرام,1,7290000177694
38096,قهوة لذيذة 250 جرام,5,9010007000010 | 9010007300011 | 9010000000017 | 9010000000178 | 9721054789031
38098,قهوة مزاج نصف محروقة 100 جرام,2,6253503971573 | 6223017440780
38099,,2,6253503971580 | 6223017440711
38103,قهوة ميلانو شقراء بالهيل 250 جرام - بدري وهنية,1,6253503974352
38105,,0,
38107,,1,2005988300065
38110,قهوة الربيع + هدية 250 جم,2,2018102020411 | 2018102021043
38112,قهوة العميد 225 جرام ALameed / Light,4,6254000115750 | 6254000115767 | 2106000381120 | 6254000115743
38116,,1,2107212504598
38118,,1,2008248074829
38149,قهوة ماكسويل هاوس 311 جرام -,2,43000029350 | 43000029268
38160,قهوة تايم 250 جرام - COFFEE TIME,1,9725990121214
38179,قهوة جاز 100 جم jazz,1,693493061681
38184,,2,8697447040809 | 8697447040823
38206,قهوة فلتر لافازا 1 كيلو LAVAZZA - روزا,2,8000070035904 | 8000070024441
38207,,1,7290010502202
38211,,1,2107212504598
38215,,2,6224007767696 | 6224000023867
38216,,1,608614319879
38218,قهوة الذهبة  100 جرام -,1,599488699016
38219,قهوة - ماجستك 250 جرام -,1,9059971734750
38222,قهوة مودي كافيه 200 جرام Mody Coffee,1,9721054789000
38231,,3,6223017441091 | 6223017441107 | 6223017441114
38232,قهوة تركي بدري وهنية 100 جرام- سادة,1,6223017441053
38233,,2,2257460503154 | 2002004807539
38235,قهوة بن الحموي كلاسيك هال 180 جرام,4,6210554038150 | 6210554048111 | 6210554058134 | 6210554028021
38236,قهوة بن الحموي اكسترا هال 450 جرام,2,6210554058189 | 6210554038204
38242,قهوه بن الحموي غامقة اكسترا هال 90 جرام,4,6210554038013 | 6210554048012 | 6210554028014 | 6210554118012
38248,,1,6225000668027
38250,,1,8681072009034
38254,,1,6002625700000
38260,,3,6210558039047 | 6210558049046 | 6210558109016
39009,نشا ذرة الكسيح 350 جرام Kasih,1,6253001065026
39013,سحلب  تالين بكيت 28جم / TALEEN CAFE,3,6254000409699 | 6254000409743 | 6254000409583
39016,سحلب 30 غم / sahlap,1,6254000084582
39019,,1,2005972278370
39021,,1,2001402583458
40021,,1,8699394450076
40023,,1,8699394450069
40026,مياه معدنية سيرما 500 مل - شرحة × 12,1,8691058141955
40029,,1,959
40040,مياه معدينة سيرما 1.5 لتر - شرحة × 6,1,8691058141986
40044,,1,7290019056966
40045,,2,8699015750912 | 8699015750134
40088,مياه معدنية فاميليي 500  مل,1,6254000767034
40096,مياه معدنية فوريو  500 مل,2,7290015910781 | 6253352600266
40106,,1,8680805270192
40113,,1,6254000767010
40122,فطر تينو 400 جرام,1,6224000515485
40123,nawon قهوه مثلجة 180 ملي / black coffee,3,8936177704866 | 8936177704897 | 8936177704873
42001,,0,
42002,ايس كوفي لونا موكا 190 مل Luna,3,6281020318335 | 6281020318236 | 6281020172456
42003,مشروب غازي ميرندا 1 لتر,3,9903001360641 | 9903001360603 | 9903001360627
42004,مشروب غازي ميرندا 1 لتر كرتونة × 6,1,9903001360696
42005,بيبسي 1.5 لتر,4,9903001360115 | 9903001360139 | 9903001360122 | 9903001360184
42006,ببسي 1.5 لتر شرحة ×6,1,9903001370602
42007,بيبسي 2 لتر,4,9903001360702 | 9903001360726 | 9903001360719 | 6251919000085
42010,ميرندا 250 مل Mirinda,4,6223001361749 | 6223001361725 | 6223001361732 | 6251919000559
42011,بيبسي  330 مل,3,6223001360063 | 6223001360285 | 6223001360506
42013,ميرندا بلاستك 250 مل,4,9903001360276 | 9903001360269 | 9903001360252 | 6251919000535
42015,,1,9904001360624
42016,سفن اب فري 330 مل,6,6251919000511 | 6251919000672 | 6251919000528 | 6251919000498 | 6251919000481 | 6251919000504
42021,سوبر وان عنب 1 لتر,3,597600400052 | 597600400045 | 597600400076
42023,سيتي كافيه قهوة مثلجة موكا 180 مل City,1,6210554279188
42025,شراب اجا مانجا 250 مل AGA,3,6221055006036 | 6221055006203 | 6221055006135
42026,حليب موز بلادي كيدز 200 مل / الجبريني,3,6253503521969 | 6253503521761 | 6253503521860
42029,,2,6266260007 | 2002881330014
42035,شراب جرين لاند لذيذو مانجا 200 مل,2,6223004772368 | 6223004772405
42037,شراب جهينة برتقال 235 مل,5,6222014330537 | 6222014330506 | 6222014330520 | 6222014330513 | 6222014330490
42039,,3,6222014336683 | 6222014336690 | 6222014336713
42043,شراب لاكتيل فراولة 225 مل Loctel,4,6223003777029 | 6223003776862 | 6223003777012 | 6223003777036
42044,حليب جهينة شوكلاتة 200 مل,3,6222014310881 | 6222014310898 | 6222014310928
42045,شوكو سائل المراعي موز 200 مل,6,6223001876908 | 6223001876861 | 6223001876854 | 6223001877165 | 6223001877202 | 6223001877172
42047,شوكو لمار  بالشوكلاتة 200 مل,3,6224008637059 | 6224008637066 | 6224008637073
42048,مشروب شعير شويبس بطعم الاناناس 330 مل,7,5449000171535 | 5449000112217 | 5449000030856 | 7290017023625 | 7290017023601 | 7290017023618 | 7290017888743
42051,عصير اجا مانجا 330 مل AGA,6,6221055006043 | 6221055006524 | 6221055006074 | 6221055006067 | 6221055006081 | 6221055006364
42053,عصير الصافي عنب 1 لتر Alsafi,3,2002579211120 | 2002579211144 | 2002579211113
42055,عصير الصافي مانجا 1.5 لتر Alsafi,4,2002579311141 | 2002579311110 | 2002579311127 | 2002579311158
42056,عصير اونو بذور الريحان ليتشي 290 مل Uno,4,8858908302816 | 8858908303554 | 8858908302809 | 8858908303684
42059,عصير ايبال مانجا 1.5 لتر Epal,1,6225000269538
42061,عصير ايبال مانجا 325 مل - بزاز Epal,1,6225000269552
42063,عصير بست جوافة 1 لتر Best,3,718791605105 | 718791618204 | 718791808124
42064,عصير بست جوافة 250 مل - زجاج,3,718791605112 | 718791618440 | 718791808223
42066,عصير بيتي مانجا 1 لتر Beyti,3,6223001879114 | 6223001879145 | 6223001879121
42067,عصير تابوزينا مانجا 1.5 لتر,10,7290012404283 | 7290003608898 | 7290002663522 | 7290001247952 | 7290003608546 | 7290002663539 | 7290002663881 | 7290011051938 | 7290017888903 | 7290019056362
42069,عصير تابوزينا مانجا 330 مل,9,7290012404313 | 7290008757850 | 7290008757836 | 7290008757829 | 7290008757843 | 7290012404221 | 7290019153337 | 7290019056348 | 7290019153320
42071,عصير توب عنب 400 مل Top,3,6251659000147 | 6251659000116 | 2004951640641
42073,عصير توب عنب 1 لتر Top,4,6251659000918 | 6251659000932 | 6251659000925 | 6251659000901
42074,عصير توب 330 مل بطعم البرتقال,1,321854443219
42077,عصير توب درينك عنب 1 لتر Top Drink,5,6253504270217 | 6253504270248 | 6253504270255 | 6253504270224 | 6253504270200
42078,عصير توب درينك مانجا 330 مل - زجاج,5,6253504270361 | 6253504270378 | 6253504270415 | 6253504270385 | 6253504270392
42080,عصير توب درينك بلاستك 500 مل بطعم المانجو,5,6253504270477 | 6253504270446 | 6253504270453 | 6253504270484 | 6253504270460
42082,عصير جهينة مانجا 1 لتر,5,6222014336133 | 6222014336188 | 6222014336157 | 6222014336171 | 6222014336140
42086,عصير فيرست حبيبات عنب 240 مل,24,6253506684418 | 6253504310548 | 6253504310562 | 6253506681233 | 6253506681226 | 6290050603236 | 6290050603410 | 6290050603403 | 6251897400105 | 6251897400112 | 6251897400099 | 6254000067158 | 6253506681202 | 6251897250021 | 6254000157064 | 6253506684227 | 6253506684234 | 6251897400433 | 6253506684210 | 6290050603243 | 6251897400044 | 6251897400075 | 2106000420850 | 6253506684425
42087,عصير حبيبات ماتركس اناناس 240 مل--,1,6253506681066
42091,عصير راوخ مانجا 355 مل Rauch,4,9008700153843 | 90169496 | 90169274 | 9008700164788
42092,عصير ريتا ألوفيرا 330 مل,7,8936020034324 | 8936020031224 | 8935270808556 | 8936020031729 | 8936020033662 | 8936020053813 | 8935270808549
42094,عصير فاميلي ليمون ونعنع 400 مل,5,7290014019331 | 7290014019362 | 7290014019355 | 7290014019348 | 7290014019317
42095,عصير فروتي جوافة 250 مل,3,6224007388969 | 6224007388570 | 6291108010716
42097,عصير فيتنامي خوخ 330 مل,1,8936121110453
42099,عصير فيفا مانجا 1 لتر Viva,3,6221046022021 | 6221046022519 | 6221046022212
42100,عصير كل يوم كوكتيل 180 مل kolyoum,3,6223001876069 | 6223001876052 | 6223001876045
42101,عصير كل يوم جوافة 900 مل,3,6223001877141 | 6223001877134 | 6223001877158
42103,عصير كوزو بالجلي عنب 350 مل,4,9555614201622 | 9555614201660 | 9555614201615 | 9555614201653
42105,عصير لمار كوكتيل 1 لتر Lamar,5,6224001105883 | 6224008637011 | 6224001105104 | 6224001105111 | 6224001105838
42106,عصير لمار تفاح طبيعي 1 لتر Lamar,7,6224001105098 | 6224001105487 | 6224001105517 | 6224001105081 | 6224008637028 | 6224008637035 | 6224001105425
42108,عصير لمار مانجا طبيعي 200 مل Lamar,6,6224008637165 | 6224001105661 | 6224001105128 | 6224001105845 | 6224001105135 | 6224001105494
42110,عصير ماكسي توت ازرق وخوخ 330 مل Maxi,5,6224008526308 | 6224008526315 | 6224008526339 | 6224008526322 | 6224008526421
42111,عصير نادوو مانجا 250 مل Nadoo,1,6224007509104
42113,عصير ناون فواكه 330 مل Nawon,8,8936177700127 | 8936177700097 | 8936177700103 | 8936177700134 | 8936177700110 | 8936177700158 | 8936177701148 | 8936177701117
42115,فانتا برتقال 1.5 لتر Fanta,2,5449000052926 | 7290110115296
42117,فيروز علب 250 مل بطعم التفاح الاحمر,2,6281107250510 | 6281107251210
42119,قهوة دي رويال اورجنال 185 مل,3,6251932000468 | 6251932000482 | 6251932000475
42121,كوكا كولا 1.5 لتر Coca Cola,3,5449000051981 | 5449000012203 | 5449000303363
42122,سبرايت دايت 330 مل,6,5449000053008 | 5449000111449 | 5449000053879 | 5449000131805 | 7290110110659 | 7290011018467
42124,سبرايت علب 150 مل,5,54492127 | 5449000251480 | 5449000251473 | 54492578 | 90357473
42126,مشروب غازي ايجا 250 مل كولا,5,6251897000428  - | 6251897000435 - | 6251897000442 - | 0655729308045 - | 655729308038 -
42128,,2,6224009398072 | 6224009398034
42130,,2,6224009398089 | 6224009398041
42134,عصير حبيبات راني   240 مل - كوتيل,2,6281034015022 | 6281034903572
42143,مشروب بفاريا خوخ 330 مل - علب,5,8714800018289 | 8714800025775 | 8714800023214 | 8714800014434 | 8714800027847
42145,مشروب بفاريا مانجا وفلورا 500 مل - علب,6,8714800036023 | 8714800017602 | 8714800011426 | 8714800036030 | 8714800040846 | 8714800040822
42149,مشروب جهينة بخيرة 200مل بطعم التفاح,2,6222014336720 | 6222014336751
42152,مشروب حبيبات عصير اورجينال  300مل بطعم,2,6281100518716 | 6281100518709
42157,مشروب شعير بفاريا 330 مل زجاج سادة,8,8714800003384 | 8714800025706 | 8714800017473 | 8714800027878 | 8714800019927 | 8714800036009 | 8714800035989 | 8714800051309
42160,مشروب شعير بيرلي اناناس 330 مل Barley,6,6225000329423 | 6225000329454 | 6225000329492 | 6225000329478 | 6224010038011 | 6224010038035
42172,مشروب شويبس تفاح 1.125 لتر Schweppes,8,7290016006278 | 7290016006070 | 7290016006087 | 7290017023175 | 7290016006162 | 7290016006063 | 7290119778546 | 7290016006094
42178,مشروب طاقة بور هاوس 250 مل,2,9008442000085 | 9008442000450
42180,مشروب أناناس بارلي جولد 330 مل / Barley,1,5449663329878
42189,مشروب طاقة اسود 500 مل Well Power,1,8696301100239
42190,مشروب عصير  برافو 300 مل بطعم البرتقال,3,6253504270163 | 6253504270170 | 6253504270682
42194,مشروب عصير سبرينج 1.5 لتر فواكه استوائية,10,7290006644626 | 7290005564253 | 7290000260969 | 7290000260853 | 7290000260860 | 7290002323198 | 7290016006865 | 7290017023724 | 7290003608089 | 7290000260839
42200,مشروب عصير كابي 1.5 لتر بطعم العنب,7,5449000161482 | 5449000161475 | 5449000151513 | 5449000161499 | 5449000151490 | 5449000292728 | 5449000185273
42204,,1,5032619310022
42206,مشروب غازي امازون توت احمر 250 مل,2,6251932000734 | 6253504310586
42207,مشروب غازي اوسو كولا  1 لتر,2,6221457895245 | 6224083412855
42209,مشروب غازي جرين ليمون 300 مل,6,5206542007476 | 5206542007469 | 5206542007612 | 5206542007483 | 5206542008329 | 5206542009906
42210,مشروب غازي جولدن 1 لتر / بطعم الكوكتيل,10,9909001001195 | 9909001001119 | 9909001001133 | 9909001001157 | 9909001001188 | 9909001001126 | 9909001001140 | 9909001001171 | 9909001001102 | 9909001001164
42213,مشروب غازي جولدن تفاح 1.5 لتر Golden,7,9909001001058 | 9909001001065 | 9909001001034 | 9909001001041 | 9909001001072 | 9909001001027 | 9909001001096
42215,مشروب غازي سوبر رمان 250 مل Super,5,6251897000404 | 6254000067646 | 6251897000374 | 6251897000367 | 6251897000381
42217,مشروب شويبس 250 مل Schweppes عنب,9,7290014791442 | 7290014791466 | 7290017888439 | 7290014791435 | 7290016006155 | 7290014791459 | 7290119777549 | 7290014791428 | 7290017023373
42219,مشروب غازي فانتا برتقال 1.25 لتر,5,5449000146861 | 5449000282576 | 5449000019110 | 5449000147066 | 5449000162236
42220,مشروب غازي فيمتو 330 مل,2,6281034902681 | 6297000747606
42223,مشروب غازي فينتانا 1 لتر بطعم الكيوي و,5,198611031398 | 198611031350 | 2411419882138 | 2428149992143 | 6201801192510
42225,مشروب غازي فينتانا تفاح 330 مل,6,599104999001 | 599104999025 | 599104999018 | 599104999063 | 2411419997111 | 2411428149826
42227,مشروب غازي فينتانا 1.5 لتر,1,2198306060991
42229,مشروب غازي كادية ازرق  300 مل,3,6281060102796 | 6281060102802 | 6281060102369
42231,,1,5449000113221
42233,,2,5449000113214 | 5449000113184
42235,مشروب غازي سبرايت 1.25 لتر,6,5449000146878 | 5449000162380 | 5449000147844 | 5449000002679 | 5449000162236***** | 5449000024749
42236,مشروب غازي سبرايت 1.25 لتر شرحة /6,2,5449000166364 | 5449000157911
42238,مشروب غازي سبرايت 2لنر,6,5449000004864 | 5449000062550 | 5449000000286 | 5449000004840 | 7290110115845 | 7290110115869
42239,مشروب غازي ماتريكس 250 مل برتقال,4,6253506680618 | 6253506680601 | 6254000243163 | 6254000243552
42242,مشروب غازي ماغنوم تفاح 250 مل Magnum,5,6251897000183 | 6251897000206 | 6251897000220 | 6251897400259 | 6251897000237
42243,مشروب فور يو تفاح 250 مل,4,8697404001362 | 8697404070474 | 8697404070375 | 8697404070856
42244,فيروز علب 330 مل بطعم التفاح,5,6223000082508 | 6223000082447 | 6223000082201 | 6223000083093 | 6223000080979
42246,,1,8691660001470
42255,مشروب ماجيك برتقال 400 مل  Ma gic,6,223358553367 | 223358442258 | 55667788990 | 44444555993 | 44556677880 | 66889911110
42256,مشروب ماجيك عنب 1 لتر Ma gic,9,55667788112 | 55667799224 | 55667788105 | 126778832237 | 66778821216 | 456215867 | 4512345678944 | 77889932319 | 4512345678937
42257,مشروب ماجيك 1 لتر Ma gic - شرحة * 6,1,4512345678913
42260,نكتار عصير AGA زجاج 250 مل بطعم العنب,2,6221055007811 | 6221055007118
42262,مشروب غازي هايتي 1 لتر / بطعم الأناناس,5,9909002001149 | 9909002001125 | 9909002001118 | 9909002001132 | 2106000421697
42263,سوبر وان 2 لتر بطعم التفاح Super,5,9903001350345 | 9903001350239 | 9903001350215 | 9903001350222 | 9903001350253
42264,مشروب غازي فيتال بلاستيك 330 ملم,3,595400666081 | 198611031381 | 198611031275
42265,مشروب غازي فينتانا حديد 330 ملم كولا,10,6200808188656 | 6200808185242 | 6200808185440 | 6200808185143 | 6200808185341 | 6201801191025 | 6200809181823 | 6200809189829 | 6200809181762 | 6200809181540
42267,مياه غازية معدنية هندية 232 مل epsa,8,5201171990083 | 5201171990205 | 5201171122323 | 5201171990069 | 5201171132322 | 5201171990243 | 5201171212321 | 5201171990014
42269,مشروب صودا لاكين ليمون ونعنع 250مل,2,8680171511844 | 8680171511820
42270,عصير فيريست 330 مل بطعم البرتقال,3,6253504311071 | 6253504311088 | 6253504311064
42271,عصير بارادايس كوكتيل  1 لتر  Paradise,3,6223004224539 | 6223004224546 | 6223004224577
42272,عصير بارادايس مانجا 235 مل  paradaise,5,6223004224409 | 6223004224454 | 6223004224690 | 6223004224416 | 6223004224423
42273,قهوة مثلجة جست موكا 200 مل / ice cofee,2,8699120446588 | 8699120446595
42274,مشروب فيروز توت 330مل  fayrouz,6,6223000081907 | 6223000081419 | 6223000082157 | 6281107252330 | 6223000081600 | 6223000081808
42275,مشروب شويبس خوخ 300مل / Schweppes,4,5449000289209 | 5449000289193 | 5449000289216 | 5449000289223
42276,عصير الشام ببذور الريحان 290مل / بطعم,3,8855044019226 | 8855044041319 | 8855044019219
42278,مشروب فيروز أناناس 330مل  fayrouz  باكو,6,6223000082195 | 6223000081846 | 6223000081433 | 6223000081648 | 6281107252347 | 6223000081945
42280,كولا توب 350 مل Top ليمون,0,
42281,كولا توب 1 لتر TOP ليمون,0,
42284,عصير بيتي برتقال 235 مل BEYTI,14,6223001875734 | 6223001875833 | 6223001875857 | 6223001875208 | 6223001875246 | 2106000380215 | 6223001875222 | 6223001879237 | 6223001879244 | 6223001879251 | 6223001879305 | 6223001875772 | 6223001875239 | 6223001875192
42285,عصير بريجات 1.5 لتر عنب,9,7290002871446 | 7290002871460 | 7290002871484 | 7290005604133 | 7290013584816 | 7290003667369 | 7290013585509 | 7290004423353 | 7290002871477
42286,مشروب ماجيك مانجا   200 مل  Ma gic,3,33445566770 | 22334455660 | 22334466772
42287,عصير توب درينك 1.5 لتر برتقال - Top Drink,4,6253504270019 | 6253504270026 | 6253504270040 | 6253504270064
42291,عصير سان توب 125 مل برتقال,5,6281012033178 | 6281012033352 | 6281012033147 | 6281012033284 | 6281012033666
42292,عصير سان توب 125 مل مانجو  صندوق × 24,5,6281012044518 | 6281012044372 | 6281012044587 | 6281012044457 | 6281012044204
42293,ايس كافيه 250 مل - DANETTE,3,8696368943671 | 8696368943688 | 8696368943695
42296,مشروب غازي طاقة دبل  500 مل HOT LINE,2,8691020680406 | 8691020680147
42297,عصير طبيعي فروتسي 330 مل برتقال,5,6253506688706 | 6253506688713 | 6253506688720 | 6253506688737 | 6253506688744
42298,كولا علب 250 مل ماكسي برتقال,4,6224008526124 | 6224008526148 | 6224008526131 | 6224008526179
42300,حليب بالفراولة جرين لاند ديو 200 مل,3,6221011999389 | 6221011000030 | 6221011000016
42301,عصير سوبر جيري مانجا الجبريني,4,6253503526711 | 6253503526742 | 6253503526735 | 6253503526728
42302,عصيرنا الجبريني مانجا,4,6253503526919 | 6253503526698 | 6253503526902 | 6253503526650
42305,عصير روبكس 250 مل - Robeks    مانجا,2,6772504390867 | 6772504390409
42306,شراب أكتيف 170 مل بطعم الموز / Active,4,846656009536 | 846656000809 | 846656001318 | 846656009529
42307,شراب أكتيف بالموز ربطة ×6باكو×170 مل /,3,846656027073 | 846656027097 | 846656027103
42310,مشروب طاقة بايسون 250 مل BAISUN,1,8681137800408
42313,,5,6251919000634 | 6251919000702 | 6251919000658 | 6251919000610 | 6251919000627
42314,عصير روابي 1 لتر كرتونة - RAUBI   مانجو,4,705632239513 | 705632239872 | 705632239780 | 705632239490
42315,عصير روابي 250 ملم كرتونة - RAUBI,3,6291108010686 | 6291108010693 | 6291108010648
42316,مشروب غازي بارلي 275 مل - BARLEY,4,6224010038110 | 6224010038080 | 6224010038141 | 6224010038134
42317,عصير روابي 1.1 لتر - RAUBI    توت,7,6291108010334 | 705632239179 | 705632239278 | 6291108010303 | 705632239285 | 705632239292 | 705632239322
42318,شوكلاتة بندق الربيع 330 مل كرتون,1,6281026176250
42319,عصير رومبا جوافة 1 لتر / Rumba,2,6225000152588 | 6225000152564
42320,مشروب نكتار لايك جوافة 230 مل / LIKE,7,6225000152533 | 6225000152540 | 6225000152502 | 6224007492161 | 761847063886 | 6223000038512 | 6224007492116
42321,كولا بطعم البرتقال بارلي 200 مل,3,6224010038271 | 6224010038264 | 6224010038288
42322,مياه شعير اوسو بلانكو - OSO BLANCO,2,6225000404939 | 6225000404922
42323,,2,5032085006139 | 5032085006153
42326,عصير محبوبة 9 جرام - رمان - Mahbub,5,8699415434931 | 8699415417590 | 8699415434917 | 8699415434948 | 8699415434924
42329,عصير الصباح 200 مل اناناس,2,6224007492147 | 6224007492109
42330,سفن اب / بيبسي / ميرندا 500 مل بلاستيك /,4,6251919000429 | 6251919000689 | 6251919000252 | 6251919000405
42331,سفن أب فري دايت ربطة×6عبوات×500مل,5,6251919000467 | 6251919000719 | 6251919000382 | 6251919000443 | 6251919000283
42332,عصير نادو 250 مل -Nadoo,3,6224007509845 | 6224007509838 | 6224007509821
42334,عصير فيفا برتقال 200 مل Viva,8,6221046043415 | 6221046041794 | 6221046043521 | 6221046042197 | 6221046043491 | 6221046252060 | 6221046022298 | 6221046042395
42336,مشروب قهوة مثلجة 238 مل - SAI GON,1,8935259069886
42337,مشروب قهوة مثلجة 238 مل - KING,1,8935259080485
42338,عصير جونيور 200 مل - JUNIOR  كوكتيل,4,6281100396666 | 6281100396680 | 6221046022243 | 6281100396734
42341,عصير ملتي 250 مل - MULTI   مانجو,3,6224007509401 | 6224007509418 | 6224007509425
42342,عصير مسافي رمان 1 لتر / masafi,7,6291001011537 | 6291001010370 | 6291001014200 | 6291001014910 | 6291001010066 | 6291001010073 | 6291001010080
42343,قهوة مثلجة نستلة  بالحليب و السكر 250 مل /,3,7613036483650 | 7613036483537 | 7613036483674
42344,عصير و نعنع 1 لتر الربيع ليمون / ALRABIE,9,6281026311552 | 6281026306206 | 6281026311439 | 6281026311354 | 6281026305407 | 6281026305001 | 6281026306008 | 6281026305209 | 6281026305605
42345,عصير الربيع 330 مل برتقال -,9,6281026170302 | 6281026170180 | 6281026170890 | 6281026170241 | 6281026170128 | 6281026175666 | 6281026170067 | 6281026175727 | 6281026170005
42346,عصير بست 1 لتر جوافة كرتون Best,3,718791821369 | 718791821161 | 718791821468
42347,مشروب مياه شعير دبل 330مل X رمان,5,6224009346332 | 6224009346318 | 6224009346301 | 6224009346295 | 6224009346325
42351,مشروب كاندي أب حليب بالشوكلاتة 200 مل,4,9253806090114 | 6253806090087 | 6253806090124 | 6253806090131
42355,عصير ماجيك كرتون كوكتيل 235مل / MAGIC,4,36336399723 | 36336399754 | 36336399778 | 36336399730
42361,مشروب شويبس 250 مل Schweppes -,4,7290019153825 | 7290019153801 | 7290019153795 | 7290019153818
42362,بيبسي علب  150 مل,6,6251919000580 | 6251919000597 | 6251919000603 | 6251919000764 | 6251919000665 | 6251919000825
42366,قهوة الكابتشينو المثلجة مستر.براون 240 مل,4,25616042145 | 25616107202 | 25616102504 | 25616042138
42368,مشروب غازي فانتا 1.25 لتر شرحة /6 عنب,4,5449000282583 | 5449000035097 | 5449000268846 | 5449000166357
42374,عصير أورجينال 1.5 لتر برتقال Original,10,6281100512493 | 6281100510116 | 6281100514312 | 6281100512936 | 6281100514428 | 6281100510109 | 6281100514343 | 6281100510154 | 6281100510123 | 6281100510093
42375,عصير أورجينال بطعم التوت 250 مل Original,3,6281100516071 | 6281100516057 | 6281100516064
42376,عصير أبست 330 مل بطعم  التمر الهندي  _,6,8938510764896 | 8938510764858 | 8938510764865 | 8938510764889 | 8938510764872 | 8938510764902
42378,مشروب طاقة يوجو 330 مل UGO بطعم التفاح,6,6224000805920 | 6224000805876 | 6224000805890 | 6224000805883 | 6224000805265 | 6224000805463
42381,مشروب فيروز بطعم رمان 970 مل,2,6223000083598 | 6223000080474
42383,مشروب شويبس بطعم الرمان 1 لتر,5,5449000224385 | 5449000220837 | 5449000177506 | 5449000665669 | 5449000202635
42385,مشروب شويبس بطعم الرمان 250 مل زجاج,5,42105190 | 50112401 | 90494567 | 90418440 | 42104896
42387,مشروب غازي 250 مل XL - PINA,2,5906485301784 | 5906485301746
42390,عصير ماكس 1 لتر MAX بطعم البرتقال,5,4525583697417 | 4525583697455 | 4525583697424 | 4525583697431 | 4525583697448
42393,عصير الواحة الطبيعي 1.5 لتر بطعم الفواكه,4,6281062121665 | 6281062121566 | 6281062121696 | 6281062121597
42394,عصير الواحة الطبيعي كوكتيل,3,6281062124109 | 6281062124123 | 6281062124093
42396,عصير تانج بودرة بطعم المانجا 1 كجم - TANG,2,7622201774066 | 7622201774035
42397,عصير تانج بودرة بطعم البرتقال 500 - TANG,2,7622201773977 | 7622201774004
42402,مشروب حبيبات الفا 240 مل مانجا,3,6251897400136 | 6251897400129 | 6251897400150
42405,مشروب صود سيرما 200 مل,7,8691058141856 | 8693593118317 | 869058142570 | 8691058141238 | 8691058141825 | 8691058141832 | 8691058142570
42407,مشروب غازي سبرايت  2 لتر,0,
42409,مشروب داليا 1 لتر dallh مانجا,2,6223001876755 | 6223001876816
42410,عصير نيتو اوكراني 1 لتر - NITO  برتقال,4,4820010897058 | 4820010897072 | 4820209110159 | 4820209110135
42411,عصير أطفال فوزي موزي 200مل بطعم الفواكه,3,6253500774405 | 6253500774450 | 6253500774474
42416,صودا فريز 250 مل FrizE,5,5603533100039 | 5603533392205 | 5601151972533 | 5601151972526 | 5603533200005
42417,عصير !B طبيعي 330مل بطعم المانجا,6,5601151633007 | 5601151978801 | 5601151141557 | 5601151241554 | 5601151317006 | 5601151441558
42418,مشروب تيمبراك 250 مل بطعم التفاح,3,5900334005625 | 5900334016232 | 5900334016201
42420,مشروب شعير بالكراميل غازي دبل دير,7,6224008082026 | 6224008082552 | 6224008082064 | 6224008082019 | 6224008082057 | 6224008082132 | 6224008082569
42425,مشروب دندنة 235 مل dandanah مانجا,3,6281103690457 | 6281103690426 | 6281103706578
42428,عصير طبيعي السعودي 300 مل بطعم المانجو,2,6224010431591 | 6224010431577
42430,مشروب جافا 330 مل jafa  موز وفرولة,4,6253506960093 | 6253506960161 | 6253506960109 | 6253506960079
42433,عصير جافا 1.5 لتر Jafa بطعم البرتقال,2,6253506960338 | 6253506960352
42435,عصير بيرتكت كوكتيل,2,761847063190 | 761847063855
42436,عصير امريكانا 1 لتر AMERICANA كوكتيل,3,6221011998115 | 6221011998108 | 6221011998092
42437,عرض  مشروب فيروز زجاج 330مل,0,
42438,مشروب شعير سانتوس 300 مل SANTOS,4,6224009346233 | 6224009346257 | 6224009346240 | 6224009346271
42439,عصير امريكانا 200 مل AMERICANA-,2,6221011998030 | 6221011998023
42441,ايس كفي لانديسا 230 مل-فانيلا,4,9004380071606 | 9004380070708 | 9004380071408 | 9004380071507
42442,ستاربكس 250 جم- كراميل,4,5711953041020 | 5711953077890 | 5711953026096 | 5711953024290
42443,ستاربكس 250 جم اسبرسو,2,5711953005305 | 5711953079580
42447,عصير جينرال  240 مل General - جوافة,1,2020070620258
42448,عصير مسافي 2 لتر / masafi - مانجا,4,6291001010035 | 6291001010042 | 6291001010394 | 6291001008766
42449,مشروب شعير بربيكان 250 مل BARBICAN -,4,6297000747705 | 6297000747736 | 6297000747767 | 6297000747675
42451,مشروب قهوة اورجينال 330 مل ORIGINAL -,3,6281100513230 | 6281100513223 | 6281100512974
42452,,0,
42453,مشروب غازي فيمتو فيزي Vimto Fizzy فواكه,2,6281034001018 | 6297000747552
42454,مشروب طاقة 500 مل BLACK LION,2,8682408618104 | 8698595620387
42455,عصير حبيبات 240 مل ماغنوم Magnum خوخ,2,6251897400242 | 6251897400235
42456,سبلاش 330 مل Splash برتقال,2,6281100518570 | 6281100518082
42457,مشروب مياه شعير هولستن 330 مل,5,3080216032535 | 3080216031248 | 3080216032443 | 3080216032566 | 40678498
42459,مشروب شعير افيز 330 مل EFES - مانجا+,3,8690520578664 | 8690520519667 | 8690520578763
42462,مشروب غازي يوجو 250 مل UGO - تفاح,4,6224000805449 | 6224000805425 | 6224000805432 | 6224000805418
42463,مشروب كادي 200 مل KADY - كادي,2,6253500774535 | 6253500774511
42470,عصير داناو 235 مل DANAO جوافة باللبن,4,6223002384150 | 6223002384143 | 6223002384174 | 6223002384167
42471,عصير داناو 1 لتر DANAO الفراولة والموز,4,6223002384877 | 6223002384860 | 6223002384853 | 6223002384884
42472,,4,6225000592773 | 6225000592735 | 6225000592728 | 6225000592742
42473,مشروب عصير فيمتو 200 مل بنكهة الفواكه,1,6281034907785
42475,مشروب عصير فيمتو 250 مل VIMTO - فواكه,2,6281034900366 | 6281034908607
42477,مشروب شعير بربيكان 330 مل BARBICAN -,6,6281034007171 | 6281034900601 | 6281034007041 | 6281034007164 | 6281034902650 | 6281034904456
42485,مشروب غازي جوس 200 مل Juss ليمون,4,8698720867571 | 8698720868189 | 8698720863337 | 8698720867595
42486,عصير طازة 200 مل Taza بطعم المانجو,7,6223003698553 | 6223003698584 | 6223003698539 | 6223003698546 | 6223000758014 | 6223000757970 | 6223000758007
42487,عصير توب ماكس 200 مل TOP MAX جوافة,5,6251097000815 | 6251097000495 | 6251097000471 | 6251097000488 | 6253802731434
42489,بيسي ماكس 1 لتر pepsi MAX,2,6251919000696 | 6251919000412
42490,مشروب شعير هايني 330 مل Hieni اناناس,1,9909002003143
42491,مشروب غازي جولدن 500 مل golden اناناس,5,9909001001577 | 9909001001553 | 9909001001584 | 9909001001546 | 9909001001591
42500,عصير كوينز 250 مل QUEENS جوافة,2,6772504390867 | 6772504390102
42508,مشروب دوتس بذور الريحان اناناس 280 مل,2,6224000701987 | 6224000701895
42516,مشروب شعير سنابس تفاح 275 مل SNAPS,2,6224008082149 | 6224008082156
42518,عصير شفطة 200 مل Shafta مانجو,3,6224011138017 | 6224011138031 | 6224011138048
42525,عصير محبوبة باكو × 24 رمان - Mahbuba,6,8699415435167 | 8699415435181 | 8699415435150 | 8699415417835 | 8681744222334 | 8681744222327
42526,مشروب نكتار 200 مل - مانجا,5,6254000083455 | 6224001681134 | 6224009396290 | 6224009396283 | 6224009396276
42527,,10,5904941751920 | 5904941750312 | 5904941751975 | 5904941751371 | 5904941751524 | 7290118482796 | 5904941751715 | 753182231761 | 7290118483465 | 7290118484066
42529,مشروب غازي زجاج 50 مل - شاي بارد بالخوخ,3,8690327432732 | 8690327432220 | 8690327432725
42530,مشروب غازي شات 150 مل - Chat - ZERO,6,655729308199 | 655729308243 | 655729308144 | 655729308168 | 655729308175 | 655729308151
42532,مشروب غازي شات 250مل - Chat  - برتقال,9,655729308083 | 6251897000428 | 655729308090 | 6253504270712 | 6253504270552 | 6253504270729 | 6251919000993 | 655729308045 | 655729308069
42533,مشروب موز  بالحليب - 190 مل,1,4712098457401
42535,مشروب ون الشام  - ONE  - فراولة,1,2009485551241
42537,مشروب فريزز  275 مل زجاج - ليمون و زنجبيل,10,762571500043 | 762571500067 | 762571500098 | 762571500036 | 762571500197 | 762571500241 | 762571500012 | 762571500128 | 762571500296 | 762571500081
42538,مشروب تريبو 330  مل - TROPI - خوخ,8,8935048608920 | 8935048607848 | 8935048608937 | 8935048607350 | 8935048607855 | 8935048608913 | 8935048607336 | 8935048607329
42539,,1,90027628
42540,مشروب غازي فرشر 200 مل  - fresher -,3,8693855000640 | 8693855000619 | 8693855111117
42541,,2,5449000229823 | 5449000256690
42542,عصير فرفوش بطعم جوافة 200 مل,4,6254000084551 | 6254000084728 | 6254000084704 | 6254000084711
42544,فانتا 250 مل  Fanta,2,90377204 | 90338243
42545,مشروب طاقة كول 250 مل COOL,1,6253506960116
42546,عصير الخليخ 1 لتر -,2,1145226202315 | 9735951640647
42547,عصير توب 400 مل - top  - عنب,2,2020021514087 | 2220021514081
42548,,1,2106000425480
42551,مشروب فاتنا برتقال 250مل,6,5449000329219 | 5449000008046 | 5449000020987 | 6251919000542 | 5449000000729 | 5449000000712
42552,,2,7290118482222 | 7290118482246
42555,,1,2106000425558
42561,مشروب شويبس 240 مل Schweppes - رمان,5,5449000255600 | 5449000321589 | 5449000321596 | 5449000321602 | 5449000255617
42562,كولا سبرايت 500 مل,1,7290110110635
42563,,1,8850155006967
42565,,2,8680171512698 | 8680171510564
42566,,0,
42567,,1,7622300768881
42568,,1,7622300114206
42570,حليب الربيع فراوله 125 مل,1,6281026121601
42571,حليب فراوله السعوديه 125 مل,1,6281039172515
42573,,1,6253503521716
42574,عصير فرفوش بطعم جوافة 200 مل,1,6254000084544
42575,شراب الكسيح فراولة ميلك 200 مل,1,6225000617957
42577,,1,7290003608560
42579,,9,7290118483175 | 7290118480761 | 7290118483397 | 7290118480754 | 7290118481409 | 7290118483236 | 7290118480785 | 7290118483168 | 7290118480839
42581,عصير اسرائيلي 2 لتر بطعم البرتقال,4,7290019056744 | 7290019056768 | 7290019056836 | 7290019056720
42582,عصير المراعي 235 مل تفاح,2,6223007520690 | 6223007520683
42583,,5,7290018471906 | 7290018471944 | 7290018471937 | 7290119776344 | 7290119776290
42584,,1,8854419001507
42585,,1,7290011463113
42586,عصير اسرائيلي 1.5لتر مانجا,6,7290019056577 | 7290019056584 | 7290019153702 | 7290019056638 | 7290019056621 | 7290019056645
42587,,10,7290002732365 | 7290002732273 | 7290002732389 | 7290002732280 | 7290002732334 | 7290002732266 | 7290002732440 | 7290002732303 | 7290002732327 | 7290002732297
42588,,1,7290019056379
42589,,2,7290019153764 | 7290001247891
42590,,3,7290018925164 | 7290018925157 | 7290018925133
42592,,1,4895058312528
42593,,3,7290110563448 | 7290110563431 | 7290110564742
42596,عصير بوردة فريش مانجو 9 جرام  FRESH,12,8681744220026 | 8681744200912 | 8681744220033 | 8681744201025 | 8681744201001 | 8681744200943 | 8681744200936 | 8681161909122 | 8681161909085 | 8681161909160 | 8682655010515 | 8681161907319
42597,كولا 330 مل دبل دير كلاسيك ليمون,1,6224008082958
42598,بيبسي1.5 لتر PEPSI,1,7290000136141
42602,مشروب غازي سفن اب 1.5 لتر,1,7290000136851
42604,مشروب غازي كولا 250 مل,1,7290110118235
42610,,1,4780108490779
42611,مشروب فيدا تفاح 330 مل vida,7,9551011820138 | 9551001410295 | 9551001410318 | 9551001410233 | 9551011820022 | 9551011825997 | 9551001410301
42612,,5,6253802734251 | 6253802734268 | 6253802734275 | 6253802734282 | 6253802734244
42618,,1,6223001870036
42619,عصير بودرة فريش 9 جرام باكو/24,9,8681744203005 | 8681744202916 | 8681744202954 | 8681744202947 | 8681744202930 | 8681161909177 | 8682655010522 | 8681161909139 | 8681161909092
42620,عصير زاكي 200مل,1,54540170
42622,,2,8683789552971 | 8683789552988
42623,مشروب صودا ايتشا 350 مل - GREEN  -,5,6920702088028 | 6920702086871 | 6920702088073 | 6920702088059 | 6920702088882
42624,عصير تانج بودرة برتقال 5 جرام Tang,1,7622202223310
42627,,1,5290089003688
42628,,1,7290000136585
42630,,2,6224008512530 | 6224008512523
42631,,1,6224009985012
42632,,4,6253003180055 | 6253003180079 | 6253003180093 | 6253003180048
42640,سفن شات 250 مل CHAT,1,655729308106
42641,مشروب كولا زيرو اسرائيلية 330مل سلفانة,2,7290011017873 | 7290011018443
42642,كوكا كولا زيرو 2 لتر,2,5449000131843 | 5449000009067
42643,,2,8698771511645 | 8698771511560
42645,,9,6224010866096 | 6224010866102 | 6224010866133 | 6224010866010 | 6224010866027 | 6224010866034 | 6224010866072 | 6224010866089 | 6224010866065
42646,,3,8697459290193 | 8697459290858 | 5902854109661
42647,,1,6224003253162
42648,عصير 200 مل كينو بطعم البرتقالKINO,4,655729306751 | 6224011746120 | 655729306768 | 6224011746083
42650,,2,6287034100218 | 6287034100201
42652,,3,6223000756522 | 6223000756553 | 6223000756515
42653,,1,7622202340833
42654,مياة غازية بالباميلو والياسمين 300مل - JUICE,1,6975195870797
42655,كولا نمبر وان 150 مل,1,7290118482031
42658,,2,5449000061164 | 5449000011527
42659,مشروب خفيف بطعم الخوخ 250 مل - NOVAR,2,8935330211296 | 8935330211241
42660,,2,6224007509791 | 6224007509784
42661,,3,6224011241366 | 6224011241083 | 6224011241519
42663,,2,6772504482111 | 6772504482005
42666,,2,5000112612592 | 5000112612608
42667,,3,6224010934481 | 6224010934467 | 6224010934610
44002,جلي الجبريني توت 100 جرام,3,6253503528524 | 6253503528548 | 6253503528531
44003,سلطة بقدونس الخزندار 200 جرام,7,2009645539485 | 2005677886689 | 2005677885583 | 2005992005994 | 2005699001237 | 2005634001230 | 2005966005661
44004,,1,2009873137453
44008,حمص التحرير بالطحينة 800 جرام,1,2009873137132
44014,حمص اكسترا الجبريني 1 كيلو,1,6253503527046
44016,حمص اكسترا الجبريني 250جرام,1,6253503527558
44017,حمص اكتسرا الجبريني 500 جرام,2,6253503527053 | 6253503527121
44018,حمص سادة الجبريني 500 جرام - بيضاوي,2,6253503527527 | 6253503527541
44022,سلطة تركية الجنيدي 125جم,3,6253503562085 | 6253503562078 | 6253503562061
44023,حمص اكسترا الجنيدي 500 جرام,1,6253503560487
44024,حمص اكسترا الجنيدي 250 جرام,1,6253503560494
44025,,2,2009729161151 | 2009725255519
44027,سلطة بقدونس الخزندار 90 جرام,3,2005974010114 | 2003525762529 | 2009529432116
44032,,2,2002538642002 | 4401102022123
44033,,1,2008225991057
44052,,1,2007597750934
44053,حمص طيبات الشام 180 جرام,1,2005815282175
44055,حمص طيبات الشام 350 جرام,1,2009581528116
44060,سلطة ملفوف الخزندار 160 جرام,5,2005974010411 | 2005974010510 | 2005974011012 | 2005974010916 | 2106000440605
44062,حمص نايس 160 جم,3,6253803480294 | 6253803480607 | 6253803480782
44063,سلطة فرنسية التحرير 100 جرام,5,2009873137507 | 2009873137705 | 2009873137200 | 2009873137309 | 2009873137606
44064,سلطة الجبريني ملفوف احمر 200 جم,5,6253503527640 | 6253503527657 | 6253503527619 | 6253503527633 | 6253503527664
44065,سلطة الجبريني تركية 150 جم,5,6253503527497 | 6253503527480 | 6253503527503 | 6253503527473 | 6253503527459
44066,سلطة مايونيز الخليج 90  جم,5,2008225991095 | 2008225991071 | 2008225991088 | 2008225995840 | 2008225991101
44071,سلطة مايونيز ذرة طيبات الشام 80 جرام,2,2009581528109 | 2007597750958
44074,شوكو الجنيدي 100 جم موز,4,6253503562191 | 6253503562207 | 6253503561705 | 6253503561699
44076,شوكو بودينغ الجبريني فانيلا 110 جرام,2,6253503526124 | 6253503526117
44077,شوكو تنوفا كارلو 125 بطعم الشوكولاتة,2,7290004120382 | 7290004133160
44079,شوكو دانيت كراميل 100 جرام,6,6223002380145 | 6223002380343 | 6223002380152 | 6223002383566 | 6223002384020 | 6223002385522
44083,شوكو مولر 150 جرام,2,7290102390427 | 7290102393947
44084,شوكو نستلة توت ميكس,5,6223003779733 | 6221007001423 | 6221007000440 | 6223003779726 | 6221007001386
44085,شوكو يوغورت اسرائيلي فراولة,2,7290108504118 | 7290108504101
44086,شوكو يوغورت تنوفا 100 جرام,1,7290108504330
44087,لبن اب الجبريني 1 لتر دسم 1.5%,1,6253503521099
44088,لبن اب الجبريني 2 لتر دسم 1.5%,1,6253503521082
44090,لبن اب الجنيدي 1 لتر دسم 1.5%,1,6253503560098
44091,لبن اب الجنيدي 2 لتر دسم 1.5%,1,6253503560081
44097,لبن اب كاسة الجبريني 170 جرام,7,6253503521112 | 6253503560111 | 2001256930712 | 2001256930729 | 6253806090452 | 6253504650828 | 6253505060053
44099,لبن اب هانوفر 330 مل Hanover فراولة,1,6253945855103
44100,لبن يوغرت حمودة ماي بري 500 جرام فراولة,3,6253504650460 | 6253504650422 | 6253504650408
44101,لبن بودينج اولكر موز 60 جرام,3,8692971468815 | 8692971468716 | 8692971465524
44104,,1,7290116936529
44106,لبن رايب الجبريني 1 كيلو دسم 3%,1,6253503521204
44107,لبن رايب الجبريني 1.5 كيلو دسم 3%,1,6253503521211
44109,لبن رايب الجبريني 2.5 كيلو دسم 3%,1,6253503521266
44110,لبن رايب الجبريني 4.5 كيلو دسم 3%,1,6253503521273
44111,لبن رايب الجبريني 750 جرام دسم 3%,1,6253503521396
44114,,1,2000225991228
44129,,1,6253503560654
44131,لبن فواكه شتراوس مانجا,3,7290102399697 | 7290102396047 | 7290102399642
44133,,2,6253503560142 | 6253503562115
44135,7290004125455  - تم الفصل عرض,2,72961209 | 7290004125455
44136,لبن شمينت هانوفر,1,6253505550554
44139,لبن عادي الجبريني 180 جرام - دسم 3%,1,6253503521228
44143,لبن زبادي هانوفر 170 جرام Hanover,1,6253945888811
44151,لبن هانوفر مشمش 185 مل,3,6253505061081 | 6253505060084 | 6253505062088
44158,لبن يوبلايت تنوفا بطعم الفراولة والشمام 250 مل,4,7290000055329 | 7290000055336 | 7290014759442 | 7290000055343
44160,لبنة ابو حميد بالزيت 400 جرام,2,1237894563215 | 6251972000541
44161,لبنة ابو حميد بالزيت 650 جرام,1,8766473968019
44169,لبنة الجبريني 9 % دسم 150 جم بطعم  الزيتون,2,6253503522010 | 6253503522096
44186,,1,8692971031583
44187,لبنة بريزدن تركية 500 جم,1,8690504432456
44188,لبنة بريزدن تركية 750 جم,1,8690504434696
44189,لبنة بوك 200جم قابلة للدهن بالاعشاب,2,5760466852166 | 5711953038198
44190,,1,6281048108376
44191,لبنة تنوفا 750 جرام,1,7290014762947
44193,,1,534604800976
44201,,1,6253945861142
44207,حمص نايس 400 جم,2,6253803480942 | 6253803480973
44208,يوغورت ايمي فواكه برية 500 جرام,2,7290000052250 | 7290000050454
44224,,1,4690090147779
44225,حمص الذهبي 350 جرام,1,2009715902164
44230,لبنة بالشطة ياسمين حمودة 200 جرام,2,6253504650910 | 6253504650903
44233,لبنة بيسان الجنيدي 180غم,2,6253505603649 | 6253503560333
44236,عرض حليب الجنيدي 2عبوة ب 10 شيكل,1,6253503562283
44241,حمص حمودة 200 غم,4,6253504651436 | 6253504651450 | 6253504651467 | 6253504651443
44244,شوكو ميلك سنكرز 350مل / SNICKERS,4,5060402905704 | 5060402903915 | 5060402903793 | 5060402903892
44246,,1,7290004125509
44247,يوغرت يوبلي فواكه 150 جم  كوكتيل,5,7290004130916 | 7290000040042 | 7290004126759 | 7290000040080 | 7290004124205
44249,شوكو يولو 122 جم  yolo,1,7290014761056
44250,شوكو شونيل 126 جم,2,7290004120061 | 72986240
44252,لبنة نابليون 225 جم 24%,3,7290014762756 | 7290014762831 | 7290004129156
44254,,1,7290005431883
44255,تيراميسو عيدن 83 جم,1,7290005431937
44256,حليب فريش تنوفا 1 لتر 3%,2,7290000042442 | 7290000042435
44264,,1,6253806090582
44265,لبن اب كانديا 250 مل - دسم 1.5% - مانجو,3,6253806090261 | 6253806090391 | 6253806090407
44270,لبن يوغرت ايمي مكسرات كرسبي 157 جرام,2,7290110326234 | 7290110326227
44271,سلطة ملفوف حمودة 100 جرام,3,6253504651511 | 6253504651504 | 6253504621528
44277,لبن زبادي نيدو نستلة 105 جرام بطعم الموز,2,6223006510388 | 6223006510371
44278,شوكو نسكويك نستلة 100 جرام موز,2,6223003773892 | 6223003777692
44283,حمص اكسترا الخليج 200 جرام بالفلفل,3,541235002 | 541235003 | 541235001
44293,اكتيف يوغرت اسرائيلي - OLKAGE,1,7290011194741
44296,شوكو تاتلم تركي 55 جرام - TATLIM شوكلاتة,1,8690767711398
44307,يوغرت بالأناناس كامبيلا حمودة 1 لتر,4,6253504651894 | 6253504651900 | 6253504651238 | 6253504651245
44318,مشروب لبن بالموز كانديا 1 لتر,1,6253806090049
44323,سلطة ذرة بالمايونيز الخليج 200 جرام,4,2008220200017 | 2008229922019 | 2008225567788 | 2008224455666
44332,لبن مكس بحبيبات الكرسبي مولر,1,7290102393060
44335,,1,2007159015563
44347,حمص جمال أبو عيطة 180 جرام,1,2021012316215
44348,سلطة ذرة بالمايونيز 180جرام جمال أبو عيطة,4,2021012321059 | 2021012319452 | 2021012320281 | 2021012319094
44350,,1,6253806090056
44351,شوكو دانيت 4 كوز Danette كوكيز,5,6281022107630 | 6281022107616 | 6281022103113 | 6281022107623 | 6281022109139
44352,شوكو دانيت75 جم  Danette فانيلا,5,6281022102918 | 6281022103816 | 6281022102901 | 6281022102925 | 6281022109115
44353,زبادي اكتيفيا 4 كوز,4,6281022117912 | 6281022118360 | 6281022118278 | 6281022118261
44354,لبن زبادي اكتيفيا 120 جم,5,6281022118209 | 6281022118223 | 6281022118254 | 6281022118230 | 6281022118247
44357,كوكيز لوش 120 جم lush,3,8681042330243 | 8681042330045 | 8681042330144
44361,,1,1812202135997
44362,لبن اب كانديا 250 مل - دسم 1.5% - مشمش,2,6253806090285 | 6253806090278
44363,شوكو دانيت مشكل 60 جرام عرض كراميل,2,6223002380329 | 6223002380275
44367,يوغرت كامبيلا حمودة 240 مل فرولة,2,6253504651306 | 6253504651313
44377,لبن فواكه زبادي تارت المراعي 105 جرام,9,6223001874980 | 6223001874973 | 6223001872924 | 6223001876724 | 6223001875420 | 6223001875024 | 6223001872931 | 6223001875017 | 6223001875000
44378,لبن اب رايب المراعي 220 جرام Rayeb,4,6223001878520 | 6223001878810 | 6223001878803 | 6223001878742
44379,لبن زبادي المراعي 75 جرام Almarai كامل,2,6223001872948 | 6223001875376
44380,,1,6223002381593
44382,هاي شوكو الخليج 100 جرام Woow choco,1,9089627981191
44383,ايكو دانيت دانون 170 جرام OIKO كراميل,4,6223002384532 | 6223002384549 | 6223002384594 | 6223002384525
44389,يوغرت الجبريني 150 جرام YOCURT خوخ,2,6253503524069 | 6253503524052
44390,حمص + سلطات ابو عيطة 90 جرام,3,2020112411349 | 2020112411103 | 2020112411189
44396,كوتج تنوفا صغير 5%,2,7290110321277 | 7290110321284
44397,أكتف اسرائيلي خوخ لبن 265 مل ACTIVE,1,7290105364678
44403,مشروب زبادي دانون ماكس 210 جرام MAX,3,6223002384204 | 6223002384228 | 6223002384181
44404,لبن اب المراعي 440 جرام Almarai,2,6223001878513 | 6223001878636
44405,,1,6223001873259
44414,,1,4605627006624
44415,مشورب دانون هيبرو 260 جم  فرولة,2,6223002383375 | 6223002383382
44420,,1,7613034725936
44421,زبادي دانون 120 جرام DANONE - خوخ,2,6223002385034 | 6223002385027
44423,شوكو نسكويك نسلة 60 جرام - شوكولاتة,2,6223003770099 | 6223003777333
44426,,1,840205762071
44427,,4,59888007137 | 123547698216 | 4496566663210 | 123544588992
44428,,2,59888007175 | 5213325647897
44431,,4,593623874610 | 59888007120 | 3647788441235 | 123544646999
44432,,1,3145224679544
44433,,4,5988800710 | 123569686437 | 6454659312979 | 599737590125
44438,,1,3164521987510
44445,,1,4213658997745
44450,,1,597758791
44451,,1,6253806090629
44452,حمص الخليج,4,2029202212378 | 2029202212361 | 2029202212330 | 2029202212354
44456,سلطة الجنيدي  180 جرام - متبل,2,6253503561989 | 6253503562009
44461,سلطه تركية الخزندار 200 جرام,1,2009729141153
44470,سلطات عيدن مشكل 200 جرام  - ملفوف,10,7290002014751 | 7290004150983 | 7290002014225 | 7290002014218 | 7290002014232 | 7290013525741 | 7290013525727 | 7290002014201 | 3700029207820 | 7290003959068
44473,,1,840205730377
44474,,1,7290018890080
44477,,1,7290008593830
44478,,1,7290004119133
44485,,1,7290000364506
44486,,1,7290018890653
44487,,2,7290008593649 | 7290008593007
44513,,1,7290116936284
44519,سلطات العثمانية مشكل 180 جرام / حمص,8,7290006202024 | 7290006202093 | 7290006202178 | 7290006202055 | 7290006202635 | 7290006202826 | 7290006202659 | 7290006202772
44531,,3,7290116934242 | 7290116936154 | 7290004136857
44538,,1,5711953167584
45004,زبدة لورباك 250 جرام Lurpak - غير مملحة,2,5740900806405 | 5740900400917
45007,كريمة خفق كازارو محلاة 500 جرام Casaro,1,5902670055609
45020,,0,
45027,,1,8710314001564
45049,مرجرين اليتا 200 جرام - ELITA,3,8690983037012 | 8684540124574 | 8690983036145
45057,كريمة الخفق المراعي 500 مل Almarai,1,6223001877936
45061,,1,6251088089379
45062,كريمة بوك بالشوكولاتة 520 جرام Puck -,3,5711953137556 | 5711953137570 | 5711953137532
45074,كريمة حلويات مودي 500 جرام - myday,2,3800112160305 | 3800112160329
46002,,1,6253506630613
46006,مرتديلا الاسلامية دجاج سادة 1 كيلو,0,
46011,مرتديلا الاسلامية دجاج سادة 2 كيلو,1,6253341010052
46012,مرتديلا الاسلامية سلامي مدخن 500 جرام,1,6253341010205
46013,مرتديلا الاسلامية مدخن بالفلفل 1 كيلو,1,6253341010144
46014,مرتديلا الاسلامية مدخن 500 جرام,1,6253341010120
46015,مرتديلا السلوى مدخن 1 كيلو,4,6253503700142 | 6253503700173 | 6253503700043 | 6253503700814
46016,مرتديلا السلوى بالزيتون 1850 جرام,3,6253503700197 | 6253503700142 | 6253503701644
46017,,1,6253503701859
46018,مرتديلا السنابل 1200 جرام,3,6253506636240 | 6253506630712 | 6253506637223
46020,مرتديلا معدنيم المدائن 1200 جرام,4,7290012971235 | 7290012971259 | 7290012971488 | 7290012971334
46021,,1,7290012971341
46023,مرتديلا المقدسية بالخضار 1 كيلو,4,6253503701132 | 6253503702313 | 6253503700999 | 6253503701064
46024,مرتديلا المقدسية دجاج سادة 1200 جرام,1,6253503701927
46025,مرتديلا المقدسية حبش بالزيتون 2 كيلو,3,6253503701071 | 6253503701576 | 6253503701040
46026,مرتديلا المقدسية مرتديلا حبش 400 جرام,1,6253503701903
46027,مرتديلا المقدسية حبش سادة 400جرام,4,6253503700982 | 6253503702306 | 6253503701057 | 6253503700449
46029,مرتديلا المقدسية بسطرما 650 جرام,1,6253503702009
46034,مرتديلا المقدسية دجاج سادة 1700 جرام,1,6253503701941
46036,مرتديلا النعمة سادة 1350 جرام,1,6253005360356
46037,مرتديلا النعمة سادة 2 كيلو,1,6253005360264
46038,مرتديلا النعمة سادة 450 جرام,2,6253005360332 | 6253005360271
46039,مرتديلا النعمة سادة 850 جرام,1,6253005360349
46040,شرائح النعمة بالزيتون 200 جرام,3,6253005320305 | 6253005320299 | 6253005320282
46041,مرتديلا النعمة شرائح بسطرما 200 جرام,2,6253005340112 | 6253005340020
46043,,1,6253341010724
46044,مرتديلا سنيورة بالفلفل 1 كيلو,3,6253005300048 | 6253005300109 | 6253005300079
46046,مرتديلا سنيورة سادة 500 جرام,3,6253005300086 | 6253005300055 | 6253005300116
46049,مرتديلا سنيورة امريكي مشوي 600 جم,1,6253005370195
46053,مرتديلا سنيورة شرائح سلامي مدخن 200 جرام,4,6253005320244 | 6253005370034 | 6253005370041 | 6253005320220
46055,مرتديلا شرائح المقدسية حبش بالزيتون,2,6253503700913 | 6253503701880
46061,مرتديلا شرائح يحيعام سلامي تي 200 جرام,2,7290001567920 | 7290001567906
46062,مرتديلا شرائح يحيا عام معودينت بابريكا 300,4,7290001121672 | 7290014046757 | 7290001567555 | 7290014046580
46065,نقانق الاسلامية دجاج 400 جرام,2,6253341030029 | 6253341030043
46066,6253503701774    -- الغي,0,
46067,نقانق دجاج السلوى 400 جرام salwa,2,6253503701774 | 6253503700685
46069,نقانق سنيورة بقري مدخن 1 كيلو,2,6253005370010 | 6253005371116
46070,نقانق سنيورة دجاج 500 جرام,1,6253005370218
46071,,1,7290001567708
46074,مرتديلا حبش مدخن 500 جرام,4,6253503701897 | 6253503700166 | 6253503700449 | 6253503700036
46076,بسطرمة سلامي بقري مدخن 180 جرام,2,6253503700456 | 6253503700463
46080,نقانق  الهلال 400 جم  حار,2,6253503528142 | 6253503528159
46082,مرتديلا الهلال 1200 جم سادة,3,6253503528043 | 6253503528074 | 6253503528104
46083,مرتديلا الهلال 800 جم سادة,3,6253503528036 | 6253503528067 | 6253503528098
46084,مرتديلا الهلال 400 جم سادة,3,6253503528029 | 6253503528081 | 6253503528050
46086,مرتديلا أصيلة زيتون 900 جرام,1,6253506637117
46087,,1,6253503701996
46089,مرتديلا اصيلة شرائح 200 جرام زيتون,4,6253506637162 | 6253506637186 | 6253506637179 | 6253506636813
46091,مرتديلا أصيلة سادة 1200 جرام,4,6253506637056 | 6253506637124 | 6253506637155 | 6253506637094
46092,,1,7290012971501
46094,مرتديلا اطيب الغصون الاسلامية1200 جم,6,599616666132 | 6253802838461 | 599616666057 | 599616666125 | 599616666118 | 599616666866
46095,مرتديلا نابلس / حلا 1200 جم سادة/ زيتون,5,6253506636288 | 6253506637018 | 6253506636295 | 6253506636981 | 6253506631269
46097,مرتديلا حلا 500 جم مدخنة,1,6253506636974
46102,بسطرما حبش الكرمل الاسلامية 1 كيلو,1,6091466331016
46104,نقانق حارة 400 جرام حار وبارد,2,2106000470749 | 7290002686118
46105,مرتديلا سنيورة 2.5 كيلو  سادة,1,6253005300093
46108,مرتديلا اسلامية الكرمل مدخن 1 كيلو,1,6091466146066
46110,بسطرما كتف عجل يحيعام,1,2005993710149
46111,,2,6253503700326 | 6253503704072
46112,,2,6253506636264 | 6253506636899
46114,,1,7806123185630
46117,كباب تركي المدينة 250 جرام,3,2007255461462 | 2005920520506 | 7290019298458
46121,مرتديلا اطيب 900 جرام زيتون,1,599616666088
46127,مرتديلا عكا 1200 جرام,5,59255111634 | 2000975977510 | 59255111627 | 2106000461341 | 18359798103
46129,مرتديلا السلامية بالزيتون 2 كيلو,2,6253802831240 | 6253802831226
46130,,1,2005998882889
46131,,1,599616666019
46136,مرتديلا القادسية 1200 جم,2,599616666873 | 599616666934
46137,مرتديلا القادسية 900 جم بالزيتون,1,599616666927
46141,بسترما باربيكيو حلا 800 جرام,2,6253506636622 | 6253506631399
46152,بسطرمة مشوي السنابل 800 جرام,1,6253506636592
46153,مرتديلا حيفا 1200 جرام بالزيتون,3,599616666842 | 599616666835 | 599616666859
46157,مرتديلا السنابل 450 جرام al Sanabel مدخن,2,6253506637278 | 6253506630774
46158,مرتديلا نابلس 1800 جرام زيتون اخضر,3,6253506631276 | 6253506636271 | 6253506631214
46160,نقانق مرتديلا حيفا 400 جرام حار,1,4578188974872
46161,مرتديلا اطيب 1800 جرام ATYAB سادة,2,599616666149 | 599616666033
46166,,1,6253005320169
46167,نقانق سنيورة 400 جرام بالزعتر,2,6253005307214 | 6253005355987
46173,مرتديلا معدنيم 450 جرام,2,7290012971013 | 7290012971655
46175,,2,7290012228995 | 7290012228988
46176,,1,7290109581248
46179,,1,7290109581262
46180,مرتديلا سلامي 400 جرام بنانا اسرائيلي,1,7290012226021
46184,,1,6253503701255
46189,,1,6253503701163
46197,,1,7290000538662
46200,سنيورة حبش بالفلفل 500 جرام,3,6253005300420 | 6253005300475 | 6253005300437
47004,بامية مجمدة دلتا اوكرا حبة صغيرة 400 جرام,6,6224007809341 | 7290003632312 | 6224000151089 | 6224010431188 | 6225000360259 | 6223006611030
47005,بامية ممتازة يارا,6,6224000151355 | 6224007809532 | 6224016431232 | 6224010431232 | 6225000360297 | 6223006610385
47006,بامية زيرو,4,6224000151102 | 6224010431225 | 6225000360280 | 6223006610378
47007,برجر اطيب 180 جرام - دجاج,5,2020111710191 | 2020062114390 | 2020031112150 | 2020062114383 | 2020062114406
47008,برجر القادسية 180 جرام - لحم,3,2020033115586 | 2020110114549 | 2020110114532
47010,برجر لحم دجاج تافي,1,2002211201120
47011,بطاطا مصرية / امريكي 2.5 كيلو,2,3170000100004 | 6225000282162
47016,جمبري الصياد 400 جم,2,836000805522 | 8936073010139
47017,بازيلاء مجمد 600 جرام,2,9759960834712 | 9759960834736
47019,,1,6253005380521
47021,,0,
47024,سمبوسك الصاج اخضر 400 جرام,1,2005940508621
47025,سمبوسك الصاج اسود 400 جرام,1,2005940508614
47026,سمبوسك الصاج اصفر 350 جرام,6,2005940508591 | 2005940508676 | 2023021503501 | 2023031206010 | 2021032316585 | 2021031411014
47027,سمبوسك الصاج زبدة 400 جرام,1,2005940508669
47028,سمبوسك الصاج قمح 400 جرام,1,2106000335338
47030,سنيتشل حلقات - مجمد,2,7290004061487 | 7290004061494
47032,فلية سدر دجاج سنيورة 700 جم حار,1,6253005380576
47033,,1,6253802110406
47040,همبورجر اطيب لحم عجل 260 جم,0,
47042,ملوخية دلتا مجمدة 400 جرام,1,6224000484095
47050,,2,6253005380538 | 6253005380358
47052,,2,12351332233333 | 1235133223333
47053,,1,1242124524751
47059,بازيلا 400 مجمدة,7,6224009905027 | 6624000661166 | 6084010991033 | 6224000904470 | 6224007953921 | 5903145007338 | 6223001471165
47062,برجر لحم عجل يافا 200 جرام - BURGER,0,
47064,بازيلا 400,2,6224010431201 | 6225000360266
47065,شنيتسل قطع دجاج ( امريكي ),1,6253802370046
47066,بازيلاء مع جزر مجمدة -600 جرام,2,2597826268984 | 2345458659355
47069,,2,3658548889549 | 9759960834743
47070,همبرغر  كبير  مجمد حكاية - 250 جرام - Beef,4,93295092478 | 2020011313232 | 2020011313065 | 97254955866
47071,همبرغر صغير مجمد - يافا 200 جرام,3,2020102916434 | 2020102916427 | 2106000470626
47075,برجر اطيب 200 جرام,0,
47077,جمبري اسود حبة بيضاء  - الدمياطي,1,7290113885684
47082,,1,3212321129873
47089,,0,
47090,فواكه البحر 500 جرام,1,7290006705150
47093,بطاطا مجمدة اسرائيلي / امريكي 2.5,1,7290011402068
47096,ملوخية لذة 400 جرام / Lazah,5,6224007227909 | 74373639310 | 74373639297 | 74373303211 | 743373303211
47103,انغوس برجر اطيب 400 جرام - ANGUS,2,2021022710454 | 2009420160804
47117,سمبوسك طيور الجنة 300 جرام,1,2003258971236
47125,بوب كورن بروست 500 جرام عادي,1,2009425375432
47127,بطاطا مجمدة 1 كيلو,2,7290011402129 | 7290011402266
47130,فراولة 1 كيلو  مجمدة - ABODI,2,6224000600891 | 6224010431447
47132,ملوخية مجمدة 400 جرام,2,6223006610354 | 6624000661012
47149,,1,6224007833469
47152,,1,2005988889799
47156,,2,6224008698180 | 6774435300847
47157,,1,6224008698227
47158,,2,6624000148131 | 723592000127
47159,,1,6624000148063
47160,ذرة مجمدة 400 جرام - frozen,2,6223001471318 | 5903145007376
47165,ستربيس دجاج بريميوم  900 جرام  - strips   -,1,6223004136153
47166,,1,6224001559341
47167,بانية دجاج بريميوم  900 جرام  - franks - حار,1,6224001559907
47168,بانية دجاج بريميوم  900 جرام  - franks  - بارد,1,6223004135927
47169,صدر دجاج فراشة  900 جرام  - sfanks  - بار,1,6224001559976
47171,,1,6224001559952
47177,,1,7290118988007
47185,,1,66067
47200,بامية ريفال 400 جرام,1,6224000081911
47207,,1,2005998881882
48306,قرشلة اليازجي بالشطة,2,2563254178 | 2563254177
48321,,1,9700000000246
48324,قرشلة بالسمسم مدحت بيك 250 جرام,1,9700000000291
48325,,1,9700000000314
48328,,1,970000000021
48329,,1,970000000022
48331,,1,970000000011
48373,,1,970000000042
48400,,1,9700000000451
49004,جل استحمام جين 750 ملم توت,5,8697453259455 | 8697453254870 | 8697453254863 | 8697453254849 | 8697453259448
49005,كريم للشعر اريجان 400 مل,7,7290104367403 | 8001359003447 | 7290110805135 | 7290104368134 | 7290114147781 | 7290104368097 | 8001359003454
49011,مطري بلسم ترزي500 مل / لشعر كثيف,4,8710908160226 | 8712561680509 | 8712561680721 | 8710908161278
49015,,1,140016
49017,بلسم كيف روز 700 مل Rose & Kukui Oil,7,7290108357011 | 7290108357769 | 7290108357783 | 7290108357776 | 7290108357806 | 7290108353341 | 7290108354447
49018,بلسم كيف 750 مل - للشعر الجاف / المصبوغ,2,7290005427503 | 7290005427497
49019,بلسم ليلي 3 لتر لجميع انواع الشعر,1,6253803900136
49021,بلسم ناشيونال بزيت القنب  400 مل,1,7290114970440
49024,,5,3600542550758 | 3600542503235 | 3600542421683 | 3600542503242 | 3600542421652
49025,جل استحمام معطر اينشانتو 250 مل,1,8935212806688
49026,سائل استحمام اكس 400 مل,1,8710908650208
49027,سائل استحمام امالفي 750 مل Amalfi,2,8414227035646 | 8414227693549
49028,سائل استحمام بست 700 مل بالرومان,3,7290106261082 | 7290106261075 | 7290106261051
49029,سائل استحمام بنوك برائحة الجوز هند 700 مل,9,7290107644730 | 72901002470541 | 7290000165707 | 7290000165509 | 7290112491251 | 7290100247068 | 7290000168302 | 7290107647182 | 7290100247051
49030,سائل استحمام بيفي 2.5 لتر بزيت الزيتون,6,8699182385801 | 8699182385818 | 8004120020285 | 8004120906510 | 8004120020391 | 8699182385832
49031,شامبو ديفا برو 4 لتر بجوز الهند,1,6253803900082
49032,سائل استحمام فيوريلا بالفواكه الحمراء 1 لتر,10,8008423700417 | 8008423201532 | 8008423201679 | 8008423700400 | 8008423201488 | 8008423700424 | 8008423201501 | 8008423201525 | 8008423201518 | 8008423201556
49034,سائل استحمام لوكس برائحة اللفل و العنبر 500,7,6221155050151 | 6221155050083 | 6221048062360 | 6221155050144 | 6281006487390 | 6281006487635 | 6281006487512
49035,سائل استحمام هيلث اند بيوتي 780مل للرجال,1,7290014043497
49038,شامبو وبلسم بست للشعر العادي 4 لتر,4,6251586601110 | 6251586602117 | 6251586603114 | 6251586609130
49039,شامبو ومرطب تروبيكال 1 لتر 2 × 1 Tropical,7,7290100828090 | 7290100828106 | 7290100828021 | 7290100828137 | 7290100828038 | 7290100828052 | 7290100828113
49040,شامبو دكتور فشر للشعر العادي 700 مل,13,7290014533394 | 7290013652843 | 7290013652881 | 7290013652935 | 7290013652850 | 7290013652904 | 7290014533448 | 7290014533431 | 7290013652928 | 7290014533370 | 7290014533486 | 7290014533455 | 7290014533387
49042,شامبو كريما الفا تاتش للشعر المصبوغ  400 مل,7,7290014397064 | 7290014397088 | 7290014397071 | 7290012823213 | 7290012823176 | 7290012823190 | 7290014397057
49043,شامبو نوفو 4 لتر Novo,3,7290014555655 | 7290014555648 | 7290014555662
49044,شامبو نيكا شيفاع لجميع انواع الشعر 750 مل,25,7290108355154 | 7290004146986 | 7290008443630 | 7290001136294 | 7290001136287 | 7290001136300 | 7290108355000 | 7290108355024 | 7290108355260 | 7290108355253 | 7290108355277 | 7290104960352 | 7290108355307 | 7290108355314 | 7290104960253 | 7290104961250 | 7290104960239 | 7290104960246 | 7290104960338 | 7290104961243 | 7290108353822 | 7290108356939 | 7290108356953 | 7290108354607 | 7290108354010
49045,شامبو وبلسم ون كير للشعر العادي 750 مل,5,741472772865 | 741472773008 | 741472772872 | 741472772858 | 741472772841
49046,شامبو ABA بالكرياتين لجميع انواع الشعر 750,3,7290017489049 | 7290008972178 | 7290017489025
49047,بلسم ABA  بالكرياتين 500 ملم ماكديما,2,7290008972024 | 7290014171961
49048,شامبو ABA للشعر للاستعمال اليومي 4 لتر,4,7290017489179 | 7290017489186 | 7290008972031 | 9720008729000
49049,شامبو ارجاني كير للشعر الجاف 400 مل,6,7290110805111 | 7290114970464 | 7290104368127 | 7290104368080 | 7290110805128 | 7290104364471
49050,شامبو اطفال بدون دموع 750 مل bapy,3,7296073207023 | 7296073207016 | 7296073207030
49051,,3,3574669907729 | 3574669907408 | 3574669908443
49052,,1,6223000654934
49055,شامبو الفيف 550 جم,16,3600523652280 | 3600523756322 | 3600523652297 | 3600523651900 | 3600523652273 | 3600523652235 | 3600523652259 | 3600523755806 | 3600523652228 | 3600523651870 | 3600523652242 | 3600523782581 | 3600523651887 | 3600524230456 | 3600524163099 | 3600524167103
49056,مطري ABA  حبة البركة 750 جم,2,7290017489391 | 7290017489407
49057,شامبو انشانتر 650مل رومانتك,1,8888202047618
49058,شامبو اوليف للشعر الجاف والتالف 800 مل,7,7290114145831 | 7290104366147 | 7290115293173 | 7290115292268 | 7290115293180 | 7290114146289 | 7290114145848
49059,شامبو بانتين 400 مل -- سعودي,5,5410076881840 | 5410076651788 | 5410076652686 | 8700216601528 | 5410076652105
49060,شامبو بانتين انسيابي وحريري 400 مل -- يونيبال,7,4084500290600 | 4084500290532 | 8001090582607 | 4084500986237 | 4015600948016 | 8700216601498 | 6927970890049
49061,شامبو برت بلاس ضد القشرة 600 مل Pert,5,6281031260661 | 6281031260548 | 6281031260609 | 6281031260517 | 6281031260692
49062,شامبو برو ستايل سلفر لجميع انواع الشعر  750,5,8699182382107 | 8699182382091 | 8699182382114 | 8699182381995 | 8699182382015
49063,شامبو برو هير للشعر غني بزيت المكيدما 400,7,7290106265387 | 7290106267657 | 7290106262768 | 7290106262799 | 7290106262751 | 7290106263918 | 7290106263666
49065,شامبو وبلسم بنوك للشعر العادي 700 مل,26,7290008021135 | 7290008021142 | 7290112492784 | 7290000168289 | 7290112492593 | 7290112492463 | 7290112492449 | 7290112492609 | 7290112492500 | 7290112492456 | 7290112491275 | 7290112492487 | 7290112495860 | 7290112492715 | 7290112492722 | 7290112492760 | 7290112492630 | 7290112492470 | 7290112492517 | 7290112499479 | 7290112498229 | 7290112499431 | 7290112499455 | 7290112492647 | 7290112492548 | 7290116530284
49066,شامبو تريشوب العشبي 400 مل,3,8904023008956 | 8904023008963 | 8904023008680
49068,شامبو جسم  بيوتي 1 لتر beauty,1,6253807720099
49070,شامبو جسم هاواي 750مل Lrresistible,1,7290100929681
49071,شامبو جلاسس400 مل Gliss - اسود,6,4015000940931 | 8690572788851 | 4015000996204 | 8690572778210 | 8690572784303 | 4015000976268
49073,,2,3574669907552 | 6223000659281
49076,شامبو جونسون للاطفال 750 مل *,2,3574669907736 | 3574661649306
49077,شامبو دابر املا للشعر الضعيف والمكسر 400 مل,2,6291069701395 | 6291069701401
49079,شامبو دوف 400 مل بالزيوت المغذية,7,6281006423480 | 6281006423381 | 6281006423442 | 6281006423503 | 7290000164779 | 4000388563803 | 4000388563902
49080,شامبو دوف اصلاح مركز 600 مل Dove,12,8690637704291 | 8690637919381 | 8690637704376 | 8690637704475 | 8690637704437 | 8690637704277 | 8690637871061 | 6281006423602 | 6281006423688 | 6221155135247 | 6221155135254 | 6281006423589
49081,شامبو دووف ضد القشرة 400 مل / أزرق,2,8690637041129 | 8690521016882
49082,شامبو وبلسم ريجويس بابونج 700 مل Rejoice,3,5410076636693 | 5011321672031 | 5011321671942
49084,بلسم سايوس 600 مل Syoss - زهري,4,8690572784990 | 8690572785911 | 8690572785041 | 8690572785027
49088,شامبو سيلفر 2.5 لتربزيت الزيتون,3,8699182386365 | 8699182387065 | 8699182386372
49089,شامبو كلير 5 مل  - CLEAR,4,6221155076168 | 6221155058614 | 6221155058584 | 6221155058560
49090,شامبو صانسيلك ضد تساقط الشعر 600 مل,7,6221155025449 | 6221155025364 | 6221155025425 | 6221155025463 | 6221155025401 | 6221155052889 | 6221155052872
49091,شامبو فاتيكا جوز هند للشعر الناعم 400 مل,9,6224007939444 | 6224000851736 | 6224007939215 | 6224007939468 | 6291069652017 | 6224000851712 | 6291069652536 | 6224007939178 | 6223012452726
49092,شامبو فاكس للشعر الدهني 400 مل / خوخ,3,8690506348724 | 8690506348694 | 8690506449452
49093,شامبو كلير رجالي 400 مل -- ازرق Clear,5,7290000165660 | 7290000160801 | 7290000160986 | 7290000165646 | 2106000441251
49094,شامبو كلير بالفحم المنشط و النعناع  360 مل,22,6221155043115 | 6221155046765 | 6221155046758 | 6221155042873 | 6221155058485 | 6221155042590 | 6221155058461 | 6221155058546 | 6221155058508 | 6221155065100 | 6221155065582 | 6221155058522 | 6221155206633 | 6221155206534 | 6221155206282 | 6221155206312 | 6221155206329 | 6221155206336 | 6221155206299 | 6221155608901 | 6221155609038 | 6221155608604
49095,شامبو كلير للرجال ضد القشرة 600 مل,3,6221155045546 | 8690637974946 | 8690637974960
49097,شامبو كيف للشعر الخفيف 750 مل - الوان,12,7290108357721 | 7290108353334 | 7290108357707 | 7290108357745 | 7290108357752 | 7290108357714 | 7290108357004 | 7290108354430 | 7290108357875 | 7290108353259 | 7290012116070 | 7290011765422
49098,,1,60015
49101,شامبو ميرسي للشعر العادي 1500 مل,3,6211023392322 | 6211023392414 | 6211023392445
49103,شامبو ناشيونال بالكولاجين 400 مل,1,7290114970457
49105,شامبو نوفو للشعر العادي 700 مل novo,11,7290014555686 | 7290014555709 | 7290014555693 | 7290016255300 | 7290014555730 | 7290014555754 | 7290014555716 | 7290014555723 | 7290014555747 | 7290014555778 | 7290017637013
49106,شامبو هاواي للشعر الرقيق والضعيف 700 مل,25,7290100921401 | 7290000143194 | 7290000143279 | 7290000143255 | 7290000143217 | 7290100921760 | 7290000143262 | 7290016510249 | 7290016510287 | 7290016510409 | 7290016510294 | 7290016510263 | 7290016510768 | 7290016510232 | 7290016510225 | 7290016510331 | 7290016510430 | 7290000143293 | 7290016510775 | 7290017946474 | 7290000143187 | 7290000143286 | 7290116535975 | 7290117860298 | 7290117860199
49109,شامبو هوبي للشعر الدهني  600 مل HOBBY,7,8690937008426 | 86913133 | 8690937009072 | 8690937000475 | 8690937000970 | 86910880 | 8690937006798
49110,شامبو هيد اند شولدر 600 مل,5,8001090451491 | 8001090451729 | 8001090452207 | 4084500821538 | 4084500821712
49113,شامبو هيد شولدرز النعناع المنعش 200 مل --,2,5011321360259 | 5011321360280
49114,شامبو هيد شولدرز 2 × 1 250 مل -- يونيبال,4,8001090477491 | 8001090477453 | 8700216258364 | 8700216258319
49115,شامبو هيد شولدرز ليمون 400 مل -- يونيبال,0,
49116,شامبو هيد شولدرز ضد القشرة 600 مل,10,4015600763251 | 4015600763411 | 4015600768966 | 8001090493835 | 4015600763459 | 4015600763299 | 8001841099828 | 4015600766658 | 4084500821446 | 4084500821477
49117,شامبو هير للشعر العادي 750 مل,8,8690511405948 | 8690511406020 | 8690511405962 | 8690511002581 | 8690511405986 | 8690511406006 | 8690511407362 | 6927970890032
49120,شامبو وبلسم دورو للشعر التالف 600 مل,2,8690506006228 | 8690506415051
49122,شامبو وبلسم كلير للرجال ضد تساقط الشعر 600,1,6221155060624
49125,سائل استحمام اكس 400 مل 3 ف 1,8,8711600656437 | 8717163648667 | 8717163947739 | 8710522397732 | 8714100184394 | 8710447253748 | 8710447438497 | 8717163947692
49127,شامبو ياسمين للشعر 4 لتر,1,6251637000039
49128,شور جل برو سيلك 400 مل بالليمون,1,8680586081802
49130,صابون جسم ايرومس اروما 1 لتر Euromis,4,8698623895350 | 8698623895367 | 8698623895398 | 8698623895381
49131,صابون جسم بست زيت جوز الهند 1 لتر Best,12,7290106268227 | 7290010112401 | 7290010112418 | 7290100827505 | 7290100825815 | 7290010112432 | 7290106266322 | 7290010112425 | 7290106266315 | 7290100825808 | 7290010112449 | 7290100827512
49132,صابون جسم كيف بوظة ميرنج الليمون 700 مل,18,7290108356069 | 7290108356137 | 7290108356038 | 7290108356014 | 7290108356076 | 7290108356021 | 7290108356045 | 7290108356120 | 7290108356052 | 7290108356007 | 7290108356113 | 7290108356083 | 7290108356151 | 7290108357028 | 7290108356403 | 7290108356397 | 7290108356410 | 7290108356168
49133,صابون جسم موينا 750 مل Spring,6,8681957060969 | 8681957060952 | 8681957061003 | 8681957060945 | 8681957060976 | 8681957060990
49134,صابون جسم نيكا شيفع فانيلا ولوز 7 -- 1 لتر,5,7290011115173 | 7290011115166 | 7290001136362 | 7290001136799 | 7290001136973
49135,شامبو هيد اند شولددرز 400 مل 2      in,25,8001841667782 | 8001841667508 | 8001841667386 | 8001841667546 | 8001841668024 | 8001841667225 | 8001841667980 | 8001841666907 | 8001841667867 | 8001841667461 | 8001841667102 | 8001841668062 | 8001841667263 | 4015400907183 | 5011321333314 | 5011321333437 | 8001090359988 | 8001090196828 | 5011321333253 | 5410076659647 | 4015600766986 | 5011321336032 | 5011321333222 | 4902430955942 | 4902430955737
49136,طقم كريما 4 قطع - صابون جسم / مزيل عرق /,1,7290013848482
49138,غسولHAOKALI  للجسم 500 مل برائحة,6,6928001838672 | 6928001838658 | 6928001838665 | 6928001838696 | 6928001838689 | 6928001838702
49139,,1,6000580203482
49140,شامبو جسم شوارتز بريز 1 لتر Schwartz,8,6224008677772 | 6224008677789 | 6224008677765 | 6224008677796 | 6224008677475 | 6224008677017 | 6224008677741 | 6224008677123
49141,شامبو كلير دبل 600 مل,11,6221155206572 | 6221155081544 | 6221155058287 | 6221155058300 | 6221155058348 | 6221155058263 | 6221155206350 | 6221155206374 | 6221155206381 | 6221155206398 | 6221155060808
49144,مرطب للايدي والجسم ليفينيا 400 جم ستايل,3,8886459200213 | 8886459200244 | 8886459200237
49146,شامبو سايوس 750 مل - Syoss - MICRO -,8,8690572760222 | 8690572760277 | 8690572775790 | 8690572785126 | 8690572785928 | 8690572785089 | 8690572785102 | 8690572785065
49147,,5,6221155135131 | 6221155135117 | 6221155135148 | 6221155135155 | 6221155135162
49148,كريم مرطب للجسم بالموليف 500 مل بالعسل -,3,7290001305058 | 7290005008184 | 7290005008191
49149,شامبو جلنت 4 لتر برائحة الورد  عادي /  glint,2,6253804492777 | 6253804493330
49150,شامبو تريسمي 400 مل COLOUR,7,8710447224342 | 8717163630105 | 8710447211052 | 8710447224205 | 8710447224311 | 8717163628355 | 8710447224366
49151,بلسم جلاسس 400 مل - GLISS اسود,6,4015000940948 | 4015000976275 | 8690572778203 | 4015000996273 | 8690572788912 | 8690572786222
49153,شامبو بانتين 500 مل,10,4084500835108 | 4015600971748 | 4015600971700 | 4015600971823 | 4015600971786 | 4015600971946 | 8001090988881 | 4015600971588 | 4015600972028 | 4015600972103
49154,شامبو بانتين 700 مل,4,8001090690265 | 8001090681560 | 8001090681607 | 8001090690197
49155,شامبو دوف 750 مل (nourishing)  Dove,9,8712561594608 | 8712561626286 | 8710908642982 | 8712561611411 | 8712561631570 | 8710908326691 | 8717163676943 | 8710847973970 | 8710908686788
49156,شامبو دوف اسرائيلي 500 مل Dove  / go,4,8712561611183 | 8710908326899 | 8712561594240 | 8712561631549
49159,صابون سائل استحمام  رومانسية 1لتر /,3,6221155049421 | 6221155049414 | 6221155049438
49160,شامبو صانسليك جوز هند  350 مل sunsilk,12,6221155052858 | 6221155052841 | 6221155052834 | 6221155063298 | 6221155063267 | 6221155113115 | 6221155025265 | 6281006443273 | 6281006441583 | 6221155062314 | 6221155025340 | 6221155025289
49161,شامبو + بلسم بست 2*1 برتقالي للشعر العادي /,3,6251130202107 | 6251130302104 | 6251130402101
49165,صابون جل + مرطب للجسم 700مل / عسل و,3,6251120306655 | 6251120306709 | 6251120306600
49166,شامبو / بلسم بانتين 660 ملم - PANTENE,11,8001090832498 | 8001090832818 | 8001090832573 | 8001090833013 | 8001090832894 | 8001090832610 | 8001090832931 | 8001090832535 | 8001090832450 | 8001090832856 | 8001090832733
49168,شامبو 2 لتر برافولي / BRAVOLY أخضر,0,
49169,شامبو 2 لتر برافولي / BRAVOLY زهري,0,
49170,شامبو استحمام لوكس 700مل / بالورد و اللوز -,5,6281006487598 | 6281006487475 | 6281006487413 | 6281006487536 | 6281006487659
49171,شامبو بيلوكس 750 مل - بخلصة الثوم / Belux,12,8692730508448 | 8692730505928 | 8692730505935 | 8692730505942 | 8692730505959 | 8692730510267 | 8692730510984 | 8692730510991 | 5978221007311 | 5978221007328 | 5978221007342 | 2106000491713
49174,شامبو بلسم و ملطف للشعر الجاف 4 لتر / Best,3,6250101010000014 | 6250101010000010 | 6250101010000016
49175,شامبو اطفال جونسون للاطفال بالكاموميل 500,4,3574669907415 | 3574661213170 | 3574660457940 | 3574661432656
49177,بلسم جونسون 200 مل القطرات اللامعة,2,3574661221076 | 3574661091556
49180,شامبو الفيف 400 مل,4,3600521740248 | 3600521592045 | 3600522433941 | 3600521591888
49184,شامبو مع بلسم لينور 700 مل - elinor للشعر,5,8696838071385 | 8696838071392 | 8696838071378 | 8696838071408 | 8696838071620
49189,صابون ميدي كير -قطعة- اكتيف/ Medicare,6,8993379121204 | 8993379260804 | 8993379260026 | 8993379256043 | 8993379121211 | 8993379284206
49191,بلسم شعر طيبة 2 لتر / Teba,2,21345562 | 2002848294038
49192,شامبو شعر بيوتي كلتشر 500 مل - زهر,2,7290015899178 | 7290015899192
49193,سائل استحمام بالموليف 500 مل,8,7290111937057 | 8718951268838 | 7290105431868 | 8718951268869 | 7290107976862 | 7290100653463 | 7290107976855 | 7290111931338
49196,بلسم للشعر الأسود صانسيلك 350 مل /,3,6281006443914 | 6281006444096 | 6281006443952
49197,جل استحمام فيتال 295 مل  VITAL,10,714566008881 | 714566006610 | 714566008744 | 714566006702 | 714566006603 | 714566006658 | 714566006641 | 714566006689 | 714566006627 | 714566006672
49198,شامبو هيلث اند بيوتي للشعر الجاف والمصبوغ,5,7290012326271 | 7290012326264 | 7290014043732 | 7290012326257 | 7290012326783
49199,,1,20059981085142
49202,شامبو كيراتين سام 1 لتر SAM,3,9414382510025 | 9875056332020 | 9414382510049
49203,شامبو هيد اند شولدر 200 مل    - سعودي,1,4084500206861
49205,ديتول سائل استحمام 500 مل - Dettol,4,6295120041000 | 60011062996309 | 6001106111588 | 6001106298524
49206,بلسم للشعر ون كير 1 لتر - ONE CARE,3,741472773923 | 741472773930 | 741472773947
49208,كريم كير لاين 400مل للشعر العادي /,4,7290006789631 | 7290006789648 | 7290006789624 | 7290006789617
49209,كريم نيتشرال 400 مل أكوا / NATURAL,2,7290005418709 | 7290010382811
49210,كريم شعر نيتشرال400 مل لجميع انواع الشعر /,3,7290003401420 | 7290003401369 | 7290003401376
49211,شامبو جسم بيوتي كلتشر 700 مل / عسل,4,7290017062075 | 7290017062068 | 7290017062051 | 7290017062082
49212,شامبو فانتازيا 4 لتر,4,6253010893177 | 6253010893153 | 6253010893160 | 6253010893399
49216,بلسم ادالي 750 جرام - ADALY,4,7290017034904 | 7290017034911 | 7290017034935 | 7290017034928
49218,شامبو جسم ماكس ليدي 1380 مل - MAX,4,5060570313103 | 5060570312595 | 5060570312601 | 5060570312618
49220,شامبو هد اند شولدر 400 مل شعر رطب,2,8001090678614 | 8001090580122
49221,شامبو هيد اند شولدر 500 مل 2*1,7,4015600762780 | 4015600762940 | 4015600762742 | 4015600763022 | 4015600766900 | 4015600768911 | 4015600762902
49222,شامبو هيد اند شولدر 450 مل توتال,2,8001090493637 | 8001090493750
49223,شامبو شعر اكس 473 مل  AXE /2-1,3,79400461056 | 79400461704 | 79400461063
49224,شاور لاكسيز 4 لتر بخلاصة الأعشاب الطبيعية /,1,6253010894532
49225,شامبو دورو للشعر الدهني 600 مل - DURU,4,8690506345129 | 8690506395049 | 8690506395056 | 8690506451707
49226,شامبو دورو فرش 500 مل ازرق - DURU,1,8690506474737
49227,,1,2021062117251
49229,شامبو فور ماي فاملي 2.25 لتر - زهري,3,7290018282885 | 7290018282878 | 7290018282687
49230,شامبو بيور للشعر العادي 600 مل كيرلاين,5,7290108355581 | 7290108355611 | 7290108355659 | 7290108355673 | 7290108355642
49233,,1,2008055566449
49236,شامبو فيفت كلين 850 مل افتناء الجمال Vivit,3,972594111175 | 972594111151 | 972594111168
49247,شامبو كمفورت  600 مل  COMFORT -,5,8697975142259 | 8697975142655 | 8697975142020 | 8697975142013 | 8697975142198
49248,شامبو هيد اند شولدر 350 مل  2ف1,8,8001841267548 | 8001841191744 | 8001841267586 | 8006540935323 | 8006540934999 | 8006540935033 | 8006540935194 | 8006540935095
49251,شامبو قلنت البريق 2 لتر Ghint تغذية وعناية,4,6253804493927 | 6253804493910 | 6253804493903 | 6253804494207
49257,شامبو  400 جم  سورجي - SURGE,2,6956088581051 | 6956088580436
49260,شامبو بانتين 400 مل -- PANTENE,5,8006540690383 | 8006540477007 | 8006540476901 | 8006540476871 | 8700216278584
49261,شامبو هيد شولدرز 626 مل -- براحية التفاح,7,8700216593656 | 8700216418416 | 8700216593694 | 8700216418287 | 8700216418492 | 8700216677660 | 8700216677653
49262,شامبو صانسليك 600 مل sunsilk  -,8,6221155063328 | 6221155113122 | 6221155063335 | 6221155063304 | 6221155063311 | 6221155062352 | 6221155059772 | 6221155110404
49266,,9,7290018493144 | 7290019501404 | 7290019075103 | 7290011525729 | 7290003026227 | 7290000297194 | 7290010060597 | 7290003026036 | 7290002515371
49267,,2,8697405603350 | 8697405603381
49268,,1,6221009005276
49269,,1,8682960507342
49271,,4,8681917244125 | 8681917244118 | 8681917244132 | 8681917244101
49273,,1,6253001162107
49278,,2,77043355992 | 77043101667
49279,,3,8697040104892 | 8697040104861 | 8697040104854
49282,,1,8690572799536
49283,,2,2000352486109 | 2000352486093
49287,,2,6224007939192 | 6224007939208
49288,,7,7290117860540 | 7290117860625 | 7290117860397 | 7290117860045 | 7290117860144 | 7290117860496 | 7290117860441
49289,,1,7290017913520
49291,,3,6001087356657 | 6001087365796 | 6001087356695
49292,,7,8684190411895 | 8684190411857 | 8684190411871 | 8684190411864 | 8684190411840 | 8684190413110 | 8684190411901
49293,,1,4005808130573
49295,شامبو شعر جوز هند  2.5 لتر,2,8697040110503 | 8697040110466
49297,,10,7290019612711 | 7290019612735 | 7290019612773 | 7290019612803 | 7290019612704 | 7290019612728 | 8697040109958 | 8697040109972 | 7290019612766 | 7290019612797
49300,,2,6224008677291 | 6224008677253
49301,,1,6253804991645
49302,شامبو جسم لي لين  750 مل Lilien - بالنعتاع,3,8596048005128 | 8596048005111 | 8595196908701
49304,,6,6221155215598 | 6221155215611 | 6221155215581 | 6221155215628 | 6221155608437 | 6221155214485
49305,شامبو لوريال 500 مل - ELVIVE,9,3610340649653 | 3610340653650 | 6222066402411 | 6222017097000 | 6222017096768 | 6222066402404 | 3600524187569 | 3600524167134 | 3600524163198
49306,بلسم نيكا شيفع للشعر الجاف زبدة الشيا 7 -- 750,7,7290004146993 | 7290108354614 | 7290008443647 | 7290001136683 | 7290008443616 | 7290108355161 | 7290108355017
49307,,2,3610340653827 | 3610340655289
49308,,1,3600524167080
49309,,1,8680801507124
49310,,3,8699009465051 | 8699009465020 | 8699009465037
49311,,1,315086987344
49314,شامبو بالموليف بالرتقال 750 مل - balmlive,5,8718951649613 | 8850006943595 | 8850006536322 | 8718951452572 | 8693495030243
50001,سائل ديتول لليدين برائحة الورد وزهر الساكورا,2,6001106298548 | 6001106108991
50002,سائل لليدين دكتور فشر 1 لتر باللافندر,3,7290016621365 | 7290017440965 | 7290016621341
50003,شامبو بانتين 600 مل -- سعودي,11,4084500807457 | 4084500807426 | 4084500807358 | 8001090493248 | 8001090493125 | 8001090493163 | 8700216527897 | 8700216527767 | 8700216527842 | 8700216527941 | 8700216421881
50004,شامبو هيد شولدرز النعناع المنعش 400 مل --,14,5011321361058 | 5011321360990 | 5011321361089 | 8001090616555 | 8001841019635 | 5011321360945 | 8001841054940 | 8001090451521 | 8001090451767 | 8001090452245 | 8001090452160 | 8001841019673 | 8001841019710 | 5011321986794
50005,صابون دورو لليدين برائحة المانجو 1.8 لتر,1,8690506430139
50006,صابون ريفرش تفاح 1 لتر Refresh,6,7290106263215 | 7290106263192 | 7290106263208 | 7290106263185 | 7290106264687 | 7290106265158
50009,صابون سائل يدين بابليون توليب 4 لتر,5,8692857015195 | 8692857015188 | 8692857015171 | 8692857015164 | 8692857015218
50010,صابون سائل يدين بست الشاي الاخضر 1 لتر,4,7290106264489 | 7290106264502 | 7290106264496 | 7290106264519
50011,صابون سائل يدين بونو 500 مل - ازرق,3,8691582990531 | 8691582990524 | 8691582990517
50013,صابون سائل يدين بي اند بي تفاح 1 لتر B&B,6,7290102611096 | 7290102610990 | 7290102611027 | 7290102610006 | 7290102610471 | 7290102610303
50014,صابون سائل يدين توف رمان 1 لتر,10,741472772834 | 741472772797 | 741472772810 | 741472772780 | 741472772803 | 741472773022 | 741472772827 | 7290018282335 | 7290018282137 | 7290018282533
50015,صابون سائل يدين جيان بالزيتون 400 مل Gian,4,8697453255471 | 8697453257352 | 8697453254894 | 8697453254900
50016,صابون سائل يدين جيرسي العملاق نعناع ورمان,6,6253009215188 | 6253009215119 | 6253009215218 | 6253009215164 | 6253009215201 | 6253009218103
50018,,1,7290017197333
50019,صابون سائل يدين سبرينج 500 مل - عبوة,0,
50020,صابون سائل يدين كيف طحالب البحر 1 لتر,8,7290005424403 | 7290004731083 | 7290004731076 | 7290004731090 | 7290108356182 | 7290012823251 | 7290108356175 | 7290108356199
50022,صابون سائل يدين نوفو فلورا 500 مل - 3 قطع,5,7290015251204 | 7290015251150 | 7290015251174 | 7290015251181 | 7290015251198
50024,صابون سائل بيفي 1 لتر ازرق,4,8699182388703 | 8699182388109 | 8699182388697 | 8699182388116
50025,صابون سائل لليدين ديرمو فيفا 500مل الزيتون,3,6291069715545 | 6291069715552 | 6291069715569
50026,صابون سائل يدين فش 500 مل  vish  - احمر,3,7290018282502 | 7290018282908 | 7290018282700
50027,صابون رغوة يدين فش 500 مل  vish   -,2,741472771516 | 741472771523
50028,,3,8697659238537 | 8697659238551 | 8697659238544
50029,رغوة حمامات جلينت 3 لتر /فانيلا و جوز الهند/,3,6253804493125 | 6253804493118 | 6253804492814
50031,صابون فاكس بالكريم 400 مل /بظاظ ** FAX,4,8690506406523 | 8690506406776 | 8690506406530 | 8690506406547
50032,شامبو 2 لتر برافولي / BRAVOLY زهري,0,
50039,صابون يدين يدين  500 مل,2,3574661466088 | 3574661466095
50040,صابون سائل هواي 3 علب - بلو سكاي,3,7290000244082 | 7290000244051 | 7290100922637
50041,صابون سائل يدين معطر ريفن 500 مل  3 × 10,2,112233445566 | 2005408408104
50042,صابون ايدين لكود سوب اوشن 3*1 500 مل -,2,7290015220644 | 7290015220637
50043,صابون سائل يدين ريفرش3 قــــ  Refresh,1,7290100824382
50045,صابون سائل لليدين دونو 500مل / Dono,2,2005950999167 | 2005099915165
50048,صابون سائل لليدين لوكس لمسة مخملية 500 مل,4,6281006483583 | 6281006483309 | 6221155130655 | 6221155140852
50050,صابون سائل لليدين 3 قطع كلين - CLEAN,1,2005262776173
50051,صابون سائل يدين ريفرش قطعة 500مل,3,7290010570119 | 7290001271148 | 7290001271124
50052,صابون سائل نوفو لليدين 1لتر ليلكي/NOVO,4,7290001072134 | 7290001072127 | 7290001072110 | 7290001072141
50056,صابون هوبي سائل مضاد للبكتيريا 400 مل,3,8690937010030 | 8690937010047 | 8690937010054
50057,صابون سائل هوبي 1800 مل برائحة زهرة,6,8690937009980 | 8690937009973 | 8690937010016 | 8690937009997 | 8690937009966 | 8690937010009
50058,صابون هوبي سائلة 400 مل برائحة زهرة,0,
50059,صابون جسم هوبي سائلة للأناقة 500,8,8690937008891 | 8690937003582 | 8690937006491 | 8690937003575 | 8690937008907 | 8690937003605 | 8690937003483 | 8690937008884
50064,صابون سائل دوليف 500 مل - DOLIVE,4,6223005721921 | 6223005721914 | 6223005721938 | 6223005721945
50072,صابون للايدي فيفيت 1000 مل Vivit ليمون,3,97283344136 | 97283345539 | 97283335134
50073,صابون سائل لليدين بست 1000 مل Best,3,625101000022 4 | 625101000032 6 | 625101000012 2
50077,,2,6253804990655 | 6253804990662
50080,صابون سائل لليدين جود 1 قطعه,2,8681823036791 | 6253804990655
50084,,2,8690529513949 | 739835007280
50088,,1,2115698753119
50091,,5,8699182381568 | 8699182381575 | 8699182381551 | 8699182381582 | 8699182382695
50094,,4,7290019924784 | 6253804990648 | 6253804991294 | 6253804990631
50097,,4,7290018282748 | 7290018282359 | 7290018282557 | 7290018282151
50102,,2,6253804991768 | 6253804991751
50103,,2,6224008204190 | 6223006130852
50105,,1,8901396602491
50110,,4,6223017450406 | 6223017450437 | 6223017450413 | 6223017450390
50111,,4,6223017450178 | 6223017450215 | 6223017450192 | 6223017450208
50112,,3,6223017450086 | 6223017450062 | 6223017450055
50117,,1,8680807037205
50506,صابون انشانتر للوجه انتايسنج,3,6291004110251 | 6921340900567 | 8888202065605
50507,صابون انيتا للبشرة الحساسة,3,8993379108014 | 8993379108021 | 8993379108052
50508,صابون بالموليف بالزيتون 1 قطعه,4,8714789700045 | 8693495051040 | 8693495051149 | 8693495051187
50509,باكو صابون بالموليف  4 قطعه - زيتون,5,8693495053792 | 8693495051156 | 8693495051057 | 8693495051194 | 7290107976848
50517,صابون جيف لبشرة بيضاء,1,8998866608602
50519,صابون دريموفيا مقاوم للبكتريا,2,6291069211634 | 6291069211610
50522,صابون ديتول 85 جم,4,6223005873620 | 6223005873583 | 6223005873606 | 6223005873569
50526,صابون سفانا بالليمون,3,6291003193064 | 6291003093838 | 6291003093845
50532,صابون لوكس لافندر,2,6221048061653 | 6221155201034
50534,صابون لوكس بالكريمة,1,6221048061769
50535,صابون ليرفيا بالحليب,4,8993379256081 | 8993379260767 | 8993379255565 | 8993379260095
50540,صابون هاواي بالورد 100 جرام - باكو × 4 قطع,5,7290000146676 | 7290000146645//// | 7290100922651 | 7290100922170 | 7290100922163
50542,صابونة اوليفرا 100 جرام Aloe Vera,1,2005913258843
50543,صابونة جونسون زيت بذور العنب 125 جرام,5,3574661242200 | 3574661094113 | 3574661093864 | 3574661445892 | 3574661445861
50544,صابونة دورو ازرق 80 جرام - باكو × 4,5,8690506486631 | 8690506486648 | 8690506486624 | 8690506486600 | 8690506486617
50545,صابونة دورو اخضر 80 جرام - قطعة,5,8690506428037 | 8690506396879 | 8690586009690 | 8690506416720 | 8690506396909
50546,صابونة دورو فرش 4 قطع,3,8690506028145 | 8690506028138 | 8690506399320
50547,صابون دوف 100 جرام - باكو × 4 Dove,9,8000700000050 | 8710908565014 | 8710908565250 | 8717163607305 | 7506306308367 | 7506306208186 | 8720182253156 | 8720182256850 | 8720181201332
50549,صابونة دوف فانيلا 100 جرام - قطعة Dove,11,8690637647420 | 8000700000005 | 8712561538077 | 2106000460245 | 8717163607268 | 8712561306409 | 8710447289327 | 8720182259332 | 8711600804357 | 8720182264664 | 8720182258830
50550,صابونة دوف 90  جرام - باكو × 6 Dove,1,8720182256362
50551,صابون دوف خيار 100 جرام - قطعة Dove,0,
50552,,3,8694965529847 | 8694965529878 | 8694965529854
50554,صابونة سافانا 100 جرام Savannah,1,6291003039409
50555,صابونة فاكس زهرة الياسمين 120 جرام Fax,3,8690506479855 | 8690586003964 | 8690586005067
50556,صابون فاكس ليمون 60 جرام Fax,5,8690506312039 | 8690586009027 | 8690506312053 | 8690586002547 | 8690506416737
50558,صابونة كريما قهوة 100 جرام - باكو × 4 قطع,3,7290108354881 | 7290108354904 | 7290108354874
50559,صابونة كريما قهوة 100 جرام - قطعة بدون باركو,0,
50561,صابونة كيف باللوز 100 جرام - باكو × 4,7,7290013848796 | 7290012823886 | 7290013848833 | 7290013848789 | 7290013848819 | 7290013848802 | 7290013848826
50562,صابونة كيف جوز هند 100 جرام - قطعة,6,7290013848536 | 7290013848512 | 7290013848543 | 7290013848499 | 7290107280358 | 7290108351477
50563,صابونة مور 100 جرام Mare,2,7290013660985 | 7290013660992
50564,صابونة نيكا شيفع اروماتيك 7 -- 100 جرام -,9,7290001136324 | 7290000149004 | 7290000149028 | 7290000149035 | 7290000149011 | 7290004146566 | 7290004146559 | 7290004146535 | 7290001136331
50565,صابونة نيكا شيفع كلاسيك 7 -- 100 جرام - باكو,9,7290011115289 | 7290000149615 | 7290011115203 | 7290011115258 | 7290011115401 | 7290011115159 | 7290011115241 | 7290011115296 | 7290011115272
50566,صابونة هارموني فواكه 75 جرام - باكو × 3,1,8993379255541
50567,صابونة هارموني جريفوت 80 جرام Harmony,4,8993379261658 | 8993379261641 | 8993379261627 | 8993379261634
50568,صابونة هارموني ليمون 75 جرام Harmony,6,8993379255381 | 8993379255343 | 8993379255411 | 8993379255374 | 8993379255350 | 8993379255367
50569,صابونة هاواي روماتنك بينك 100 جرام - قطعة,12,7290000146515 | 7290000146508 | 7290000146539 | 7290000146546 | 7290000146522 | 7290100922644 | 7290100922057 | 7290100922040 | 7290000146645 | 7290000146652 | 7290000146669 | 7290000146683
50570,صابونة ون كير عسل 100 جرام - باكو × 4,4,7290017913056 | 7290017913063 | 7290017913070 | 7290017913049
50571,صابون ون كير عسل 100 جرام One Care,4,7290017510460 | 7290017510477 | 7290017510491 | 7290017510484
50572,صابون فاكس 6 قطعة fax / ليمون,0,
50573,صابون ريفولي قطعة 120 جرام /Rivoli,3,6223002552559 | 6223002552498 | 6223002552528
50575,صابون ديتول أكتيف 70 غم قطعة / Dettol,2,6001106116385 | 6001106107390
50578,صابون ديتول 100 جم - أورجينال / Dettol,3,8993560024987 | 8993560025007 | 9556111987873
50579,صابون جالكسي -- قطعة,1,2009396711192
50580,صابون جالكسي 4 قطع,1,2005989152526
50581,,1,2580024679
50587,صابون سافانا 85 جرام - savannah  ازرق,4,6291003164897 | 6291003164873 | 6291003164866 | 6291003164880
50589,صابون اكتميد تينت - ACTIMED TEINT- جزر,1,8993042228377
50592,صابون روبس 60 جرام - RUBIS  بنفسج,6,8692624149375 | 8692624143465 | 8692624143489 | 8692624155901 | 8692624155840 | 8692624155871
50594,صابون اكتفكس للوجه - ACTIVEX  برتقالي,2,8690506486259 | 8690506486266
50604,,3,8993286731473 | 8993286731459 | 8993286731466
50614,صابون ديتول 120 جرام Dettol - ليمون,3,6001106100445 | 6001106116392 | 50158980
50616,صابون ديتول 3 لتر Dettol - التفاح الاخضر,7,6295120041925 | 6295120041895 | 6295120042014 | 6295120041987 | 6295120042106 | 6295120042045 | 6295120041956
50617,باكو  صابون 4 قطعة  touri - رائحة الورد,2,6253504113354 | 6253504113361
50619,,4,8993286738564 | 8993286738571 | 8993286738557 | 8993286738588
50622,صابون الجمال  فراولة,9,6253803255236 | 6253803255267 | 6253803255229 | 6253803255243 | 8690506486846 | 6253005701777 | 6253005701760 | 6253005701753 | 6253005701746
50625,,1,6223001355243
50626,صابونة الجمال ورد  1 قطعه - AVA,2,8690506486877 | 6223006121782
50632,,2,6294020516052 | 6291100760459
50633,صابون البسمة للغسيل ملابس- و يد,1,2002608202563
50637,,1,6253005700527
50638,,1,6295120050019
50639,,2,6253005701920 | 6253005701951
50642,بخاخ البعوض والحشرات دي توش - DY,1,7290003976294
51001,سائل جلي الراجح اخضر 4 لتر,1,6251637000138
51002,سائل جلي العملاق 1 لتر برائحة الليك,2,6253009212460 | 6253009212491
51003,سائل جلي اوكسي ليمون 2.5 كيلو Oxi ليمون,2,6223002552009 | 6223002550715
51004,سائل جلي اوكسي 650 جرام Oxi اخضر,10,6223002550647 | 6223002551439 | 6223002553112 | 6223002551422 | 6223002550654 | 6223014212069 | 6222057604060 | 6222057608259 | 6222057608297 | 6222057608273
51005,سائل جلي ايلوكس 600 مل AYLUX,1,2005967040005
51006,سائل جلي بالموليف 750 مل ازرق,4,7290100658338 | 8714789797786 | 8714789944593 | 7290001305188
51007,سائل جلي بالموليف كلاسيك 1.5 لتر,1,8714789834467
51008,سائل جلي برافلي 750 مل تركيز 24% فراولة,0,
51009,سائل جلي بريل 2.5 لتر + معطر جو عرض,1,150056
51011,سائل جلي بريل تفاح 600 مل - احمر,3,6221143072622 | 6221143076910 | 6221143072264
51013,سائل جلي بريل ليمون 1 لتر - اصفر,3,6221143078334 | 6221143076897 | 6221143100615
51014,سائل جلي بوليف 1 لتر البرتقال Palmolive,3,8718951167094 | 7290004078270 | 7290000692227
51015,سائل جلي بيتي 750 مل برائحة البرتقال,2,6251120304651 | 6251120304705
51018,سائل جلي جلو ليمون 1.5 لتر Glow,6,7290104932083 | 7290104932113 | 7290104932090 | 7290104932106 | 7290104932144 | 7290104932175
51023,,4,6253501839691 | 6253501839684 | 6253501839714 | 6253501839707
51024,سائل جلي فلة 1500 مل برائحة اللافندر,1,2008836291201
51026,سائل جلي فيري 1.240 لتر برائحة الليمون,1,4084500854048
51027,سائل جلي فيري 1.350 لتر اسرائيلي برائحة,1,8001090622129
51028,سائل جلي فيري 1.350 لتر برائحة الزهور,1,4015400958291
51029,,1,7290112841162
51030,سائل جلي فيري ليمون 1350 مل Fairy,1,8001090621924
51031,,1,4015600626228
51032,سائل جلي فيري 520 مل -- يونيبال Fairy,1,4084500920088
51033,سائل جلي فيري 650مل برائحة الليمون,6,4084500088917 | 4084500853553 | 4084500853836 | 4084500853898 | 8001841663654 | 8006540735190
51036,سائل جلي ماجيك ليمون 1.5 لتر Sasatech,4,7290013946850 | 7290013224873 | 7290014555884 | 7290015640824
51037,سائل جلي ماجيك 4 لتر - تركيز 18%,1,7290013946829
51040,سائل جلي نيكا شيفع التفاح 1.5 لتر,2,7290001136430 | 7290011115418
51041,سائل جلي وفير 4 لتر - Wafeer اصفر,2,6223002551293 | 6223002551446
51042,عرض سائل جلي برايت تفاح 1.5 لتر + صابونة,4,7290017236513 | 7290017236483 | 7290017236490 | 7290017236506
51043,معجون جلي اسبشل 3 ك,1,4000599416066
51046,معجون جلي ايلوكس  1.4 كيلو  AYLUX,1,2005957000071
51049,سائل جلي فكس 750 مل fix  - اخضر,3,7290016677164 | 7290016677157 | 7290016677133
51050,سائل جلي فريدا 720 مل - اصفر,3,6224008668268 | 6224008668275 | 6224008668282
51051,سائل جلي فريدا 2.2 كجم - تفاح اخضر,3,6224007537428 | 6224007537435 | 6224007537411
51052,سائل جلي سمارت 1.5 لتر/ برائحة التفاح,3,6253804490216 | 6253804490223 | 6253804491763
51055,سائل جلي بيتي - تفاح / 1000مل,3,6251120304507 | 6251120304606 | 6251120304552
51056,سائل جلي بيور 1 لتر/ برتقال,3,6251122001091 | 6251122001114 | 6251122001107
51057,سائل جلي سانت موريس  1.6 لتر ويل دن -,3,7290002814429 | 7290002814412 | 7290002814405
51058,سائل جلي 3 لتر تركيز 24% / رائحة التفاح,0,
51060,سائل مركز للجلي برائحة تفاح 2 كيلو -,3,6251059391890 | 6251059389897 | 6251059390893
51062,معجون جلي اسبشل 0.5 كيلو,1,3000599416005
51064,سائل جلي لزورد 1.5 لتر - LAZURDE -,1,2005998681468
51071,,4,8001090967381 | 8001090432322 | 8700216163842 | 8700216163811
51075,سائل جلي صن جلو 4 لتر / Klever   تفاح,1,20059233103426
51076,,1,7290000288529
51078,سائل جلي نايس ميجا 1 لتر - NISC MEGA,3,6253501832180 | 6253501832197 | 6253501832234
51079,سائل جلي نايس ميجا 500 مل - NISC,2,6253501833750 | 6253501833767
51080,سائل جلي جولدن 1 لتر تفاح - GOLDEN,4,6251059733201 | 26251059303206 | 6251059302209 | 6251059303206
51081,سائل جلي بيتي 750 مل برائحة البابونج,3,6251120304859 | 6251120304804 | 6251120304903
51085,معجون جلي صن جلو 3 كيلو - SUN GLOW,1,2005923310355
51086,سائل جلي صن جلو 750مل - تفاح / sunglow,1,2005923310348
51091,سائل جلي لاكسيز 4لتر برائحة التفاح الأخضر,3,6253010894396 | 6253010894389 | 6253010894402
51095,سائل جلي ميجا 1.5 لتر,1,7290104932700
51102,سائل جلي سبارك 1 لتر Spark - زهور,4,7290108350555 | 7290107280761 | 7290108350548 | 7290108350531
51111,سائل جلي ريفان 600 مل rivan تفاح,1,2005601671473
51113,سائل جلي فيفيت 4 لتر Vivit برائحة الفراولة,4,20220010849 | 20220010863 | 20220010894 | 20220010887
51115,معجون جلي داكس ون 1.2 جرام DAX ONE,1,2000284154251
51118,,2,7290011011956 | 7290011011949
51119,سائل جلي بريل ليمون  صغيرة - اخضر  -,1,6221143069899
51130,,1,6546456456458
51136,,1,2005958466036
51139,سائل جلي لمسة جمال 500 مل,1,2025062811447
51140,سائل  غسيل  لمسة جمال 500 مل,2,2025050264262 | 2025062811027
51142,,1,6253803256721
51149,,4,8001090184412 | 4084500183025 | 4015400957973 | 4084500183087
51158,,2,6253339113048 | 6253339113086
51160,,1,7290019291169
51162,,1,7290011442804
51165,سائل جلي اخضر فيري اسرائيلي 900 مل,2,8001090502094 | 8001090502216
51174,,1,6233445544554
51177,,2,8699243692510 | 8699243692534
51179,,2,6223017450505 | 6223017450369
51180,,1,7290001245798
51183,,1,7290012545771
51185,,1,8001090349590
52001,معجون بلاط العملاق 1000 جرام,1,6253009212064
52003,معطر ارضيات بونو العود 700 مل Bono,6,6251059570950 | 6251059596950 | 6251059512349 | 6251059514343 | 6251059511342 | 6251059513346
52004,معطر ارضيات رتسباز فرش بسفلورا 2 لتر,6,7290003015634 | 7290012117350 | 7290013268884 | 7290003015641 | 7290012823589 | 7290003015627
52005,,7,7290014397767 | 7290108351613 | 7290013268242 | 7290014397774 | 7290014397781 | 7290107280822 | 7290108352450
52006,معطر ارضيات روزس زهر 1 لتر Roses,4,7290104932328 | 7290104932755 | 7290104932465 | 8697460574602
52007,معطر ارضيات سوبر بريق 1 لتر Super,1,6251637000589
52009,معطر بلاط اكسبرس روزان احمر 1 لتر,2,6373275275287 | 4537867539399
52010,معطر بلاط برافولي 1 لتر / زهري,1,6253506530562
52011,معطر بلاط ليلوم برائحة الياسمين,1,6259384043064
52012,معطر روزان نسيم الحدائق 100 مل - غسيل,5,141275232014 | 123577856778 | 869437423400 | 123577856891 | 123577856785
52013,معطر ومنظف اجاكس للارضيات 1 لتر براحة,3,7290111934575 | 7290111934568 | 8693495409438
52014,معطر ومنظف اجاكس للارضيات 1.5 لتر,8,8714789791913 | 8714789402970 | 8714789402918 | 8718951038738 | 8714789402932 | 8718951354807 | 8718951349414 | 8718951731202
52020,,1,8693023012567
52021,منظف ارضيات ماجيك 4 لتر,6,7290010613090 | 7290001246498 | 7290013224620 | 7290001245415 | 7290014555013 | 7290015640527
52022,منظف ديتول للارضيات براحة الليمون 1.8 لتر,5,6295120001424 | 6295120005248 | 6295120011546 | 6295120001479 | 6295120005293
52023,منظف للارضيات لويال بالعود  800 مل,3,6253339102486 | 6253339102493 | 6253339102479
52024,هاي كلين جل بيوتي كلاسيك 500 مل beauty,3,6253807720167 | 6253807720174 | 6253807720150
52027,معطر سيارات روزيرا 10 مل زهري,3,6223005721334 | 6223005721310 | 6223005721303
52030,منظف بيتي أرضيات رائحة الزهور القوة الثلاثية,3,6251120305252 | 6251120305153 | 6251120305207
52031,ملمع زجاج بيتي 750 مل / برائحة الزهور,2,6251120305757 | 6251120305658
52032,منظف بيتي أرضيات بالزهور القوة الثلاثية 1.5,3,6251120305054 | 6251120305009 | 6251120304958
52033,منظف مع معقم 4×1  - صنوبر/ بيتي - 1 لتر,3,6251120305405 | 6251120305351 | 6251120305450
52036,معطر ارضيات سانت موريس 4 لتر,1,7290002814931
52037,معطر بلاط بريرفوم 1 لتر -اخضر,2,7290015381581 | 7290015381390
52043,معجون بلاط العملاق الوان 1000 جرام- ليلكي,4,6253009214174 | 6253009214204 | 6253009214198 | 6253009214181
52044,معجون بلاط العملاق الوان 2000 جرام - ازرق,4,6253009214242 | 6253009214228 | 6253009214235 | 6253009214211
52045,ملمع زجاج جرين كلين 600 مل العملاق - احمر,2,6253009215027 | 6253009215010
52046,معطر كومفرت 1 لتر - ندى الربيع / Comfort,2,6221048600135 | 6221048600159
52047,معطر كومفرت مركز 1.5لتر بالأوركيد و المسك/,3,6281006131309 | 6281006131286 | 6281006131323
52048,منظف أرضيات 3 لتر بونو / BONO - أخضر,3,8681166212531 | 8681166212524 | 8681166212500
52049,منظف و ملمع عام للأسطح و التكلسات 750 مل,3,4002448017684 | 7290101863410 | 7290112001870
52052,منظف ارضيات فرش برائحة الياسمين 4 لتر,2,7290017236964 | 7290017236957
52053,منظف ارضيات فكس برائحة لافندر 4 لتر,2,7290016677409 | 7290016677393
52056,معطر ارضيات اجاكس 2 لتر - ازرق,4,7290000692302 | 7290000692203 | 7290000692210 | 8718951161146
52064,معطر أرضيات 50 مل برائحة نسيم الربيع,2,7245654245640 | 2021080416183
52070,منظف ارضيات نايس ميجا 1 كيلو - NISC,4,6253501832241 | 6250531832258 | 6253501832272 | 6253501832265
52075,منظف بيتي ارضيات سريع 750 مل اللافندر,2,6251120306853 | 6251120306907
52082,معطر فريدا ميست 90 مل بريق Frida mist,9,6224008204602 | 6224008204619 | 6224008204596 | 6224008204534 | 6224008204589 | 6224008204558 | 6224008204565 | 6224008204572 | 6224008204541
52083,,5,6253804493842 | 6253804492715 | 6253804492722 | 6253804492692 | 6253804492708
52093,,2,7290019099130 | 7290019099321
52096,,3,6253005702415 | 6253005702422 | 6253005702408
52097,معطر جو فاسترين  350 مل Fastrin,2,6253803256820 | 6253005700800
52098,,3,6253803255137 | 6253803250125 | 6253803250132
52102,كلور 4 لتر كوين - QUEEN PLUS,1,704001726142
52104,مزيل دهون اسرائيلي 750 مل برائحة الليمون,2,7290019274506 | 7290002814665
52111,,1,6221152042364
52112,,1,7290011011819
52114,,1,6224008677024
52302,,1,6251059000204
52505,جل اكورد لمقعد الحمام بالورد,1,8692730502965
52506,جل بلوك لمقعد الحمام 3 قطعه اخضر,2,8016543004773 | 8016543004780
52507,جهاز بعوض ريد Raid,1,7290016319910
52511,حجر حمام بون فراولة - شريط × 3 قطع,4,7290005479038 | 7290005479052 | 7290001136485 | 7290000287430
52513,حجر حمام سانو بون مسك 3 قطع 4 × 1 Musk,3,7290013268938 | 7290000287409 | 7290000287485
52514,حجر  حمام سانو دبل اكشن 3 قطع 165 جرام,3,7290107280587 | 7290108350500 | 7290107280594
52515,حجر حمام سانو موف شريط 3 قطع 5 × 1,3,7290012116193 | 7290005426971 | 7290005426964
52516,,3,7290108350845 | 7290108350852 | 7290108350869
52519,راجون سوبر سبراي Ragon Spray,1,6223006550025
52529,,7,6971166771087 | 6971166771001 | 6972976000886 | 6974512430270 | 6953937164106 | 6953937155517 | 6974361380030
52531,,1,8699621150502
52537,كلور بونو  4 لتر BONO رائحة الليمون,2,7290004010034 | 7290004010027
52538,كلور جافيل 4 لتر Javel/ ليمون,3,7290000288024 | 7290000294780 | 7290000294773
52544,كلور كلوراج 4 لتر,1,6251637000718
52546,كلوركس 4 لتر بالليمون,3,6221152001569 | 6221152001552 | 6221152001576
52549,ماء نار فلاش سانو زيرو زيرو 1 لتر 00,1,7290012117039
52556,مبيد حشرات ريد للحشرات الزاحفة 300 مل,3,5010182997680 | 7290012803352 | 5010182997253
52559,مبيد حشرات كي 301 -- 300 مل K 301,1,7290107280815
52560,مزيل بقع فانيش 750 مل Vanish,2,7290101864127 | 7290112004413
52568,مزيل دهون جف 750 مل بالليمون,1,6281006140820
52573,مزيل دهون فلاش العملاق 1 لتر,1,6253009212040
52574,مزيل دهون ماجيك ( مزيل عفن ) 1 لتر,2,7290016601336 | 7290016601312
52578,مزيل دهون سانت موريس 750 مل - اسود ليمون,3,7290002814603 | 7290002814870 | 7290002814016
52583,مسلك وفاتح مجاري تسونامي 1 لتر,1,24651752
52588,,5,7290112000798 | 5011417561737 | 7290112000385 | 7290112000408 | 5011417594056
52589,مطهر ديتول بخاخ 750 مل ازرق سماوي,1,7290112000392
52592,مطهر لينول لافندر 700 مل Lenol,3,6251059211952 | 6251059212959 | 6251059210955
52593,معجون بلاط بونو زهور 1.5 كيلو Bono,6,6251059017660 | 6251059016663 | 6251059015666 | 6251059018667 | 6251059020660 | 6251059019664
52594,معطر عام روزيرا كاريزما 250 مل,16,6223005720382 | 6223005720269 | 6223005720368 | 6223005720245 | 6223005720306 | 6223005720290 | 6223005720443 | 6223005720313 | 6223005720337 | 6223005720320 | 6223005720399 | 6223005720375 | 6223005720405 | 6223005720436 | 6223005720351 | 6223005720344
52595,معطر عام فرايدا رائحة النظافة - 480 مل,9,6224008668435 | 6224008668060 | 6224008668091 | 6224008668053 | 6224008668077 | 6223006130005 | 6223006130418 | 6223006130319 | 6224008668084
52596,,1,60008
52597,معطر ملابس واقمشة بونو 500 مل BONO,2,8691582990319 | 8691582990333
52598,معطر ملابس واقمشة سانو فرش قطن 350 مل,2,7290014397897 | 7290014397903
52599,,2,6253501839585 | 6253501839578
52600,ملمع اثاث بليدج 300 مل Pledge,7,6281100870630 | 5000204690057 | 6223001346340 | 6281100872719 | 6281100870166 | 5000204151022 | 5000204151053
52604,ملمع اثاث ماجيك 300 مل,1,7290003976416
52606,ملمع زجاج اكسترا 1 لتر,2,7290100825419 | 7290012767128
52608,ملمع زجاج تيكس مجوز TEX,2,8697427782163 | 8697427782552
52609,,0,
52610,,1,6253804490575
52613,,1,7290001246085
52614,ملمع زجاج وايف روزس 1 لتر Wave Roses,2,7290104932076 | 7290104932069
52618,منظف حمامات هاربك لون ازرق -750 مل,8,5011417539071 | 5900627040104 | 3059941006388 | 5900627040111 | 3059941005671 | 5059001002150 | 7290112006592 | 5908252014064
52619,منظف سجاد لعملاق 1150 جم,1,6253009213542
52627,منظف فلاش زواهر 1 لتر,1,96867419
52629,منظف مقعد للمرحاض بالصنوبر بيتي 750 مل,2,6251120306259 | 6251120306204
52632,منظف مرحاض سود زهور 700 مل,2,7290100924563 | 7290100924570
52639,,1,60017
52641,,1,6925125255415
52643,سبري شو للاحذية للازرق الداكن,6,8698623900979 | 8698623900962 | 8698623900290 | 8698623900894 | 8698623900931 | 8698623900283
52644,ملمع احذية سلفر بني 50 مل + فرشاة,2,8690757232506 | 8690757202509
52645,ملمع احذية سلفر سائل بني 75 مل,2,6225000186712 | 8690757001058
52647,ملمع احذية سمارت سائل للون البني,1,8697422821942
52648,,1,8698623900078
52649,ملمع احذية شو 75 مل للون الاحمر,2,8698623900900 | 8698623900917
52652,ملمع احذية فيلو اجميع الالوان سائل,2,8697422820624 | 8697422820617
52653,ملمع احذية كيوي للون البني,4,5000204662160 | 5000204659054 | 5000204657913 | 5000204657883
52665,,1,8684000830199
52669,,1,6253804494146
52670,معطر أرضيات مسك 3×1  أزرق / 1000 مل,3,6253804493248 | 6253804491725 | 6253804491756
52678,فيت كريم لازالة الشعر  البشرة الحساسه,2,5000146980353 | 5000309002755
52685,,2,7290001245705 | 7290001246504
52688,حجر حمام سانو قطعة Design,1,7290108353488
52690,مطهر و معقم مركز بيتي  - لافندر / 500مل,3,6251120304354 | 6251120304408 | 6251120304309
52691,منظف مقعد مرحاض بالصنوبر - بيتي 750 مل,1,6251120306259
52700,منظف عام سانت موريس 1 لتر - بخاخ احمر,2,7290019750451 | 7290001713150
52711,منظف مرحاض سلوت سانت موريس 750 مل,2,7290002814023 | 7290001713587
52715,حجر حمام سانت موريس ليمون Bubbles,2,7290002814900 | 7290002814825
52716,حجر حمام سانت موريس 3 قطع - اصفر,1,7290002814849
52718,سبتول بخاخ مطهر عام ليمون 500 مل,3,6251059226147 | 6251059225140 | 6251059224143
52721,كلور جل 4 لتر / تركيز 3% / لافندر,0,
52730,كفات الوفيرا جلد سمول - SMALL - ALOE,3,6935673035612 | 6935673035629 | 6935673035636
52732,حجر حمام فوكس 3 قطع ازرق - FOCUS,2,7290010711451 | 7290010711468
52739,ديتول ارضيات 1.5 لتر (Maxi Pack) - ازرق,2,5410036501207 | 5410036501184
52745,اسفنج سلفر للاحذية لجميع الالوان بزيت اللوز,1,8690757001980
52756,,3,2005408408302 | 20681418 | 6253803253263
52762,هاي جل 70% كحول 100 مل ريفان - rivan,2,200540840358 | 7290113240445
52787,مزيل دهون و بقع مستعصية ليون 1لتر,3,2002848294441 | 2002848294243 | 2002848294434
52791,حجر حمام اكستر 2*1 مجوز - لافندر بنفسجي,1,7290106263352
52799,ماء نار نايس 1 لتر - NICE,1,2005998715622
52803,معطر ملابس بدين 4 لتر بنفسجي,3,7290008330107 | 7290000342856 | 7290000339566
52819,مطهر ومنظف كلوريكس 500 مل CLOROX,2,6221152091010 | 6221152091058
52833,هايبكس معطر و ملمع لجميع الاسطح 1 لتر,3,6253500760989 | 6253500760972 | 6253500760996
52835,حجر حمام 5 ف 1 محيطات,3,7290106265226 | 7290106265233 | 7290106265219
52842,مزيل بقع أوكسي بور 4لتر للغسيل الأبيض/OXY,2,7290003976782 | 7290003976775
52848,مزيل دهون 1 لتر  Vvivit,2,202101240024 | 2021012400242
52856,منظف عام للاسطح بيتي 750 مل - تفاح,2,6251120305856 | 6251120305801
52858,منظف فريدا فلور 2 لتر - FRIDA FLOOR --,6,6224008204732 | 6224008204756 | 6224008204725 | 6224008204749 | 6224008204695 | 6224008204701
52859,مزيل دهون ال سي  750 مل,1,7290011011604
52866,ملمع بلاط سانت موريس 2.5 لتر,2,7290001713228 | 7290001713211
52872,منظف مرحاض جيت 750مل بالخل,1,7290108351781
52875,,1,2021012400105
52882,فلاش اوكسيم 1 لتر Oxim,1,1514486456453
52892,كفات فليدا للبشرة الحساسة,2,4003790024061 | 4003790024078
52908,معطر عام روزيرا 1000 مل ROSERAIE,15,6223005720221 | 6223005720030 | 6223005720238 | 6223005720214 | 6223005720207 | 6223005720184 | 6223005720160 | 6223005720078 | 6223005720115 | 6223005720177 | 6223005720016 | 6223005720122 | 6223005720153 | 6223005720085 | 6223005720092
52910,,1,6970081495023
52913,,2,7290008427852 | 7290010611713
52922,فرشاة اسنان - colgate,4,6001067007289 | 6942039966169 | 6948031190151 | 6223002531684
52928,كلور فلور 1 لتر -,2,905998347970 | 9988559958953
52929,فلاش المذهل 1 لتر  - FIORA,1,200597755013
52932,منظف فلاش المذهل 1 لتر - SPEED,1,2005977550013
52935,,2,8682983394783 | 8682983394660
52939,رول طارد للبعوض 70مل - novo,1,7290017637303
52952,,2,6971337240015 | 6943384100093
52959,,1,4902430401845
52964,,1,7290019291305
52972,,1,4902430341127
52973,,1,4987176197245
52983,,5,6251896005431 | 6251896005424 | 6251896003727 | 6251896003628 | 6251896003611
52987,,1,7290019750970
52988,,3,7290017913193 | 7290017913391 | 7290017913216
52989,كلور 4 لتر وزة,1,7290000341224
52990,,1,6221152001255
52991,,1,6221152002085
52998,,7,6223006130470 | 6223006130586 | 6223006130609 | 6223006130494 | 6223006130487 | 6224008204992 | 6223006130463
53001,جهاز ايرويك + عبوة,3,7290112001825 | 7290112001818 | 7290112000132
53005,غيار ايرويك بخاخ بالنرجس,2,5011417554555 | 7290101862529
53006,غيار جهاز ايرويك برائحة الورود,6,7290101869795 | 7290112001030 | 7290101869788 | 2224101869917 | 7290101869917 | 7290112001023
53007,معطر ارضيات ايموني خوخ 1لتر Wild Berry,8,8682315555714 | 8682315555370 | 8682315555615 | 8682315555622 | 8682315555455 | 8682315555684 | 8682315555592 | 8682315555851
53008,غيار جهاز معطر جرين ورلد 250 مل Green,3,8696630124098 | 8696630124135 | 8696630113573
53009,معطر جو ميكاسا 250 مل ازرق - Micasa,4,8680586080201 | 8680586080188 | 8680586080218 | 8680586080195
53010,معطر جو اكوا تاتش مسك 460 مل Musk,7,6224008668909 | 6224007537398 | 6224008668930 | 6224007537404 | 6224008668923 | 6224008668893 | 6224008668916
53011,معطر جو اير تايم بخاخ,4,8680586084629 | 8680586084643 | 8680586084650 | 8680586084612
53012,معطر جو ايرويك بخاخ 240 مل برائحة الفاني-,3,3059940007768 | 3059943016569 | 3059943016507
53013,معطر جو جولدن اسكيب 460 مل ESCAPE,7,6223005721082 | 6223005721099 | 6223005721181 | 6223005721068 | 6223005721044 | 6223005721075 | 6223005721037
53014,معطر جو سانو ديو فرش لافندر 300 مل,5,7290004731670 | 7290004731687 | 7290005425073 | 7290000133904 | 7290005426629
53015,معطر جو سانو فرش هوم بشذى الحرير 350 مل,7,7290108351606 | 7290014397521 | 7290014397507 | 7290014397491 | 7290014397514 | 7290014397538 | 7290108351590
53016,معطر جو سمارت ورد 460 مل  ROSE,16,6223005720917 | 6223005720986 | 6223005720924 | 6223005720894 | 6223005720887 | 6223005720962 | 6223005721211 | 6223005720955 | 6223005720863 | 6223005720900 | 6223005720931 | 6223005721013 | 6223005721006 | 6223005720993 | 6223005720948 | 6223005720979
53017,معطر جو فريدا ارابيسك 460 مل Arabesque,13,6224008668411 | 6224007537923 | 6224007537879 | 6224007537916 | 6224007537893 | 6224007537886 | 6224007537909 | 6224008668404 | 6224007537510 | 6224007537534 | 6223006130845 | 6223006130968 | 6223006132429
53018,,4,6253339102271 | 6253339102301 | 6253339102288 | 6253339102264
53019,معطر جو ماجيك لافندر 300 مل- ليلكي,7,7290001246269 | 7290001246238 | 7290012881589 | 7290001246221 | 7290012881824 | 7290013946171 | 7290012881817
53020,معطر جو ماجيك فلور برائحة اللافندر,4,5908241712544 | 5908241712209 | 5908241720723 | 5908241720709
53021,بخاخ غرفة تكس 500 مل لافندر,3,8697427783856 | 8697427783863 | 8697427787762
53024,معطر جو أجنبي 300مل / فانيلا,10,3596710384792 | 5400601010753 | 5425007920086 | 3596710384808 | 3700311812565 | 3560070956388 | 3222472632634 | 3222475462962 | 5425007920017 | 3560070956418
53027,,1,7290108201291
53028,جهاز ايرويك بطارية فريشماتك - AIR WICK,4,7290101869764 | 7290101869757 | 7290112001016 | 7290101869740
53030,معطر جو ماجك تاتش 745 مل  خوخ /,7,6223000236697 | 6223000236727 | 6223000236710 | 6223000234013 | 6223000234020 | 6223000236161 | 6223000236703
53031,معطر فاخر جو واقمشة X6 عبوة بخاخ زهري,1,2009592955956
53036,معطر جو برايت عيدان 75 مل فريدوم,3,5908241721294 | 5908241721287 | 5908241720747
53037,معطر جو برايت 40 مل عيدان,2,5908241713626 | 5908241713602
53039,معطر جو ايرويك شمع بوتانيكا 205 جرام -,2,7290112003553 | 7290112003522
53040,معطر جو بخاخ ايرويك بوتانيكا 236 مل -,2,7290112003478 | 7290112003515
53042,معطر جو سويت اير 460 مل - SWEET,6,6223005722195 | 6223005722232 | 6223005722201 | 6223005722249 | 6223005722225 | 6223005722218
53045,,1,2000206622332
53047,,1,7290017374956
53048,معطر جو فلوري 425 مل Flory فل وياسمين,13,6224008677932 | 6224008677949 | 6224008677987 | 6224008677086 | 6224008677963 | 6224008677451 | 6224008677093 | 6224008677956 | 6224008677154 | 6224008677925 | 6224008677109 | 4870201379740 | 6224008677468
53049,معطر جو فيونا تاج 460 مل Viona tag رومبا,9,6224010787261 | 6224010787292 | 6224008748557 | 6224010787315 | 6224010787308 | 6224010787285 | 6224008748656 | 6224008748748 | 6224010787278
53050,,1,8697453259356
53051,,1,6253014605608
53053,,2,7290017913117 | 7290017913100
53056,,2,5908241711509 | 5908241711516
53058,,1,7290018282755
53059,كفات اسود سانت ويلدان اكس لارج 100 قطعة,2,7290006784421 | 7290006784186
53060,معجون بلاط اسونا ازق 900 جرام Assuta,1,7290011772628
53061,,1,7290015338745
53066,,5,7290017682983 | 7290017682853 | 7290017682990 | 7290020173584 | 7290020173577
53067,,1,8720181673597
53078,,1,7290016677478
53079,,1,5413149634015
53080,,1,7290003181001
53085,ملمع زجاج كلين 750 مل 2 عبوة,1,7290003955473
53300,جل غسيل برسيل 2.5 لتر -  Persil,2,7290017946986 | 7290016509847
53503,جل غسيل اريا بيبي 2.365 لتر -- يونيبال,7,8001090791825 | 8001090833228 | 8001090833167 | 8001090791313 | 8001090833198 | 8001090833136 | 8001090878953
53504,جل غسيل اريال باور جل 2.5 كيلو Power Gel,6,8001841195629 | 8001841195650 | 8001841131177 | 8001841131269 | 8001841907598 | 8001841907536
53508,جل غسيل اكس بيو 6 -- 3 لتر Bio,3,7290017236940 | 7290017236933 | 7290017236926
53509,جل غسيل اكسترا 2.7 كيلو Xtra,1,6221143069691
53510,جل غسيل اوكسي 2.5 كيلو Gel Oxi,0,
53511,جل غسيل اوكسي 3 لتر Oxi,2,6223006120396 | 6222057600475
53512,جل غسيل اوكسي  2.5 كيلو,2,6223002559558 | 6223014214353
53513,,1,6223002557684
53514,جل غسيل اوكسي 900 جرام 1.5 كيلو Gel,3,6223002557714 | 6223002555352 | 6223002550197
53515,جل غسيل اي بي سي اسود 3 لتر ABC,5,8690511171409 | 8690511171331 | 8690511171379 | 8690511000655 | 8690511161615
53516,جل غسيل برايت بيو 3 لتر Bright Bio,5,7290104932342 | 7290104932373 | 7290104932472 | 7290104932380 | 7290104932489
53517,جل غسيل برسيل اخضر 2.5 لتر Persil,6,7290016509786 | 7290016509809 | 6221143093719 | 6221143081037 | 6221143091227 | 6221143091265
53518,جل غسيل برسيل ازرق 2.65 كيلو Persil,4,9000101404760 | 6221143078808 | 6221143083406 | 6221143094808
53519,جل غسيل برسيل للملابس الملونة 4.5 لتر,2,7290100925607 | 7290100925591
53520,جل غسيل برسيل اسود 2.7 لتر - للملابس,1,7290100928714
53521,جل غسيل برسيل جولد 2.2 كيلو Persil,1,6221143077290
53525,جل غسيل بي اي سي ملون 3 لتر BAC,3,8696878585859 | 8696878585866 | 8696878585873
53526,جل غسيل تاج كلاسيك 2 لتر Classic - اخضر,3,7290104930614 | 7290104930638 | 7290104930607
53528,جل غسيل تيكس احمر 2.5 لتر Tex,3,8697427792780 | 8697427792773 | 8697427792797
53530,,1,2002554499550
53531,جل غسيل سود ازرق 2.7 لتر Total,2,7290016509212 | 7290016509229
53532,جل غسيل سود ازرق 4.5 لتر Total,2,7290016509502 | 7290016509922
53535,جل غسيل نايس ميجا 3 لتر - NISC MEGA,4,6253501839752 | 6253501839783 | 6253501839776 | 6253501839769
53536,,0,
53537,جل غسيل كاليا فينيش زهر 3 لتر,2,7290101866633 | 7290101866787
53538,جل غسيل كولون 3 لتر Colon زهري,4,7290112002112 | 7290112000200 | 7290112000217 | 7290101869528
53539,جل غسيل كولون أزرق 4 لتر Musk,4,7290112002136 | 7290112002167 | 7290112002150 | 7290112002143
53540,جل غسيل ماجيك اخضر 3 لتر,5,7290003976201 | 7290003976188 | 7290003976195 | 7290001245439 | 7290013224705
53541,جل غسيل ماكسيما للاطفال 3 لتر Baby,5,7290013848758 | 7290013268907 | 7290107280570 | 7290013269287 | 7290013269263
53545,,3,6253501834290 | 6253501838380 | 6253501838991
53546,,4,6253501839561 | 6253501834276 | 6253501834283 | 6253501839554
53547,جل غسيل برسيل 3.9 كيلو - Persil,1,6221143084106
53550,مسحوق غسيل اكسترا بودرة - 2.5 كجم,2,6221143077627 | 6221143077603
53551,مسحوق غسيل اكسترا بودرة 4 كجم,2,6221143077726 | 6221143078945
53552,مسحوق غسيل اكسترا بودرة 8 كجم,1,6221143077788
53553,,1,7290017946177
53557,معطر ماكسيما بخاخ 750 مل Ultra Fresh,7,7290005423253 | 7290013269157 | 7290004731557 | 7290108351569 | 7290004731564 | 7290004731519 | 7290108357189
53558,مسحوق مزيل بقع فانيش470 جرام - Vanish,2,7290108200232 | 7290108200225
53560,معطر و مطري غسيل بيور 4 لتر / زهري,3,6251586611287 | 6251586611430 | 6251586611379
53561,جل غسيل سانت موريس 3 لتر - احمر,1,7290002814320
53562,معطر وطري ملابس بونو 2 لتر ازرق --,7,6251059723233 | 6251059726234 | 6251059725237 | 6251059724230 | 6251059710233 | 6251059374237 | 6251059707233
53563,سائل غسيل ملابس بيضاء بونو 1 لتر,2,6251059031208 | 6251059023203
53567,,1,8690511000747
53569,مبيض غسيل وليت 1.2 لتر بينك/ Woolite,3,7290112001771 | 7290112001757 | 7290112001764
53570,مسحوق فانيش جولد 1350جرام كلر - Vanish,2,7290108200201 | 7290108200218
53573,أقراص جلاية فينيش كوانتوم ليمون 30 قرص /,2,4640018993350 | 4640018993343
53576,معطر جو ايرويك بخاخ 345 مل / أكوا ميست,3,5011417554760 | 3059943015128 | 5011417552247
53579,,1,7290018687130
53580,,1,7290018687123
53581,معطر جو جليد 300 مل - GLADE برائحة,4,5000204114898 | 5000204114867 | 5000204115048 | 5000204138122
53585,جل غسيل ماكسيما  كريستال 5 لتر XXL /,3,7290108351675 | 7290108351521 | 7290108351682
53592,جل غسيل كولون توت 5 لتر Colon,3,7290108200454 | 7290112000187 | 7290101867135
53595,جل جلاية فينيش 1 لتر / finish,4,7290101869726 | 7290112001900 | 7290101869733 | 7290112001917
53596,مجدد جلاية فينيش 250 مل / finish - أزرق,2,8410104039134 | 7290112001436
53598,جل غسيل كولون 2.5 لتر Colon . أزرق,3,7290112002099 | 7290112002129 | 7290112002105
53601,معطر أرضيات لويال 2100 مل / LOYAL بني,7,6253339108051 | 6253339108013 | 6253339108020 | 6253339108044 | 6253339108037 | 6253339107993 | 6253339108068
53602,معطر أقمشة لويال 500 مل / loyal أخضر,4,6253339104428 | 6253339101618 | 6253339102455 | 6253339104312
53605,سائل جلي بريل بريموم 600 مل / PREMIUM,1,6221143087459
53612,جل غسيل فيفيت كلين 2.7 لتر ازرق,3,20210124004 | 20210124001 | 2021078007409
53622,,1,2005959251358
53629,معطر جو دانو فاشكول 460,3,2005679999554 | 2021031712067 | 5225675431255
53630,,1,6224001498633
53631,,1,2020042213020
53633,معطر ارضيات سمارت تاتش 1ورد  كيلو,1,2997561778234
53636,,1,9724193080465
53644,معطر ارضيات عبوة 1 لتر - نوفل,1,2000159355257
53645,سائل جلي ميرا 600 مل MIRA,0,
53652,جل غسيل تايد 2.35 لتر / Tide + هدية مسحوق,2,8006530166294 | 8001090370969
53657,,4,7290020228161 | 7290020228192 | 7290015381642 | 7290020228147
53659,جل غسيل اسوتا 1.5 لتر Assuta,1,7290019666448
53660,معطر غسيل فاسترين 750 مل Fastrin,1,6253005701579
53667,,1,7290019666714
53668,,2,7290116537207 | 7290116536262
54000,مسحوق غسيل اوكسي 8 كيلو Oxi,2,6223006124240 | 6223006124233
54003,مسحوق اريال ثلجي  3 كيلو- AKBA,4,2106000540657 | 5413149333468 | 8006540558737 | 8006540558577
54004,مسحوق غسيل اريال ابيض 8 كيلو -- يونيبال,1,4015600730826
54005,مسحوق غسيل اريال 3 كيلو --  وردة بيضاء,1,5413149655690
54006,مسحوق غسيل اريال الوان 8 كيلو -- يونيبال,1,8001090469199
54018,مسحوق غسيل برايت 800 جرام Bright,1,7290104932335
54023,مسحوق غسيل بريدو 1.25 كيلو / Predox,1,8680716084055
54024,مسحوق غسيل بريدوكس 3 ك برائحة اللافندر,4,8680716084444 | 8680716084437 | 8680716084451 | 8680716084468
54025,مسحوق غسيل بريدوكس 9 ك بالفندر,4,8680716084222 | 8680716084215 | 8680716084208 | 8680716084239
54027,مسحوق غسيل بونكس 3 كيلو -- يونيبال,1,5413149709126
54028,مسحوق غسيل بونكس 9 كيلو -- يونيبال,1,5413149709157
54035,مسحوق غسيل تايد ليمون 3 كيلو,1,5413149712829
54036,,1,8700216965439
54047,,0,
54050,مسحوق غسيل كليل 3 كيلو,1,7290012891700
54051,مسحوق غسيل كليل 6 كيلو,1,7290006988133
54053,,0,
54054,مسحوق غسيل كولون 5 ك - أزرق / COLON,3,7290011607197 | 7290112003232 | 7290112003249
54058,مسحوق غسيل ماكسيما للاطفال 2.5 كيلو,4,7290005425196 | 7290005425202 | 7290012116537 | 7290000295367
54060,مسحوق غسيل ماكسيما بيو 6 كيلو Bio,5,7290005429286 | 7290011877866 | 7290005429279 | 7290012117091 | 7290108350692
54062,مسحوق غسيل برسيل 5 كجم - اخضر,3,7290100926598 | 7290100927717 | 6221143080108
54076,مطري غسيل ماجيك 1 لتر / SELECT,4,7290016255959 | 7290016255966 | 7290016255997 | 7290016255973
54078,,1,7290017510071
54079,,2,8700216678940 | 8001090723413
54082,مسحوق غسيل ماكسيما 8 كيلو XXL,2,7290107280518 | 7290107280468
54085,,1,6222057600697
54092,,0,
54097,,4,6223014217545 | 6223014217477 | 6221143097281 | 6223014217583
54098,,2,6223014211291 | 6222057601724
54101,,2,8697713826724 | 8697713831872
54111,,1,8006540964798
54117,,1,6222057600758
54120,جل غسيل اوكسي 90جرام نسيم الربيع,1,6223014217675
54123,,1,7290000245270
54127,,3,8700216286435 | 8700216286497 | 8700216286466
54129,,2,7290000295343 | 7290000295336
54130,,1,7290017913643
54132,,1,6223013850811
54139,,1,6223006127265
54142,,1,6222057600710
54144,,1,8001090846235
54211,,1,7290019014164
54501,مطري غسيل بونو زهري 3 لتر MAXA,3,8691582990012 | 8691582990029 | 8691582990036
54502,معطر ارضيات لويال 700 مل LOYAL ابيض,7,6253339102080 | 6253339102103 | 6253339102110 | 6253339102134 | 6253339102127 | 6253339102097 | 6253339102073
54503,معطر غسيل ABC برائحة الفل 4 لتر,5,7290012767821 | 7290012767845 | 7290012767357 | 7290012767814 | 8690511125099
54504,معطر غسيل اسوتا ابيض 4 لتر Assuta,4,7290017913155 | 7290017913162 | 7290017913179 | 7290017913131
54505,معطر غسيل بونو ازرق 1 لتر BONO,3,8691582990128 | 8691582990135 | 8691582990111
54507,معطر غسيل بينجو 3 لتر برائحة الورد,2,8690536000029 | 8690536000043
54511,معطر غسيل فيش ازرق 4 لتر Vish,3,7290017034744 | 7290016527841 | 7290017034980
54512,معطر غسيل كمفورت زهور 3 لتر,5,6221048600210 | 6221048600432 | 6221048600197 | 6221155207494 | 6221155155764
54513,معطر غسيل لويل 750 مل LOYAL أخضر,4,6253339104398 | 6253339104381 | 6253339104404 | 6253339104374
54516,معطر غسيل ماجيك بيبي 4 لتر - ابيض,8,7290001245972 | 7290001245989 | 7290012881794 | 7290012881787 | 7290012881800 | 7290001245965 | 7290001245958 | 7290001245996
54517,معطر غسيل ماكسيما 4 لتر Soft Silk,13,7290108351507 | 7290000288642 | 7290005423734 | 7290108351514 | 7290000293073 | 7290012117732 | 7290014397736 | 7290014397675 | 7290005426803 | 7290011598402 | 7290005423918 | 7290108351835 | 7290014397873
54518,معطر غسيل ماكسيما مركز الترا فرش 1 لتر,15,7290013268020 | 7290108351811 | 7290012117558 | 7290012823381 | 7290108350616 | 7290013269003 | 7290012117541 | 7290108351804 | 7290012117534 | 7290013268990 | 7290013268037 | 7290014397293 | 7290014397286 | 7290108350623 | 7290013268983
54519,,3,6253501838892 | 6253501839097 | 6253501838908
54520,معطر ملابس بدين احمر - 500 مل,4,7290100240144 | 7290100240137 | 7290112490827 | 7290006784407
54521,معطر ملابس ماجيك 350 مل White,4,7290016255188 | 7290016255218 | 7290016255201 | 7290016255195
54522,معطر غسيل فرايد برائحة نسيم البحر 2 لتر,1,6224008668664
54523,معطر غسيل 4 لتر سود - زهري,2,7290000245782 | 7290000245799
54524,معطر و ملطف غسيل مسك 4 لتر / زهري,3,6253804491435 | 6253804491411 | 6253804491428
54526,مطري غسيل بيور بالعطر الاضافي بلاك 1.5,6,7290001713709 | 7290001713747 | 7290001713686 | 7290001713723 | 7290001713716 | 7290001713693
54527,معطر غسيل لينور 900 مل - Lenor موف,3,8001841317830 | 8001841317861 | 8001841317892
54528,مطري غسيل ماجيك تاتش 1 لتر / زهري,4,7290001245903 | 7290001245927 | 7290001245910 | 7290001245934
54529,معطر نايس ميجا 1050 مل متعدد الاستعمال -,3,6253501832319 | 6253501832326 | 6253501832333
54531,مغعطر غسيل فريدا  لتر - FRIDA - زهري,1,6224008668688
54539,,2,2000127115630 | 2000127115623
54546,كمفورت بكيت ندى الربيع 400مل - comfort,1,6221155060242
54547,,1,7290019750055
55001,رغوة حلاقه جيليت 200مل Gillete,2,7702018980932 | 7702018980925
55003,غسول فم فارما كير 500 مل Total Care,3,7290106264137 | 7290106264144 | 7290106265677
55005,غسول للفم ليسترين 250 مل ابيض,6,57466 | 5010123703431 | 5010123714246 | 5010123703509 | 3574660415483 | 3574661203126
55006,غسول للفم ليسترين 500 مل نعناع,5,5010123703585 | 5010123703547 | 3574661203195 | 3574661337210 | 3574660415506
55009,فرشاة اسنان رقم T635,4,6934741716354 | 6934741706355 | 6934741709196 | 6934741709165
55012,,1,4987176202420
55013,فرشاة اسنان اورال بي 2 قطعه 1+1,4,3014260023010 | 3014260022891 | 3014260022860 | 3014260022952
55014,فرشاة اسنان اورال بي الترا كلين Soft,2,8888826016557 | 8888826016564
55016,فرشاة اسنان اورل بي + غطاء Shiny Clean,2,3014260786847 | 3014260010461
55021,فرشاة اسنان بانت,2,8690555512442 | 8690555510127
55023,فرشاة اسنان بست للاطفال,3,7290006585370 | 7290100824047 | 7290100824016
55025,فرشاة اسنان اطفال دوركو مع هدية,1,6928158555385
55030,,1,6948122306263
55031,فرشاة اسنان كولجيت اكسترا كلين Extra Clean,1,8901314837899
55035,فرشاة اسنان لاكتونا,1,41673520389
55040,معجوم اسنان انكور اخضر 150 جرام + فرشاة,4,5060058531081 | 5060058531012 | 5060058531067 | 5060058531074
55041,معجون اسنان اطفال فلورو 50 جرام Fluoro,1,6223001389583
55042,معجون اسنان اطفال كودومو عنب 40 جرام,2,8888300800504 | 8888300800481
55043,معجون اسنان اطفال كودومو 80 جرام,2,8888300800443 | 8888300800467
55044,معجون اسنان اكوا فرش اخضر 100 مل,2,7290015366663 | 7290015366670
55045,معجون اسنان اكوافرش 125 مل اخضر,2,7290002674238 | 7290002674269
55046,معجون اسنان توم وجيري 50 جرام Tom Jerry,2,7290000146997 | 7290000146928
55047,معجون اسنان دابر هيربل 150 جرام + فرشاة,4,5022496181501 | 6291069700299 | 5022496181211 | 5022496181174
55048,معجون اسنان دانتيل بلس 200 جرام Dental,4,741472772063 | 741472772162 | 741472772070 | 741472772179
55050,معجون اسنان سانينو 100 مل /  Sanino,6,8690506471750 | 8690506471774 | 8690506471798 | 8690506471811 | 8690506471736 | 8690506549770
55051,معجون اسنان سنسوداين 75 مل - عادي Fresh,5,7290012938740 | 7290017031705 | 7290011745707 | 7290005084355 | 7290012938580
55052,معجون اسنان سنسوداين 75 مل - مطور,8,7290014059436 | 7290014059085 | 7290014901315 | 7290017031477 | 7290014901988 | 7290011743833 | 7290014901308 | 7290012938597
55053,معجون اسنان سيجنال 120 مل,4,6221048407833 | 6221048407918 | 6221155067012 | 6221155142740
55054,معجون اسنان سيجنال 120 مل + هدية Signal,2,6221155072733 | 6221155084446
55055,معجون اسنان سيجنال 25 مل,1,6221048407772
55057,معجون اسنان كرست 125 مل 155 جرام,1,5000174548990
55059,معجون اسنان كلوس اب 100 مل + هدية,1,6221048414923
55060,معجون اسنان كولجيت ماكسي فريش,4,8718951132641 | 8714789095653 | 8003510010196 | 8718951071292
55061,معجون اسنان كولجيت ماكس وايت,3,8718951166288 | 8718951175600 | 8714789423166
55062,معجون اسنان كولجيت 100 مل,1,7891024132173
55063,معجون اسنان كولجيت ماكس فرش 125 مل,1,5900273132161
55064,معجون اسنان كولجيت تربل اكشن 75 مل,1,7891024030974
55065,معجون اسنان كولجيت حماية 12 ساعه  ادفينس,3,7290008213493 | 7290004078379 | 8714789473970
55066,معجون اسنان كولجيت هيربال 100 مل Herbal,5,8718951076402 | 8718951076372 | 6920354812521 | 6920354835759 | 6001067021452
55067,معجون اسنان يورو فرش 50 جرام Euro,1,8690131674311
55068,معجون حلاقة اركو 100 جرام Cool,4,8690506093112 | 8690506093518 | 8690506093419 | 8690506395896
55069,معجون حلاقة شيفينج كريم 80 جرام Shaving,1,7290000244280
55070,معجون حلاقة في جوهان نعناع,4,8906010081256 | 8906010089870 | 8906010088415 | 8906010085049
55071,معجون حلاقة كريما 200 مل Crema,1,7290011765095
55072,معجون حلاقة نيفيا 100 مل SENSITIVE,1,4005808588640
55073,معجون حلاقة نيفيا 60 مل,1,4005808817719
55075,نكاش اسنان  TOOTHPICK,2,6948481818117 | 6959150040210
55082,معجون اسنان بارودونتاكس مبيض /,4,7290016866674 | 7290016866643 | 7290016866650 | 7290016866667
55086,رغوة حلاقة بخاخ أركو 200 مل / ARKO,6,8690506090043 | 8690506395902 | 8690506090029 | 8690506467234 | 8690506090067 | 8690506395926
55087,جل حلاقة بخاخ أركو 200 مل / ARKO -,6,8690506390907 | 8690506390938 | 8690506390921 | 8690506390891 | 8690506467227 | 8690506390914
55097,معجون اسنان سيجنال - مبيض المتكامل,2,6221155094254 | 6221155094315
55102,فرشاة اسنان REACH,5,3574660482560 | 3574660483581 | 3574660482706 | 6224008434948 | 8690600101362
55103,,1,6949501429108
55105,معجون اسنان كولجيت توتال  100 مل TOTAL,4,8718951175662 | 8718951176102 | 8718951226807 | 8718951226715
55107,نكاش أسنان خشب,1,6933961560488
55108,معجون اسنان سبايدر مان 60 غم من 2-6,4,8697659238179 | 8697659238148 | 8697659238162 | 8697659238155
55110,فرشة اسنان مجوز SAN -A ----E705-2,2,6934741727053 | 6934741729194
55115,فرشاة اسنان اطفال - SLIDER,1,7290104284106
55116,فرشاة اطفال * هدية,9,6971667823315 | 6946357190084 | 6971667823377 | 6957355230191 | 6946357142076 | 6946357130066 | 6954842276601 | 6947446410243 | 6928158527887
55118,فرشاة اسنان اطفال كولجيت 2-5 -COLGATE,2,6001067018049 | 6001067018223
55119,فرشاة اسنان كولجيت ماكس فريش Colgate,1,58000004481
55120,فرشاة اسنان كولجيت مجوز - DOUBLE,7,6001067001485 | 6001067017332 | 8693495048019 | 6910021100204 | 8714789183800 | 6001067017400 | 6001067024446
55122,فرشاة أسنان head3 soft,3,7610196003582 | 7610196003650 | 7610196003667
55126,فرشاة أسنان pearl white soft hard,3,7610196064514 | 7610196064545 | 7610196063852
55127,فرشاة أسنان with travel cap mediu,2,7610196017916 | 7610196017947
55128,فرشاة أسنان /matrix proteciton medium,3,7610196002516 | 7610196002509 | 7610196002523
55131,فرشاة أسنان swiss vlean soft,2,7610196019217 | 7610196019187
55136,معجون اسنان شاي - DISAAR 3 DAY,2,6932511217117 | 6932511219234
55138,معجون اسنان كلوز اب 150 جرام - CLOSE,1,8901030710780
55139,,2,8934839125516 | 6221155149992
55141,جل حلاقة لويال للبشرة الحساسة  200 مل,2,3600521605936 | 3600520303284
55143,جل حلاقة ايدج شوتنج 200 مل EDGE,1,7290000560540
55145,جل حلاقى نيفيا بخاخ 200 مل NEVEA,1,4005808817306
55154,مضمضة ليستراين 500 مل LISTERINE اكثر,3,3574661253367 | 3574661303932 | 3574661177137
55155,,4,6978046831134 | 6978046831144 | 6978046831114 | 6954842276694
55157,,1,6971104328366
55160,,1,6221048413452
55162,معجون اسنان كلوز اب 160 جرام - CLOSE,1,8934839122508
55164,,2,6935448301010 | 6223002532629
55166,معجون حلاقة 100 مل - لورد,3,6222001551686 | 6223002840021 | 6291069653519
55173,,1,8690506546489
55174,معجون اسنان سجنال,4,6920354812866 | 8934839125523 | 6281001112044 | 8410372242304
55175,,2,5056170343565 | 6971621570163
55184,,1,8714789732701
55503,شفر حلاقة بست حريمي 5 قطع Best 5,2,7290106260702 | 7290106260696
55510,شفرات حلاقة بريزتاين رجالي,1,809691041046
55515,شفرات حلاقة جيليت فيوجن,1,7702018874460
55517,شفرات حلاقة جيليت ماك 3 4 قطع,1,3014260243531
55518,شفرات حلاقه 5 شفر,1,3014260287481
55525,,1,1426026588
55526,شفرة حلاقة جيليت 1 قطعه,1,3014260287047
55527,فرشاة حلاقة,1,90001
55553,,0,
55554,,1,6222001557015
55558,,1,7702018482740
55560,ماكينة حلاقة مع شفرات غيار  TRITANIUM-,1,809691041060
55564,,1,6222001562293
55569,,1,6972518493060
56001,محارم الربيع 170 جرام - بكيت,1,8682207002043
56006,محارم بريدو 200 جرام Predo,1,8680716084048
56008,محارم بيونير 160 جرام - بكيت,2,4523366336003 | 2005141942002
56009,محارم بيونير 180 جرام - بكيت,1,6926673109144
56010,محارم بيونير 400 جرام,1,4588874541400
56013,محارم بيونير 800 جرام - 160 جرام × 5 باكو,1,4955590589083
56014,محارم بيونير 800 جرام - باكو × 10,1,4588558855205
56015,محارم بيونير 900 جرام - 180 جرام × 5 باكو,1,6926673110737
56019,محارم روزس 250 جرام,1,6235894455665
56020,محارم روزي 1 ك,1,6934478416886
56022,,1,6964329130401
56028,محارم سيلا 100جرام - باكو × 10 بكيت,1,2007000700907
56029,محارم سيلا 90 جرام - بكيت,1,2007000707784
56034,ورق فاين برائحة الفراولة,4,6251001218732 | 6251001218725 | 6251001218701 | 6251001218749
56039,,1,9721007777771
56044,محارم مايلو  250 جرام - 200 فطعة,1,8698996006117
56045,ورق محارم ديزني ميني ماوس 100 جرام - احمر,2,8033661564354 | 8033661569625
56050,,1,4988144226653
56051,ورق محارم  نواعم 120 غرام,2,7296073134114 | 7290103710002
56053,ورق محارم ديباج 400 ورقة,2,6224010303225 | 6224010303171
56061,,1,2106000530627
56070,,1,400198156747
56071,,1,6924041878227
56091,,1,200924905797
56110,ورق محارم ديباج 500 ورقة,1,6221451523694
56121,,2,2007935846466 | 2009179987776
56122,,1,1341012020259
56125,ورق محارم مناديل اوكسجين الناعمة 1 كيلو,1,2015380974047
56143,باكو * 5 محارم سوفت 100 ورقة اسرائيلي,1,7290015835978
56150,,1,6224000510268
56152,,1,6223001241904
56155,,2,4556873284864 | 6802467746330
56156,,1,6940074916828
56162,محارم 200 منديل,1,9780201379655
56185,,1,8698996006483
56186,,1,6945776632786
56197,,1,6223001240655
56200,,1,7290006784452
56209,,1,6224009939619
56213,,2,6224009893225 | 6225000300859
56223,,1,6224008660569
56224,,1,6224008660576
56226,,1,7290013668165
56231,محارم تواليت لارين قطعة اخضر,1,6802467746880
56234,,1,7290121045438
56500,ورق تواليت بيرفيكت 32 رول Perfect,2,7290103702755 | 7290103703097
56502,ورق تواليت بيونير 16 رول,1,4955711109664
56507,ورق تواليت سوفتي 16 رول Softy,1,8697429726677
56509,ورق تواليت سوفيا موف 16 رول,3,8698996001334 | 8698996000030 | 8698996003208
56521,ورق تواليت مطابخ 8 رول,3,7290015835930 | 7296073230663 | 7290103702687
56525,,1,8690530134546
56526,,0,
56531,,2,8698996004861 | 8698996005431
56535,ورق تواليت سوفيا 32 / رول موف sofia,2,8698996000054 | 8698996001808
56552,معطر ارضيات بريحة التفاح 1 لتر فريدا -,9,6224000855321 | 6224000855192 | 6224000855215 | 6224000855239 | 6224000855246 | 6223006130265 | 6224000855307 | 6224000855253 | 6224000855260
56555,ورق تواليت دريم لاند 32 رول,1,2008386919914
56557,,1,6223001241164
56562,,1,8697436999286
56565,,1,7290103702540
56576,,1,7290017729398
56578,,1,6223001241119
56598,,2,6253503760450 | 6251637002799
56599,,1,8690536010028
56610,تواليت حمام الياسمين 32 قطعة,1,7290015483780
56804,ورق مبلل بست ازرق 72 قطعة - ازرق,3,7290010113606 | 7290006584663 | 7290006584670
56805,ورق معطر فور ماي بيبي 72 قطعة 4 my,0,
56807,ورق مبلل تندر 72 قطعة,2,7299748512323 | 6201529851348
56808,ورق مبلل تندول 72 ورقة Tendol,1,8002896423149
56809,ورق مبلل جولدن تفاح 100 ورقة Green,8,8697434120354 | 8697434120347 | 8697434121030 | 8697434120361 | 8697434120965 | 8697434121238 | 8697434120972 | 8697434121221
56810,ورق مبلل جولدن الوفيرا 120 ورقة Golden,4,8697434121153 | 8697434121320 | 8697434121337 | 8697434121214
56811,ورق مبلل جيجلس 60 ورقة بالليمون,2,8680131203604 | 8680131203635
56812,ورق مبلل جيجليس 72 ورقة,3,8680131200573 | 8680131202263 | 8680131203567
56813,,3,8694965528291 | 8694965521810 | 8694965528307
56817,ورق مبلل فلاي فكس 60 ورقة,1,8699415418351
56821,,0,
56823,ورق مبلل مولفكس 60 قطعة Molfix,1,8690536855100
56825,ورق مبلل ميلو 32 قطعة Mellw,1,7304365476856
56829,ورق مبلل جينا 60 قطعة - Gina اصفر,3,8697453256966 | 8697453256935 | 8697453256942
56833,,1,8800009421286
56834,كلنس معطر ديتول 60 ورقة Dettol  - ليمون,1,7290112000842
56843,ورق مبلل د . فيشر 4 باكو,1,7290017917283
56845,ورق مبلل د . فيشر 3 قطعة,1,7290013652171
56846,ورق مبلل د فيشر 30 ورقة,1,7290013652140
56861,,2,6772504586109 | 6772504586024
56865,,3,6224009939473 | 6224009939138 | 6224009893904
56870,,1,6253005866728
56871,كلنس معطر  -toujours,1,20007461
56873,,2,8412121300808 | 8014002008010
56880,,1,6224009890217
56881,,2,6224009890163 | 6224009890187
56882,,1,9720006295606
56884,,2,6225000300835 | 6253804990266
56885,,2,6224008748182 | 6224008748601
56886,,1,7296073496625
56889,,1,9477453786279
56890,,1,7290120871380
56891,,1,6253355700048
56895,,1,7290015325714
56897,,3,6253808841496 | 6253808840369 | 6253808840512
57000,ورق مطابخ بيرفكت 6 رول Perfect,3,7290103702731 | 7296073230656 | 7290103704650
57001,ورق مطبخ 6 رول دبل          -   ماجيك,1,7296073403395
57002,ورق مطبخ 8 رول - دبل lOVELY,1,7290103703844
57008,ورق مطبخ لاكي سوفت 2 رول Lucky Soft,1,7290005788796
57009,ورق مطبخ لاكي سوفت 6 رول Lucky Soft,1,7290005788802
57032,,1,8690536019021
57038,,1,7290111099359
57039,فوط حريمي اولويز 14 قطعة,1,8700216913058
57502,حفاظات ايسر رقم  2,4,8697463008920 | 8697463008937 | 8697424850308 | 8697424850315
57503,حفاضات ايفي بيبي رقم 5,4,8690506405083 | 8690506405052 | 8690506405076 | 8690506405069
57506,حفاضات بادليرس رقم 3 -- 40 قطعة Midi,5,8681371830094 | 8681371830018 | 8681371830056 | 8681371830179 | 8681371830131
57507,حفاضات بامبرز دبل رقم 6  اكتيف,1,250001
57508,حفاضات بامبرز دبل 46 قطعة رقم 4 Pamper,7,8001090784001 | 8001090724496 | 4015400649649 | 4015400649687 | 4015400530527 | 8001090724304 | 8001090784124
57512,حفاضات بامبرز رقم 1 -- 27 قطعة  Pampers,2,8001090783967 | 8001090784407
57515,حفاضات بامبرز عادي 16 قطعة رقم 6,5,8001090783929 | 8001090783882 | 8001090783844 | 8001090783806 | 8001090784445
57516,حفاضات بامبرز كرتون رقم 3,2,4015400737315 | 4015400311805
57517,حفاضات بريدو رقم 3,8,8680716084574 | 8680716084567 | 8680716084017 | 8680716084581 | 8680716085250 | 8680716084598 | 8680716084000 | 8680716084550
57518,حفاضات بريدو دبل رقم 3,10,8680716084406 | 8680716084611 | 8680716084420 | 8680716084413 | 8680716084390 | 8680716085236 | 8680716085328 | 8680716085267 | 8680716085298 | 8682511110366
57519,حفاضات بريدو كلوت رقم 3 -- 44 قطعة Predo,5,8682511110199 | 8682511110205 | 8682511110212 | 8682511110229 | 8682511110236
57521,حفاضات بريلا دبل رقم,2,8681146511111 | 8681146510152
57522,حفاضات بيرلا رقم 3,2,8681146511036 | 8681146511029
57523,حفاضات تافي رقم 4 - 16 قطعة  TaffY,2,8681020801239 | 8681020801222
57524,حفاضات توتوليم بريميوم رقم 3,1,7290000201832
57528,حفاضات جيجليس ضبل رقم 2 -- 76 قطعة Mini,5,8680131200177 | 8680131200184 | 8680131200191 | 8680131200207 | 8680131200856
57530,حفاضات سالي رقم 4 -- 36 قطعة  Maxi,2,8681217103115 | 8681217103108
57531,حفاضات سالي دبل رقم 4 -- 60 قطعة  Maxi,1,8681217103177
57532,حفاضات ستريتش رقم 2 -- 50 قطعة,4,7290005788376 | 7290005788383 | 7290005788390 | 7290005788406
57533,حفاضات سليب بيبي رقم 4,12,8680716086028 | 8680716086042 | 8680716086080 | 8680716086011 | 8680716086035 | 8682511112087 | 8682511112032 | 8680716086097 | 8682511112018 | 8682511112049 | 8682511112025 | 8682511112094
57534,حفاضات سليب بيبي دبل رقم 3,9,8682511112278 | 8680716086271 | 8680716086264 | 8682511112285 | 8680716086288 | 8680716086301 | 8682511112261 | 8682511112292 | 8682511112254
57535,حفاضات سليبرز رقم 5,5,8680716084970 | 8680716084949 | 8680716084956 | 8680716084963 | 8680716084932
57536,حفاضات سليبي دبل رقم 3 -- 68 قطعة Midi,6,8697512328030 | 8697512324643 | 8697512328061 | 8697512328382 | 8697512323066 | 8697512328399
57537,حفاضات سليبي عادي رقم 5 -- 32 قطعة Junior,6,8697512322533 | 8697512321826 | 8697512321932 | 8697512321840 | 8697512324919 | 8697512324971
57538,حفاضات شوقة رقم 2,4,8680589160016 | 8680589160023 | 8680589160030 | 8680589160047
57542,حفاضات كان بيبي -  رقم 3 -- 68 قطعة,11,8690742151881 | 8690742151898 | 8690742151904 | 8690742151911 | 8690742152109 | 8690742100643 | 8690742150143 | 8690742100896 | 8690742100780 | 8690742100797 | 8690742150709
57543,حفاضات كان بيبي رقم 1 -- 60 قطعة New,7,8690742100940 | 8690742100742 | 8690742100735 | 8690742100728 | 8690742100711 | 8690742100704 | 8690742100865
57545,حفاضات كان بيبي مقاس M للمسنين  Canbebe,2,8690742310233 | 8690742310127
57546,حفاضات لجيز 20 قطعة رقم 5,4,8699415415862 | 8699415415848 | 8699415415831 | 8699415415855
57547,حفاضات لطيف رقم 2--52 قطعة Mini,5,8681212064091 | 7290108352733 | 8681212064114 | 8681212064121 | 8681212069072
57548,حفاضات ماركو مسنين 15 قطعة MARCO,1,2007994240090
57549,حفاضات مسنين15 قطعة Morecare xl,1,8690879429105
57550,حفاضات مسنين سليبي 16 قطعة M,2,8681212061007 | 8681212060994
57551,,1,7290013412294
57552,حفاضات  مسنين  15 قطعة noma XL,1,7290013412317
57553,حفاضات مولفكس 42 قطعة رقم 2 Midi,13,8690536840854 | 8690536840885 | 8690536840915 | 8690536840946 | 8690536840960 | 8690536813261 | 8690536813148 | 8690536812561 | 8690536814107 | 8690536800643 | 6224007557020 | 6223007653541 | 8690536833900
57555,حفاضات هاجز رقم 3 - 42 قطعة  HUGGIES,8,7290000190464 | 7290000197456 | 7290000190495 | 7290000197463 | 7290111346538 | 7290000197678 | 7290000197425 | 7290000197548
57557,حفاضات يس بيبي رقم 4 -- 36 قطعة,6,8697512324568 | 8697512324742 | 8697512324896 | 8681212069225 | 8697512324964 | 8697512324681
57560,حفاضات بي بست  رقم  1,6,8697512328306 | 8697512328313 | 8697512328320 | 8697512328337 | 8697512328344 | 8697512328351
57566,حفاضات جيجيلس عادي - رقم 2 /40 قطعة,4,8680131202812 | 8680131202829 | 8680131202836 | 8680131202843
57567,حفاضات كان بيبي مقاس زيرو /24 قطعة,9,8690742150471 | 8690742162139 | 8690742160586 | 8690742160593 | 8690742160609 | 8690742160616 | 8690742160623 | 8690742160630 | 8690742162672
57568,حفاضات كان بيبي مقاس3 / 68 قطعة -حجم كبير-,7,8690742162627 | 8690742162634 | 8690742162641 | 8690742162658 | 8690742162665 | 8690742162986 | 8690742162993
57569,حفاضات بامبرز فلاي فكس نمرة 2,4,8699415412014 | 8699415412298 | 8699415412083 | 8699415412113
57570,حفاظات اطفال Paris نمرة 1,6,8682408649054 | 8699050986277 | 8699050986284 | 8699050986291 | 8682408649375 | 8699050986314
57572,حفاضات بامبرز بيبي رقم 3 / 38 قطعة دري,7,8001090336408 | 8001090336606 | 8700216363228 | 8700216350402 | 8700216350310 | 8700216350396 | 8700216350433
57573,حفاضات بامبرز رقم 5 /78قطعة أكتيف بيبي دري,2,8001090459169 | 8001090614605
57574,حفاضات شيكمة سوير نايت  xl,2,7290000194141 | 7290000195032
57576,حفاضات بامبرز تافي / Taffy - ميدي 34قطعة,6,8681020801017 | 8681020801024 | 8681020801031 | 8681020801000 | 8681020801475 | 8681020801604
57577,حفاظات بامبرز جوسي 36 قطعة رقم 3,4,8680131204175 | 8680131204182 | 8680131204168 | 8680131204199
57580,حفاضات سيتي بيبي 40 قطعة مقاس 2,2,6222066001041 | 6222066001034
57581,حفاضات بريدو رقم 6,6,8680716084307 | 8680716084277 | 8680716084260 | 8680716084550 | 8680716084291 | 8680716084284
57582,حفاضات بريلين بيبي - preline رقم 2 - 80,5,8697424851633 | 8697424851510 | 8697424851527 | 8697424851534 | 8697424851541
57583,حفاظات بونيمو رقم 2 - 54 قطعة,4,8680976600057 | 8680976600064 | 8680976600071 | 8680976600088
57584,بامبرز بيبي نايس Baby Nice نمرة 2,4,8697408880000 | 8697408880017 | 8697408880031 | 8697408880024
57587,حفاظات جبجو -مقاس 2-44قطعة,3,8697424859349 | 8697424859356 | 8697424859363
57588,بامبرز يس بيبي Yess Baby رقم 3 (56 حبة),3,8697512324759 | 8697512324810 | 8697512324865
57589,حفاضات اليجانس بيبي Elegance Baby نمرة,5,8682368910478 | 8682368910461 | 8682368910454 | 8682368910447 | 8682368910485
57590,حفاضات مينو بيبي mino baby رقم 2 عدد 44,4,8699986800494 | 8699986800500 | 8681812035071 | 8681812035064
57591,حفاضات بيبش 42 قطعة رقم 2  bebish,4,8699096960248 | 8699096960255 | 8699096960262 | 8699096960286
57592,حفاضات بامبرز ستي بيبي رقم 5 - 40 قطعة,1,745178385053
57594,حفاضات بامبرز برستيج رقم 5 - 28 قطعه-,3,8100200300107 | 8100200300138 | 8100200300145
57595,حفاضات بامبرز بيبي ستي 2  -40  قطعه,1,745178385022
57608,حفاضات هاجز HUGGIES - رقم 1 - 40 قطعه,2,7290000263359 | 7290000191225
57609,حفاصات بامبرز  لولي  رقم 6 - 20 قطعه - luall,5,8681371831237 | 8681371830797 | 8681371830803 | 8681371830810 | 8681371830827
57610,حفاضات بامبرز اميبز رقم 4 - 21 قطعه,4,7290005783234 | 7290005783210 | 7290005783241 | 7290005783227
57611,,3,6224007675885 | 6224007675861 | 6224008754015
57612,حفاضات بامبينو رقم 5 -- 36 قطعة,5,8697512329211 | 8697512329068 | 8681212069065 | 8697512329204 | 8697512329198
57620,,2,8680131206377 | 8680131206384
57622,,2,3760199680229 | 3760199680236
57623,,7,7290017088068 | 7290017088051 | 7290017088082 | 7290121603652 | 7290017088099 | 7290017088075 | 7290017088969
57625,,4,6978694523164 | 6978694523171 | 6254000113848 | 6254000113855
57801,اولويز الترا نايت 24 قطعة - always Ultra,2,4015400731719 | 4015400755487
57802,فوط بيراك زهر 8 قطع Berrak,2,1950759972175 | 1950759972164
57803,اولويز بيونير,2,4955154058895 | 4955154058888
57804,اولويز ماكسي 16 قطعة - دبل Always Maxi,1,4015400267126
57805,اولويز ماكسي 18 قطعة Always Maxi,3,8001841344058 | 8006540134948 | 8006540403518
57806,فوط جنيرال 8 قطع,3,2005624804704 | 6902008058028 | 6902008057571
57807,فوط حريمي سليبي رقم 1,3,8681212064817 | 8681212064831 | 8681212064824
57809,فوط حريمي ليدي يومي,3,3800380031543 | 3800380031536 | 6254000113121
57811,فوط روزي - 9 قطع  Rozy Medium,2,6925329911124 | 6925329911117
57813,فوط كارولي 45 NORMAL,2,4000576450809 | 4000576465803
57814,فوط حريمي هاي ماما 15 قطعة,1,1987010100007
57815,فوط يا ماما 14 قطعة,4,1554125442539 | 15541 | 4125442539 | 8725442539
57816,فوط يومية كوزميا 62 قطعة Cosmea,5,4000576020637 | 4000576030582 | 4000576030605 | 4000576022969 | 4000576022983
57817,فوط يومية كير فري Long,2,3574660334890 | 3574660334937
57818,فوط كيري فري عادي,14,3574660323696 | 7290010570225 | 7290010570232 | 3574660322675 | 3574660322699 | 7290010570218 | 3574660322637 | 3574660323764 | 3574660322613 | 3574660322590 | 3574660625790 | 3574660625769 | 3574660709216 | 3574660534405
57819,فوط نسائية طويل (10) TURCO,6,8681212064749 | 8681212064756 | 8681212064763 | 8681212064770 | 8681212064787 | 8681212064794
57820,فوط نسائية First Lady قصير 10ق,2,8680131200559 | 8680131200566
57822,فوط صحية مونتي - MONTY ازرق,3,5346367374350 | 5346367344445 | 2023030501383
57823,فوط صحية نسائي نواعم / كبير 8 قطع,2,6005956667714 | 6005956667721
57824,فوط نسائية كوتكس / Kotex - سوبر بلس,3,5029053510828 | 7290000199313 | 5029053510811
57826,اولويز gizlady,1,8681020802441
57832,حفاضات نسائية لونج بالاجنحة 20 قطعة نايت,3,8001841217932 | 8001841218175 | 8001841217574
57835,,4,6253005830576 | 6192400655141 | 8006540502877 | 6192011803818
57836,فوط صحية بوميكس ليدي - POMIKS,1,8697408856456
57837,فوط اولويز نسائية فول داي بالاجنحة,1,4521110152527
57839,,2,3574661486321 | 3574661486314
57841,فوط صحية نايس ليدي فريش 20 قطعة - nice,3,8681020801505 | 6253005864441 | 6253005830514
57842,فوط صحية نايس ليدي الترا 8 قطع - nice,2,8681020801314 | 8681020801321
57843,فوط صحية نايس ليدي الترا 28 قطعة- nice,2,8681020801413 | 8681020801420
57852,اولويز ماكسي 16 + 2 قطعة Always Maxi -,2,8700216043991 | 8700216913188
57855,,1,8006540403594
57856,فوط نسائية اولويز الترا 12 قطعة always,3,8001841971414 | 8001841217758 | 4015400612469
57859,,2,8682511110755 | 8682511110731
57864,,1,6223007653244
57870,معجون اسنان 100 جرام - VI JOHN,1,8906010086725
57879,فوط صحية قطع 7  قطع,3,8719497830886 | 8690536842216 | 6281008565126
57884,,1,6222022100269
57885,فوط صحية قطع بارفو 18 قطع,1,8690536831807
58000,,3,8690997030009 | 8690997085443 | 8690997030030
58833,معطر ومنظف مركز 200مل,1,6253339113888
58902,,1,2007705697014
58903,,1,8692730500176
58904,اسفنج جلي 5 قطع- الانورا,3,8690090777009 | 2021102311274 | 6318811514239
58907,سلك جلي اكسترا,2,7299001159821 | 8697653000437
58908,,1,1111858652101
58912,اسفنج جلي سبونج 3 قطع,4,6930958820310 | 6936667505166 | 6926370665868 | 6957404928932
58915,اسفنجة جلي سانو سوشي 4 قطع 9 × 12.5,1,7290000295299
58916,اسفنجة جلي سانو سوشي 6 قطع 9 × 12.5,1,7290000286228
58917,اسفنجة جلي سبونتكس 1 قطعة Non Scratch,1,3384123183701
58918,اسفنجة جلي سبونتكس 1 قطعة Stay Clean,1,3384122231700
58919,اسفنجة جلي فيلدا 2 قطعة Vileda Glitzi,1,4003790009822
58920,اسفنجة جلي كالي بوس 1 قطعة Calypso,1,3384123118901
58922,,1,6972205100714
58924,اكياس حراري ابو حميد 10 كيس,1,9522111112331
58927,تب التمساح اسود 8 متر,2,2013935391035 | 2450784250715
58930,جلاتين طعام سانيتا 20 متر - 30 سم,1,8869741574391
58931,جلاتين طعام سلفانو 95 متر - 30 سم,1,2008732648338
58932,جلاتين طعام سلفانو 95 متر - 45 سم,1,2008732648192
58934,حبل غسيل 10 متر أزرق,5,9990413 | 6997512131343 | 3310825237008 | 6930603700158 | 8475126432523
58935,,2,6957868586754 | 6946110900097
58941,سلفان ابو حميد 10 متر,1,9725123456114
58942,سلفان ابو حميد 1200 جرام,1,9725123456220
58943,سلفان ابو حميد 1400 جرام,1,9725123456442
58944,سلفان ابو حميد 2000 جرام,1,9725123456336
58945,سلفان ابو حميد 3 متر,1,9725123456206
58952,سلك جلي سكورينج 2 قطعه,2,6932456224447 | 6930958820228
58955,شفاطات بلاستيك,2,9990158 | 6922621710349
58956,شفاطات زمبرك,2,9990157 | 6624000423054
58957,شفاطات زمبرك 200 قطعة,1,6253504182589
58960,صحن بلاستيك ابيض 17سم / فول,3,6253504182565 | 8692174545122 | 7290114162593
58963,صحون بلاستك 21 سم -- 50 قطعة plast,2,8692174545160 | 8692174545177
58965,,2,8699237893305 | 997012
58970,صحون بلاستيك حمص حجم وسط,5,8699237898812 | 8697641120079 | 7290001716649 | 8699237893718 | 8699237898829
58974,,3,6109856234110 | 7290010711413 | 7290018929223
58975,,1,8014595020857
58977,,1,3350764758325
58978,عيدان للاذن بلاستيكية 56 قطعه,4,6238003800394 | 6923480921310 | 4747373814437 | 6923484092603
58980,,1,7290011459628
58982,,1,150062
58984,,3,7290013668059 | 6224007705339 | 769503193694
58985,,1,150037
58999,فوط مسح غبرة اكستر 4 قطع,2,7290100827055 | 7290100825334
59001,فوط مسح غبرة روز 4 قطع,1,8697460570307
59005,قداحة  1 شيكل,1,2005994413254
59006,,3,6972857488406 | 6906858300344 | 7290005617621
59007,,1,8000092108518
59010,قشاطة بلص شين 55سم Al-anwer,1,6972857480196
59015,,2,8697409841475 | 8680602002057
59020,قفازات جلدية اكسترا -LARGE,3,7290100826416 | 7290100826423 | 7290100826430
59021,قفازات جلدية سبونكس زهر M,2,3245421161573 | 3384122102376
59024,كاسات بلاستيك شفاف,10,8691239295156 | 8692388602186 | 8691239280497 | 8691899052014 | 8697781932211 | 8698585273257 | 414 | 795847973821 | 5231468962394 | 9720586100048
59025,كاسات بلاستيك 200مل للبراد,2,8691257700021 | 7290008102780
59026,كاسات كرتون 50 قطعة-- 110Z - سميركو,4,9725930294084 | 9780201379952 | 5205998829694 | 6955294400583
59027,,3,6955294400569 | 9683000042617 | 6253804994080
59028,,2,8682232231043 | 2007910802128
59029,كاسات كرتون 50 قطعة-- 2.5 0Z,14,8682232233023 | 2005970117015 | 7290113288874 | 676737905149 | 6251953000744 | 5864121456710 | 6564856555427 | 6925141447252 | 6953488301258 | 6932501895325 | 6767375138630 | 6251953001413 | 6253804992901 | 7299854145354
59030,كاسات كرتون 50 قطعة -- 40Z,9,1205998829698 | 6955294400590 | 345233 | 6253504180295 | 7290008589703 | 6251586064113 | 6925141447443 | 404040404048 | 6933863745013
59031,,5,6767377221800 | 7299854145255 | 4739348577856 | 6933863745020 | 9780201379624
59034,كاسات كرتون50 قطعة --80Z,4,7290014731028 | 9990347 | 2106000551769 | 7290002560982
59036,كيس حفظ الطعام 12قطعه 20*25,4,8691014300532 | 86916554 | 8691014109319 | 8691014100019
59039,,1,6972857480042
59042,,1,6224002659187
59044,مجرود +فرشاة,3,8682376140027 | 8682376140010 | 138199170331
59045,,2,8680845009042 | 6224007705421
59048,,1,150064
59050,معالق بلاستيك صغيرة شفاف,3,8681002061699 | 8694875231571 | 6000001116575
59051,معالق بلاستيك مقوا لون ذهبي,4,8691204710202 | 8699273550026 | 997003 | 7290114162210
59052,معالق سلفان مقوى عدد20 حجم كبير,1,9344194024451
59064,مكنسة ناعمة 3 شيقل -- نورمل,1,8692154783698
59068,مكنسة ناعمة راس مقوس,1,8435319900147
59070,مكنسة خشننة قاعدة خشبية,3,9990352 | 6221999420516 | 2106000550731
59074,ملاقط غسيل بلاستك شمس 16 قطعة,1,6951663870131
59077,,2,6968693262089 | 6968693262065
59078,ملاقط غسيل مولتي بلاستيك 10 ملقط - shiny,1,7290017374840
59083,ملاقط غسيل خشب 20 قطعة,2,6934578359175 | 8020360000542
59087,,1,6072149666304
59088,ممسحة سانو سوشي 4 قطع - 80 × 50,1,7290005424113
59093,نايلون تغليف الاطعمه 30 متر,1,7290100827369
59104,نايلون للمهملات 60*55 - 20 كيس,2,8691014300594 | 8691014300587
59105,نايلون للمهملات 50سم 70سم,2,2002612144569 | 7290100826072
59108,نكشات اسنان خشبية,2,6958462118846 | 6936508400186
59118,ورق زبدة قطعه مشكل,4,8950340302796 | 8950340302802 | 8950340302826 | 8950340302819
59119,ورق زبدة 10 متر,2,170007 | 9888887777441
59125,,1,8014595002198
59126,مكنسه ايطالي  - ITALY ROSE,1,7290013668011
59128,مكنسه ملون ايطالي احمر,3,8019770569701 | 2005250026907 | 8000798000659
59129,,1,8681429570088
59138,,2,7296073078838 | 7290019337225
59147,ليف جلي محفظة,3,6928794601088 | 5100000037725 | 7290019750949
59149,سلكة جلي زمبرك اسبونجا بلاتا ESPONJA,1,7753697000442
59152,,1,9966000005061
59157,صحون بلاستيك سفاري وسط 17 سم safary,1,8682106007507
59160,صحون بلاستيك سفاري وسط 19 سم safari,1,8699237898836
59161,صحن مدور ملون 26 سم -- 20 قطعة,2,8692174545191 | 8692174545184
59162,صحن بيضاوي أصفر 26 سم -- 25  قطعة,2,8692174546198 | 7290016296242
59163,صحن زبادي صغير ابيض -- 25 قطعة,3,8697781932985 | 8692174546204 | 6253504182367
59169,قصدير سلفان 1كيلو / 30سم -- الشوا,2,59420008431 | 59782777501
59173,,1,6953541013029
59183,نايلون أببيض رطلين / 500 جرام,1,9900000050016
59185,,1,6253344004973
59191,,1,4896045373768
59198,,1,7290016898521
59210,اكياس قمامة كليف 60 كيس - 65 × 52,1,8591235647853
59219,,1,8697641781713
59223,اسفنج جلي مفرد باكو×6قطع,3,5991414135653 | 7290015835114 | 7290013054128
59224,اسفنج جلي محفظة اسرائيلي,5,5991414135301 | 7290015835091 | 5991414135554 | 7290003388622 | 6251061000315
59225,اسفنج جلي محفظة 3قطع,0,
59242,,1,7290018929001
59243,,2,8654525632547 | 254613524648
59255,,1,7290016170283
59257,صحن مقوى صغير 25 صحن ملون سيم - SEM,3,8691257123127 | 8691257700144 | 8691257400785
59260,,1,6957404913358
59261,فرشاة تواليت مربعة - حمام ملون,2,8800000001593 | 9900000001599
59270,سلك جلي زمبرك بكيت×4قطع صن داي /,3,6957404902321 | 7290016564488 | 6985182247006
59279,مكنسة بلاستك ملون,2,9900000001506 | 7290016117691
59282,فرشاة بلاطين كابوي سوبر,2,6221999131801 | 76950319369
59287,,1,6958227100482
59289,مجرود + فرشاة بلاستك ملون,2,8697641781744 | 186579650034
59290,فرشاة حمام دائرية الماسية,1,8800000001180
59292,,1,6958227107023
59296,اسفنج جلي ملون 4 قطع - NEON,1,627465227904
59300,مكنسة شامو ناعمة بني  / Shamo,2,7290013875327 | 7290013875525
59304,,2,8692154783254 | 8014595000965
59307,,1,8697441213353
59309,,1,2021102311328
59321,,1,9812345678995
59330,,1,6253344004393
59344,قداحة غاز بلاستيك للفرن,2,300010 | 6102017501939
59347,رول نفايات 60 كيس 52 × 65 مع رباط,2,6253344003785 | 7290006378866
59348,صحن سلفان الشوا عميق 12 صحن,5,155070123453 | 102060123450 | 131040987652 | 129080123451 | 151507012390
59350,معالق بلاستك وسط شفافة -- 50 قطعة,2,8723527683212 | 6425767000539
59351,,3,8682106004582 | 8682106004605 | 8682106004506
59368,قشاطة تركي ملون 40 سم,1,8681429570231
59374,,7,96852439 | 96423653 | 6911988014320 | 2005124845238 | 7299854145262 | 726529122374 | 6933863745037
59376,لمامة سجاد 3 عجل  تركية,2,8697641781836 | 6972857480134
59378,شوك شفاف مقوى - المنارة,2,8695565878748 | 8695452615111
59380,محفظة اسفنجة جلي 8 قطعة داش - DASH,1,857401007714
59394,,1,9425184625794
59405,,1,7290016117608
59408,مكنسة سجاد سوبر,1,8697641781508
59411,,1,6001023713629
59421,فوط جافة Blues,1,4607068622333
59422,صحن سلفان المنارة مستطيل 10 صحن,4,2021998829679 | 2021998829686 | 2021998829655 | 2021998829662
59426,,1,6224009379118
59429,,1,6980580230520
59446,,2,1530669802190 | 6901234564518
59448,,1,8615489563544
59454,,1,6935201703174
59455,مفارش سفرة العالمية للتغليف 100 متر,1,798406023010
59456,,1,1234510
59478,,1,5622598132335
59486,,1,1111858652411
59491,,2,7290018509128 | 8691257400297
59514,صحن مدور ابيبض 26 سم -- 20 قطعة,2,8681867004916 | 7290016296785
59515,صحن بلاستيك ابيض 17سم -- 20 قطعة,3,6251953000966 | 8698996447262 | 7290036286254
59520,,2,7290114162586 | 7290018509777
59521,,1,7290018509555
59526,فرشاة حمام دائرية صغيرة الماسية,1,9900000000929
59531,صحن كاستو رومانتك 8 صحن 22 سم,1,6224008984061
59537,,1,6222002809007
59543,,3,6253504184552 | 6251953001055 | 6934932066626
59544,,2,7290114162159 | 6251953001208
59552,مكنسة ستايل شامو اكسترا بريش shamo,1,7290013875396
59555,,1,8695021564659
59557,,1,6253344004997
59576,,1,7290103153656
59581,,3,6780201379658 | 769503193632 | 1321412341239
59582,,1,6920250304014
59585,ممسحة ياسمين السحرية 1 قطعة 50×70 سم,2,6253804490933 | 6253804490940
59596,,2,7290018693988 | 7290121750127
59604,بطاريات ساعة OSDV عدد 2  AA1.5V,2,6950867100136 | 6950867100310
59608,بطارية جي بي الترا AA,2,4891199067402 | 4891199027659
59611,بطارية دوراسيل بلس 6 قطع AA6,2,5000394098756 | 5000394098886
59612,,1,6953139602390
59613,بطارية هونداي AA,2,7291044019179 | 7291044019216
59614,ثلج افراح جالا 150 مل Gala,1,6223006550353
59616,رضاعه بابليز للاطفال 250 مل,2,4225990889817 | 3225990889818
59618,رضاعه كاميرا للاطفال 240 مل,2,4711146500991 | 4711146500953
59620,سلفان سانيتا 10 متر عرض 17.2,1,9244525456855
59621,سلفان سانيتا 100 متر 1.300 جرام,1,995862110519
59622,سلفان سانيتا 900 جرام - 30 سم,1,855894221013
59623,سلفان عوفكو بلس 4 متر 45 سم Aufco,1,2001986198758
59624,,1,6959013600018
59625,,5,6959013600124 | 6962201605351 | 6959013600131 | 6959013600117 | 6949284600121
59627,,2,6983363122258 | 6949670500318
59652,فرشاة اسنان  ABAO,3,6942039960051 | 6957504806352 | 6942039964080
59653,,3,8855625556430 | 8855625557857 | 796554894430
59657,لاصق امير سوبر جلو,4,8681144069874 | 2005695859634 | 8681144006176 | 6933814700078
59660,,1,8802422000505
59661,,3,6972556770024 | 6971135072023 | 6971166771032
59668,مشط اسود اسنان,1,6915567768123
59669,نكاشات اذن دوريا   Doria,2,6934675100243 | 6970205630132
59671,نكاشات اذن بست 200 قطعة Best,1,7290100821916
59674,,1,7290013875808
59675,سياخ شوي 40 سم سميك,1,6989877718772
59676,فحم الملوكي 1 كيلو,1,599458151001
59692,مشط بلاستيك مربع عريض HUALI,8,6920911600745 | 6223014480352 | 6224001465154 | 6223014482707 | 6223014481625 | 6224001465161 | 6224001465512 | 6224001465437
59702,,1,6923480921297
59703,نكاشات اذن 100 خشب مربع - RVIQI,2,6932188458387 | 6934443132889
59708,نكاشات اذن شكل راس قلب JIA MEI,1,6964987981025
59709,نكاشات  اسنان خشب عنابي,3,6968372156050 | 6971324828172 | 6936582756049
59723,مشد كوع البو 727,7,6933232407276 | 6933232405029 | 6933232405043 | 6933232407252 | 6933232405050 | 6933232407269 | 6933232405012
59725,بلاستر ويلر ميد 100 قطعة - NUONING,1,6942249778880
59729,,1,7290104281815
59731,,3,5821212511802 | 2106000597897 | 5625654325528
59761,شمع  أعياد ميلاد + مجرود جاتوه - كرت,1,6923015280011
59767,شمع أعياد ميلاد أرقام سنوات,3,6931521574135 | 6954213217721 | 6682838968727
59771,شمع شكل أحبك,2,6987968600661 | 3201110040208
59784,,3,6910045025019 | 6920250921020 | 6920250921013
59785,شمع أعياد ميلاد أقراص شكل راس قلب,2,6922545754146 | 6298760762373
59789,,2,6006333341616 | 5428886523423
59807,مشط بست 4 ق best,1,7290100824085
59809,مشط شعر بست ملون,2,7290106265295 | 7290106265318
59810,فرشاة شعر بست عريض 8587,1,7290106266025
59832,فرشاة أسنان 1 شيكل,5,6971884928022 | 6954842288550 | 6949501499019 | 6954842288512 | 6937194605183
59840,اسفنج جلي 5 قطع AKKO,1,634479910814
59841,,1,6908522126533
59860,,1,6224001427220
59867,,1,2022877551988
59870,سلفان المنيوم فود  3 متر,2,2022599155723 | 2000112202116
59871,,1,6224007247198
59873,,1,8682538108315
59875,,3,4500000109810 | 6962201505408 | 8652665200008
59877,,1,5005645322147
59882,,2,6253344003822 | 611745301361
59893,,1,7290019165255
59895,,1,7290016296211
59897,صحن صغير بيضاوي زبادي سمكة,5,8692526541246 | 7290016489606 | 8682106147012 | 8682106165399 | 6253504181193
59902,صحون بلاستيك كلاسيتك 12 قطعه 20 سم -,1,7290114161855
59907,,1,6223003645878
59910,,1,94499696882
59911,,1,3800718504947
59927,,2,7290015835053 | 7290016117400
59940,,1,7290103700379
59942,كفات جلي طويل  اخضر,4,9556073212334 | 6932691800123 | 9556073212327 | 6973076770860
59950,,1,8695485751534
59951,,1,6780201379641
59955,,1,6971341370760
59956,,1,2012334434350
59959,اكياس حراري بوراك,1,2005673993992
59964,,1,6916954015059
59969,فرشاه اسنان فامي كول -Famicool,5,8901314200037 | 8901314524942 | 6930983993096 | 6930983993010 | 6930983993072
59970,,1,759675056576
59973,نكاشات اذن 100 قطعة,3,6250783128 | 8809058410135 | 6977954960213
59978,,1,7290000599267
59979,,6,202020202024 | 6253504181612 | 6253804992932 | 7299854145330 | 6253804992437 | 6955294400576
59980,كاسات كرتون 7 OZ / AG,8,707070707074 | 676737722180 | 8681367967131 | 6253804992925 | 6985101634238 | 8695571870708 | 676737956653 | 6253344004034
59981,,2,6953488300046 | 6251586063109
59985,,1,6253504184958
59986,,1,6251953001338
59999,,2,6001486435731 | 6933254554828
60001,,1,123456789012
60026,,1,6922276332767
60099,,1,7290014581036
60119,,1,6253504184835
60150,ليفة جسم بشكير,0,
60474,قلم اي لاينر مجوز بني + اسود ماك  هدي بيوتي,2,6291106034066 | 6291106039023
60698,جل رول لتجاعيد العين 20 مل ROUSHUN,2,6921199100408 | 6921199100415
60849,بودرة توب فيس مات 10 جم mate,3,8681217231702 | 8681217231696 | 8681217231672
60914,ليفة استحمام بست كف ALANWAR,1,6589964645020
60930,,5,6225000448025 | 622202110900 | 6285100086855 | 6285100086886 | 6287018660479
61007,عطر سيلو 100 مل,11,6291012871014 | 5414666015721 | 5414666011600 | 7290010161683 | 5414666016247 | 5414666016261 | 802822002466 | 5901832063223 | 5901832065272 | 8697659207663 | 5414666014489
61008,عطر بيتش فلور 75 مل,5,8697659207687 | 96079737 | 96047774 | 96095935 | 50440108
61010,عطر صبايا 100 مل,5,8697659210496 | 8697659210519 | 8697659210526 | 3610400001032 | 37361002657
61018,عطور 90 شيكل,1,3355992000260
61019,عطر تايم اوت 100 مل,1,7290010182022
61022,عطور 130 شيكل,1,3610400034467
61025,أساس أسينس 30 زجاج 30مل essence,2,4251232258080 | 4251232258097
61026,اسبريه شفاف 50مل ssence fixing spray,2,4250947564189 | 4059729004642
61027,essence NUDES eyeshadow 9.5g,3,4250947543153 | 4250947543160 | 4250947543146
61028,كنسيلر 20 essence camouflage,3,4059729038340 | 4059729038333 | 4059729038357
61033,كريم يدين 150 مل ALN la belle Hand,3,7290015464536 | 7290008758598 | 7290015465212
61034,كريم بدي ليشين 400مل ايلن / ALN body,10,7290008758277 | 7290008758741 | 7290008758703 | 7290008408004 | 7290015464291 | 7290015465106 | 7290015465755 | 7290015465052 | 7290005871993 | 7290015465731
61035,مزيل مكياج جارنير بالزيت 400مل,3,3600541928275 | 3600542267953 | 3600541382930
61036,بودرة ايفي لاين سوداء 24 EVELINE,5,5907609333308 | 5907609333261 | 5907609333254 | 5907609333278 | 5907609333285
61038,كريم تفتيح الوجه ايفيلين نهار 50مل45,1,5907609310811
61039,كريم فيتامين سي EVEKINE vitamin C,3,5901761952803 | 5901761912272 | 5901761912296
61040,كريم واقي شمس EVELINE SUN 50,2,5907609380906 | 5907609330789
61041,فيتامين سي 50 مل أزرق VITAMIN C,2,7290104367564 | 7290104367595
61043,لوريال تونر ماء ورد بشرة مختلطة LOREAL,2,3600523476619 | 3600523450435
61045,غسول سبا فارما بالصبار 250 مل SPA,2,7290114142458 | 7290110800758
61062,,20,4015100200447 | 4015100200515 | 4015100200270 | 4015100200010 | 4015100200546 | 4015100200348 | 4015100191820 | 4015100200461 | 4015100200423 | 4015100180336 | 4015100200737 | 4015100200522 | 4015100200027 | 4015100200324 | 4015100191837 | 4015100200225 | 4015100200263 | 4015100200485 | 4015100218268 | 4015100212013
61063,روج شفاه ألماني مشكل RIMMEL,4,3614224217754 | 3614224217792 | 3614224217747 | 3614224217785
61064,,6,3800200962859 | 3800200962644 | 3800200962668 | 3800200962613 | 3800200963528 | 3800200962583
61065,,14,4003573020235 | 4003573020969 | 4003573020860 | 4003573021317 | 4003573020044 | 4003573020051 | 4003573020310 | 4003573020068 | 83800035229 | 4305615652320 | 4003573020143 | 4008491119559 | 4010355194206 | 4010355585783
61066,,9,4305615610023 | 4000196025920 | 4305615609997 | 4000196030504 | 4305615610054 | 4305615610009 | 4306180004590 | 3574660260052 | 4305615610030
61067,,8,4058172275647 | 4305615481579 | 4305615482132 | 4058172275081 | 4058172275623 | 4305615551074 | 4305615482125 | 4305615481562
61071,عطر فلور بلووم 100 مل - FLOWER,15,6937372282625 | 6931658943569 | 6937372282472 | 6937372285251 | 6937372263013 | 6937372283769 | 6931587918492 | 6937372288405 | 8011003918539 | 6937372284902 | 6931587985685 | 6937372283639 | 6937372211687 | 6937372283585 | 6937372281222
61072,عطر لاكوست 50 مل - LOCASIT,2,6937372281888 | 6937372282847
61074,رموش ريد شيري - RED CHERRY 3D,3,6926641005317 | 6926641005942 | 6926641005331
61088,صبغة شعر فانتازيا اسمر فاتح,5,3800213308583 | 3800213308576 | 3800213308651 | 3800213308675 | 3800213308507
61093,,0,
61097,بودرة لاسيرا - LASERA MILANO,1,7290010112012
61098,حلاوة لازالة الشعر احلى صبايا 60 جرام,1,0
61106,جلوس REVLON ULTRA HD,1,309974372213
61107,جلوس ألماني مشكل,17,800897184377 | 5902082519539 | 4059729191984 | 4305615669731 | 800897138462 | 5902082537083 | 4059729260604 | 4059729049070 | 5902082539643 | 800897138479 | 4250947562871 | 4059729191977 | 4251232220469 | 4059729024503 | 4059729021946 | 4059729173386 | 4250338487509
61108,جلوس LIP PAINT,5,3600523348077 | 4059729215116 | 4010355094773 | 4059729002723 | 4059729047366
61111,روج ماركة ألماني مشكل,14,3614223517558 | 4059729049575 | 4059729011107 | 4305615652085 | 4305615466859 | 9008189364563 | 5902082525387 | 4305615652061 | 5902082531838 | 20300340 | 5902082539599 | 5902082539612 | 5902082539568 | 5902082539575
61112,جلوس ROUGE EDITION,7,3052503231822 | 3052503230320 | 3052503231723 | 3052503230726 | 3052503230221 | 3052503231129 | 3052503261614
61113,,6,5902082513070 | 5902082512738 | 4010355527486 | 5902082512752 | 5902082512998 | 5902082513056
61114,مسكارة حواجب ألماني,5,3614223567720 | 3614223345649 | 3614223345632 | 3614223345625 | 4059729055750
61115,مسكارة رموش ماركة,2,3607344565171 | 4305615150635
61116,,25,4305615701714 | 4305615701875 | 4305615702421 | 4305615701783 | 4305615701738 | 4305615701776 | 4305615701646 | 4305615701851 | 4305615701868 | 4305615701707 | 4305615701691 | 4305615701639 | 4305615702414 | 4305615702476 | 4305615702438 | 4305615703794 | 4305615702513 | 4305615704401 | 4305615704395 | 30086418 | 4305615702520 | 3600520774466 | 3600530855452 | 3600522109495 | 4251232221718
61117,بلشر 3 ألوان 3×1 ألماني,1,4305615704159
61118,بلشر ميبلين ألماني,5,3600531222789 | 3600531209704 | 4059729028662 | 4305615324012 | 5902082503224
61120,فلاش للعيون,5,5029724158816 | 5029724159080 | 5029724158991 | 5029724158908 | 5029724158724
61129,عطر اطفال - HAPPY KID,6,6921521573108 | 6937372274828 | 6936829058127 | 6937372272763 | 6937372282731 | 6936829058110
61130,عطر - BABY YELLOW,3,6937372276730 | 6937372292631 | 6937372292662
61131,عطر مجوز فلورا - FLORA,6,6937372281581 | 6937372282113 | 6937372283776 | 6937372282649 | 6937372281840 | 6937372282106
61132,عطور 3 قطع فايس 25 مل - VEYES,2,6939517191977 | 6939517192011
61139,اظافر اطفال 12 قطعة - YAZIMJ,3,8955155816131 | 8955155810344 | 6955155880264
61140,اظافر كريستال 12 قطعة - MEI JIAER,2,8955155110482 | 8955155817015
61149,,2,6926641003368 | 6926641007328
61151,موس للوجه + 3 شفرة فلامنجو,1,6971091792591
61160,نكاشات أسنان خشب حجم كبير TOOTHPICK,1,6933961560310
61163,غسول بشرة لوريال 150 مل LOTRAL,1,3600523430925
61165,,1,4897099080756
61169,,1,2021024002625
61170,,2,2021024002618 | 2009001088121
61189,بودرة كبير 2.1 OZ  -  شاي اخضر,2,6903072277025 | بودرة كبير 2.1 OZ  - زيت
61192,سبريه عرق مشكل -  مسك الطهارة,8,8697405600892 | 8697405600854 | 8697405600861 | 8697405600991 | 8697405600878 | 8697405600908 | 8697405600984 | 8697405600885
61193,عطر مشكل - 100 مل وردة حمراء,2,6935462154692 | 6935462154708
61194,,1,9200516810327
61195,,0,
61207,,1,7802930264837
61209,,1,7290105320506
61210,,1,7290105320513
61211,,1,7290105320520
61212,,1,7290105320537
61215,,1,7290107788496
61217,,1,7290113972223
61218,,1,7290107789295
61220,,2,7290113972247 | 7291044105414
61221,لمبة لد 18 واط,1,300200100010
61223,,1,7290113976955
61242,,1,6927496900048
61244,لمبة بلحة لد 10 واط ضو ابيض,3,7290107781404 | 7290107788502 | 7290107781497
61246,,1,6975424245716
61261,لمبة لد ملونة اخضر,4,7290105325228 | 7290105325242 | 7290105325211 | 7290105325235
61278,جل شعر فيفيت 1000 مل,1,972594111137
61283,,1,6970392257372
61293,,2,6970392254401 | 6970392252889
61294,,1,6937372288573
61323,معجون اسنان كلوس اب 130 جرام closeup,2,6221155101112 | 6221155101099
61325,مزيل عرق 175 مل معطر الحسم,2,8697656233801 | 8697656233788
61329,بدي لوشن نيفيا 400 مل NIVEA-- لوز,5,4005900096654 | 4005900230836 | 4005900579614 | 4005808237487 | 4005900369550
61333,غسول وجه كلين كلير 100 مل CLEAN,4,6223000655764 | 6223000652503 | 6223000652497 | 6223000652435
61335,,1,6690604109012
61347,,12,6692132157093 | 6692132158090 | 6692132156591 | 6692132156799 | 6692132157192 | 6692132156492 | 6692132157598 | 6692132156898 | 6692132156997 | 6692132156195 | 6692132156294 | 6692132157291
61353,كريم شعر توف 1 لتر Toov للشعر المجعد,5,7290017454023 | 7290017454054 | 7290017454030 | 7290017454672 | 7290017454078
61354,,2,6921521573498 | 6921521573337
61357,,3,6970392253275 | 6970392252896 | 6970392253268
61358,,1,6972284101114
61362,,1,6972564410028
61363,,1,3805992668019
61373,,5,6000580201402 | 6000580201471 | 6000580201419 | 6000580201440 | 6000580201464
61386,مزيل عرق وسام الرجال 200 مل,3,8680586087422 | 8680586081772 | 8680586082250
61388,,1,6253803420894
61389,,6,6000123456719 | 6000123456757 | 8589002347976 | 6000123456702 | 6000123456726 | 6000123456740
61390,,6,4870201379641 | 4870201379696 | 4870201379665 | 4870201379672 | 4870201379658 | 4870201379719
61394,,1,6971324829001
61410,,1,6224010970519
61421,كريم شعر بالزيت الزيتون 175 مل - THALIA,2,8699490311288 * | 8699490311295 *
61424,,1,42182627
61428,,0,
61433,,0,
61434,سيرم بشرة 30 مل,0,
61441,,0,
61444,,0,
61454,كريم مينك للشعر  اللوز و الصبار,1,6223003446512
61464,,3,7290001246160 | 7290001246184 | 7290001246177
61467,,1,6920354815546
61469,,1,8683130069837
61473,,1,8697659244491
61481,,2,6772504849006 | 6772504849082
61503,أسكمو كلاسيك,4,8690637929878 | 8690637929861 | 8690637929892 | 8690637929885
61506,اسكمو الامير ماجيك شوكولاتة Magic,2,2000591654789 | 2005993332020
61510,اسكيمو رشن كب روز دريم 65 مل,1,2005973777247
61512,أسكيمو بيج بانج بالكراميل الأمير 2 شيكل,2,2000599331118 | 2000599336663
61513,اسكمو صاروخ فراولة ثلج 70 مل -- روز دريم,11,2005972777125 | 2005974777345 | 2005974777734 | 2005974777710 | 2005974777994 | 2000828000815 | 2005972777118 | 2005972777163 | 2000828000822 | 2005974777987 | 2005972751125
61514,اسكمو صاروخ فانيلا بالشوكولاتة 70 مل-- روز,2,2005974777338 | 2005974777376
61515,ايس كريم ميني ماغنوم بالمكسرات -- روز دريم,2,2005974777284 | 2005974777673
61517,اسكيمو ماجنوم دبل,3,8690637879395 | 7290112499837 | 8690637842382
61522,,2,2005974777239 | 2005974777246
61525,اسكيمو  لوكس الأمير,4,2005993331238 | 2000599333433 | 2000599333938 | 2000599333129
61532,اسكيمو محقن كابيتال الأمير,3,599333078133 | 2000599333075 | 2000599333112
61536,أسكيمو ماجنوم,1,7290112499677
61539,أسكيمو لوكس فراولة العريس,6,2565988432567 | 2359781235841 | 2009433664184 | 2009433664221 | 2009433664238 | 2309403664191
61540,أسكيمو ساندويش العريس,1,2009433664375
61542,أسكيمو محقن فانيلا و شوكولاتة العريس 1 شيكل,3,2009433664344 | 8995532433452 | 2009433664337
61543,,1,2359781235872
61546,,1,2009433664214
61550,أسكيمو شوكو بوكو,2,7290107649797 | 7290107649780
61552,أسكيمو كريمو سيمو شتراوس,9,7290008806961 | 7290001327197 | 7290112493965 | 7290112498847 | 7290006681003 | 7290011081690 | 7290001327180 | 7290011081492 | 7290112493934
61553,أسكيمو كلاسيك 2 لتر,4,7290010569052 | 7290107649735 | 7290107649728 | 7290112499622
61554,أسكيمو باندا العريس,1,2009433664511
61557,اسكيمو لوكس العودة,6,6253350001133 | 6253350001089 | 6253350001065 | 6253350001096 | 6253350001072 | 6253350000846
61561,اسكيمو توستر العودة,2,6253350001157 | 6253350001164
61570,اسكيمو اوريو كرز العريس,1,99202010016
61583,,0,
61585,,1,7290004554903
61586,اسكيمو كاسات بيسك كرانش,2,7290112499806 | 7290112498649
61590,,2,2005973777230 | 20059737773230
61591,,3,6224009922307 | 6224009922291 | 6224009922284
61592,,4,6224009922147 | 6224009922352 | 6224009922529 | 6224009922154
61593,,2,6224009922741 | 6224009922635
61594,,3,6224009922338 | 6224009922321 | 6224009922345
61595,,5,6224009922093 | 6224009922116 | 6224009922765 | 6224009922550 | 6224009922123
61596,,2,6224009922628 | 6224009922604
61598,,4,6224009922185 | 6224009922215 | 6224009922178 | 6224009922192
61599,,5,6224009922062 | 6224009922017 | 6224009922024 | 6224009922086 | 6224009922048
61600,,3,6224009922239 | 6224009922260 | 6224009922253
61601,,2,6225000120860 | 6225000120846
61602,,3,6225000120815 | 6225000120822 | 6225000120853
61605,,1,5900339002315
61623,,3,5949060701234 | 6287003870548 | 1919000000073
61624,,1,6287003870555
61626,,1,9780202279626
61627,,1,124542212315
61632,,1,6987511354850
61633,,1,6987511354836
61644,,1,8714100776988
61646,,1,2009481404329
61656,,1,8681744232111
61657,,1,8681744243117
61663,,1,8888470010208
61668,بسكويت ميني جولون بالجبنة 250 جرام علبة,1,8410376051933
61677,,1,8410376064438
61684,,1,3574661367989
61685,,2,6224002858139 | 6224002858153
61694,طقم حمام 6 قطع,1,6922532210174
61697,,1,8695245125322
61701,,1,8410376048162
61703,,1,8410376042528
61706,,1,8410376043679
61707,,1,8410376017113
62001,,2,6253803251221 | 6253803250101
62005,,2,2023020401464 | 2022043012015
62010,,1,6292625179870
62468,,1,4059729441973
62488,,1,6250099250051
62509,,1,6222500026982
62514,,5,7290012350269 | 7290012351358 | 7290012350030 | 7290104962028 | 7290104964787
62515,,1,7290104961199
62516,,1,7290104964107
62521,,1,7350104248093
62522,,1,71249211458
62525,,5,8699905012212 | 6222001300888 | 6222001302035 | 6222001302004 | 6240185476922
62526,,1,8669469772860
62528,,1,2106000614471
62606,,2,5060040700990 | 6928001841566
62619,,5,6925564565373 | 6936664311296 | 6290360598666 | 5425017730873 | 6971346267164
62620,,0,
62621,,4,3348900417878 | 8906149314867 | 6432521422452 | 6129226118116
62624,,3,8682952790523 | 8682952790547 | 8682952790530
62629,,1,7290115042719
62631,,5,6974495290236 | 6974495291844 | 6974495290144 | 6974495290410 | 6974495290205
62658,,1,8001090151001
62659,,3,3610340650659 | 3610340017421 | 3610340653865
62664,,1,6942349749896
63003,,1,6971728960089
63007,,1,6900909056501
63013,,1,6951097101863
63024,,1,6986145251283
63030,,1,6970014884368
63040,,2,6418525420038 | 6418525420151
63050,,2,6951097101566 | 6951097125289
64224,,0,
64525,,1,64525
64801,,1,5704025032941
64803,,1,5901625003252
64810,,1,6224000490508
64916,,1,6224000022600
65076,زيت حبة البركة 30 مل,2,6224000349189 | 6224000439101
65094,,1,10215300
65095,دروبس جازي شوكولاتة مربعات 50 جرام,3,7290117262290 | 7290117262313 | 7290117262320
65104,ترند قلم مع صوص 57 جرام JUICY CUMM,1,8857660085623
65105,,4,8456974110641 | 8456974110603 | 8456974110580 | 8456974110528
65122,,2,26598741 | 52639841754
65451,جلي افستا 1 كيلو AVESTA,1,8681980571654
65533,,1,2301482100058
65580,,1,**
65626,,1,65626
65731,,2,6254243191016 | 7639201759368
65746,,0,
66482,عصير طبيعي تفاح زجاجة 350 جرام - HI,2,6970242045791 | 6970242045760
66483,عصير طبيعي قشر البرتقال والالما زجاجة,3,6970242044886 | 6970242044930 | 6970242044923
66484,عصير طبيعي توت بري 215 جرام - HI,3,6974886050234 | 6974886050067 | 6974886050258
66802,,1,2106000668023
66803,,1,2106000668030
66834,ثوم شبك 200 جم,12,6952145615769 | 7295677855159 | 6253501200942 | 6253501200941 | 7701001013596 | 7290000000411 | 5827076685376 | 2106000668344 | 7295807686585 | 6985752009836 | 9650556528681 | 6702126588205
66835,,1,2106000668351
67408,,2,7290006705778 | 745604543149
68006,,1,68006
68007,,1,68016
70008,شوكولاتة درافت -- باكو 2 كيلو,7,8680052605228 | 8680052607284 | 8680052606560 | 8680052607291 | 8680052605242 | 8680052607253 | 8680052607260
70012,شوكلاتة التات ديلوكس 800 جم ALTAT موف,7,8697480194989 | 8697480194927 | 8697480194965 | 8697480194958 | 8697480194798 | 8697480195726 | 8697480194903
70014,,1,8698701028960
70023,,10,8680052608236 | 8680052606997 | 8680052608328 | 8680052608229 | 8697422935014 | 8697422932419 | 8680979741450 | 8680052608274 | 8680052608304 | 8680979746653
70028,شوكلاتة لافي 500 جم بندق,3,8699270018246 | 8699270018253 | 8699270018239
70039,شوكولاتة ايطالي شفرة 1 كيلو Gianduiotti,1,8029044100752
70045,,1,2005977402848
70060,,2,7290019870852 | 5201085540084
70080,,1,4823077604331
70091,,1,8697671964025
70093,,1,6285602014158
70113,,3,8005085710822 | 8005085726021 | 8005085710372
70119,,2,3904647890888 | 3904647860959
70129,,1,5901177154686
70203,شوكلاتة كليرز 1 كيلو,2,8695504169227 | 8697671968313
70223,شوملاتة مورا بالمكسرات 30 جم,1,6225000135048
70224,,3,8698870130402 | 8680972108250 | 8698870134653
70225,توفي كرافيرس 500 جرام,3,4780111075086 | 4780111075093 | 4780059608476
70226,,1,8003535085773
70227,,3,8003535078652 | 8003535078690 | 8003535085377
70230,,3,8003535089252 | 8003535089498 | 8003535089610
80001,زيت شعر فاتيكا زيت زيتون 180مل Vatika,7,6291069651010 | 6291069651072 | 6224007939611 | 6224000851996 | 6224007939161 | 6223012453853 | 6223012450951
80002,كريم شعر اوليف 500 مل Olive,3,7290104366932 | 7290115293203 | 7290114147569
80004,شامبو تومي لمنع التساقط الشعر to-me -500,3,6253506424946 | 7290016059335 | 7290016059328
80007,شامبو كراتين تومي 1 لتر Tommy,2,7290016059007 | 7290012391972
80008,بلسم لافندر 500 مل -Lavender,1,6253506425912
80013,,5,6223014481021 | 6224001465079 | 6224001465765 | 6224001465475 | 6224001465468
80014,جل ومثبت شعر لارا للشعر العادي,3,130008 | 7290054705645 | 7290054705652
80015,زيت دابر املا للشعر - 180 مل,3,6291069653021 | 6224000851064 | 5022496112000
80016,,1,6009607090029
80017,,1,3574661656014
80018,كريم شعر بست 400 مل Best,10,7290106265509 | 7290010112623 | 7290106263932 | 7290010112616 | 7290106263949 | 7290106266308 | 7290106260139 | 7290010112647 | 7290106260122 | 7290010112630
80019,,1,6221155114488
80020,مزيل شعر سارة,8,729001232662 | 6253506420276 | 6224008173168 | 6224008173144 | 6224008173151 | 6224008173137 | 2001609201957 | 1059226732553
80021,مزيل شعر مجدولين دهب,2,1637120 | 87546873
80022,,3,4800888221926 | 4800888220837 | 4800888221933
80023,مزيل عرق رول ريكسونا 50 مل قطن,28,50097173 | 59079798 | 4800888148957 | 6221155035639 | 96131503 | 59082521 | 4800888542854 | 96086179 | 8690637599798 | 59082538 | 59079774 | 8710847860829 | 59079811 | 59016441 | 8901030928000 | 8999999594282 | 8901030927997 | 8901030928017 | 6221155210234 | 6221155149282 | 6221155210210 | 6221155149220 | 8999999520175 | 6221155156686 | 6221155149206 | 6221155149312 | 6221155149268 | 6221155149244
80024,مزيل لازالة الشعر فيم بالافندر  - 40 جرام,3,6224000851569 | 6224000851606 | 6224000851583
80027,,6,10181023002 | 10181025051 | 10181066801 | 10181066702 | 10181021008 | 6974371491238
80029,مزيل عرف فيبكس ماي ستيك 15 مل - Vebix,3,6223002053926 | 6223002053902 | 6223002050499
80031,مزيل عرق ليدي 65 جم LADY SPEED,6,22200954419 | 22200963435 | 22200954402 | 7509546689418 | 7290101488323 | 7290103129392
80032,كريم جسم فازلين 400 مل / Vaseline DRIY,6,6001087357043 | 6001087357067 | 6001087357050 | 6001087012010 | 6001087384780 | 6001087357081
80033,شفر فلامينجو  عدد 3-2 قطعة,4,6971383631492 | 8801038123097 | 4902470171036 | 6956726823017
80034,,8,8680586080072 | 8680586087286 | 8680586081987 | 8680586087293 | 8680586081994 | 8680585086555 | 8680586086555 | 8680586082281
80035,,6,8886467010293 | 4800888221872 | 4800888221896 | 8999999594404 | 93569484 | 8886467010286
80039,,9,4005900908070 | 4005900907950 | 4005900907929 | 4005900907981 | 4005900908049 | 42438649 | 42438632 | 42429791 | 4005900907899
80040,,6,8006540544068 | 7702018978106 | 4015600810849 | 7702018978120 | 7702018271788 | 8001841587684
80041,,3,6223003501747 | 6223003501709 | 6223003501716
80043,واقي شمس دي سيرا 50 جم Disaar,2,6932511226270 | 6932511215557
80048,,1,6253506425936
80049,,2,8596048000826 | 8596048005784
80050,,2,6223001382676 | 6223001382546
80051,,1,6224000851408
80055,,3,6223002231256 | 6223002231225 | 6223002231249
80058,,4,6223002234547 | 6223002234646 | 6223002234608 | 6223002234561
80063,,1,6221039305018
80064,كريم ميلانو ميلانثينول جل 40 جرام,3,6224009517923 | 6223013790742 | 6225000283084
80065,سبلاش معطر للجسم 250 مل,10,6222019614007 | 6222019613994 | 6624000807434 | 6624000807410 | 8436581949865 | 8436581949858 | 8436581949889 | 7290111633676 | 7290111633591 | 7290111633775
80066,,1,6223003509330
80067,,2,6223009501871 | 6223002821624
80075,,1,3600521719596
80089,صابونة وجه ميلانو تبيض وتفتيح 100 جرام,5,6225000283015 | 6224010808058 | 6224009517916 | 6224010808690 | 6225000283060
80092,,5,6974371492372 | 6974371492587 | 6974371493287 | 6974371493294 | 6974371493270
80093,,1,8851932443210
80094,,4,6920443242611 | 6925977028908 | 6112000120009 | 6934416334579
80097,,8,6223003501358 | 6223003501372 | 6223003505653 | 6223003501419 | 6223003501389 | 6223003501426 | 6223003501440 | 6223003501433
80098,,5,4005900818898 | 4005808515615 | 4005900008442 | 4005808839247 | 4005900087782
80100,,2,6223004374050 | 6223004374043
80102,,2,4005808369782 | 4005808369881
80103,,4,6971594739161 | 6971594739178 | 6971594739147 | 6971594739154
80104,لوشن انشانتر معطر للجسم برائحة انتايسينج,6,8888202035202 | 8888202003829 | 8888202055835 | 8888202026835 | 8888202045751 | 8888202003836
80105,,8,9152615870361 | 7290010925643 | 2543601729102 | 2095126701656 | 7290020486004 | 7290020486011 | 7290020486035 | 7290020486028
80106,,1,7290115043587
80107,,1,6223002230181
80108,كريم ايفا للبشرة الجافة جلسرين - EVA,3,6223001380139 | 6223001380177 | 6223001380221
80109,,4,8906008400021 | 8906008400045 | 8906008400038 | 8906008400052
80110,كريم شعر دابر فاتيكا الارجان بالزيت المغربي,9,6224007940051 | 6224007940082 | 6224000851880 | 6291069654516 | 6291069655117 | 6291069655018 | 6223012450234 | 6224000851859 | 6224007940822
80111,,22,6222066401025 | 6222066401032 | 6222066401049 | 6222066401056 | 6222066401148 | 6222066401216 | 6222066401063 | 6222066401070 | 6222066401001 | 3610340394393 | 3610340012013 | 6222066401087 | 6222066401209 | 6222066401155 | 3061375781083 | 6222066401094 | 6222066401018 | 6222066401131 | 6222066401179 | 3061375781090 | 6222066401124 | 3061375781212
80112,سودو كريم 125 جرام,1,5017007601289
80113,,9,6222045500671 | 6222045508073 | 6222045507441 | 6222045507458 | 6222045503801 | 6222045507502 | 6222045508530 | 6222045507205 | 6222045507304
80114,,1,6224010808232
80115,,1,6224011862356
80117,,1,6856956588123
80135,,1,8697405603466
80143,شامبو شيب ارجان لون اسود 420مل -,5,8852655451667 | 6326901801220 | 9771234567003 | 799439307445 | 799439318175
80144,,4,8720181347139 | 8720181046605 | 7290003806591 | 8720181045639
80146,,1,2001201385208
80151,,1,6976504689048
80152,,22,8682943400783 | 8682943400653 | 8682943400677 | 8682943400639 | 8682943400585 | 8682943400486 | 8682943400752 | 8682943400776 | 8682943400646 | 8682943400493 | 8682943400592 | 8682943400721 | 8682943400691 | 8682943400684 | 8682943400622 | 8682943400523 | 8682943400615 | 8682943400530 | 8682943400707 | 8682943400769 | 8682943400509 | 8682943400547
80153,,1,5011025014007
80156,,1,D21000021
80160,,1,6223013970182
80162,,1,6224001714382
80163,,1,6224011862073
80165,,4,6906232003236 | 3043931161119 | 6906232083160 | 6976289195406
80169,عطر يارا لطافة 100 مل Yara,13,6971346265931 | 6290360599175 | 5055810039295 | 5055810027919 | 5055810039318 | 6971346265665 | 5055810039271 | 5055810014902 | 5055810039301 | 5055810030407 | 5055810012786 | 5055810030315 | 5055810042851
80170,,5,8681769011456 | 8681769014686 | 8681769011470 | 8681769011432 | 8681769014693
80181,,5,8680586082786 | 7509546063836 | 7509546063461 | 7509546063447 | 7509546069678
80182,,16,6294015190687 | 6295199800294 | 6291108952795 | 6291108952757 | 6297000196763 | 6297000196787 | 6295199800317 | 6297000196978 | 6294015190656 | 6297000196855 | 6295199800300 | 6294015190663 | 6294015190649 | 6297000196633 | 6297000196961 | 6297000196749
80183,,7,6290171002338 | 6291108321492 | 6290360376806 | 6290360373164 | 6291107459165 | 6291108326763 | 6290360375908
80185,,2,8683489702409 | 8683489702393
80188,,1,6933836105837
80192,كريم وجه دياديرمين ليلي 50 مل Diadermine,2,3178041349109 | 3178041349062
80193,مرطب شفايف لابروسان ارجان 5.5 مل,1,8001280049941
80194,صبغة شعر جارنير اجنبي 4.12 Garnier,14,3600542432085 | 3600542431866 | 3600542432061 | 3600542431859 | 3600542431873 | 3600542033503 | 3600542431934 | 3600542431996 | 3600542431989 | 3600542431880 | 3600542431897 | 3600542432023 | 3600542431828 | 3600542431842
80198,كريم اساس الشاي الاخضر 50 جرام,1,6924594620779
80201,,1,3337875774161
80204,,1,6920338664504
80207,,3,6223002234615 | 6223002234639 | 6223002234530
80225,"مسكارة باريس , paris bourjois",5,3614227182455 | 30166967 | 3600520881799 | 3600531516512 | 3600524196615
80228,,1,3600523339105
80229,,2,6291106068795 | 6291107453279
80232,,1,8684254001529
80233,,2,6290102048480 | 6290102048534
80236,,1,7290115295467
80239,,4,3600523614516 | 3600523614400 | 3600523527854 | 3600523614455
80243,,1,3701129803561
80244,سيروم بشرة بلنس فيتامين سي 30 مل -,3,5012368040746 | 5012368040081 | 5015833328165
80245,,1,3337875847292
80248,,1,79400480217
80249,,1,33200197249
80261,,2,8859578324313 | 8859578305589
80267,عطر خليجي المختلف 100 مل,13,6297001574034 | 6291108735411 | 6295151500064 | 3760294350669 | 6290171074038 | 6295124005237 | 3700082500401 | 6290687153432 | 6291108735916 | 6290687152404 | 6291108730157 | 6290360590776 | 6291108730331
80272,,2,6923456402850 | 6923456402829
80275,,1,6903072445943
80288,,2,6902644530827 | 6902644530810
80292,جل استحمام انشانتر برائحة عطر جذاب 550مل,4,8888202062475 | 8888202063175 | 8888202003089 | 8888202064639
80293,شامبو بي 12  بروتين 500 مل B12,1,7290005436598
80296,فازلين 600مل,8,305213093000 | 305213079004 | 305210416383 | 7290112497505 | 8901030841125 | 8901030841132 | 8901030841101 | 8901030841118
80298,كريم شعر اي بي اي كيراتين 400 مل ABA,1,7290014171312
80301,مزيل عرق ادم بريمير دهبي 200 مل Premier,13,7290010161669 | 7290103091507 | 7290016165012 | 7290106810839 | 7290016165005 | 7290106810815 | 8711600300385 | 6291069709483 | 7290103094751 | 7290013513434 ** | 7290103091460 ** | 7290103091460 | 7290013513434
80302,مزيل عرق اكس 150مل - اسبريه Dark,33,8717163640821 | 8710447484364 | 7791293041070 | 6001087364669 | 6001087364638 | 6001087363815 | 6001087375115 | 8720181114458 | 6001087364690 | 6001087364614 | 6001087379267 | 6001087364621 | 4605922007456 | 4605922006886 | 7791293048901 | 7791293048857 | 7791293048918 | 8901030907852 | 8901030907876 | 8901030907845 | 8901030907883 | 8901030907951 | 8720181590849 | 8717163647264 | 8717163647240 | 7290116531946 | 8717163647202 | 8717163647257 | 8717163647226 | 8720181043093 | 8717163647233 | 8720181808111 | 7791293048895
80303,,3,60021229 | 60017505 | 60017512
80304,مزيل عرق ريكسونا 150 مل - اسبريه,28,8712561319225 | 8717163711668 | 8593838987831 | 8710908424151 | 8717163709412 | 8717163655757 | 8717163709405 | 8717163655764 | 8710847995729 | 8710847995590 | 8717163655825 | 8717163859759 | 8717163663516 | 8717163705988 | 6221155104427 | 6221155104502 | 8717163655665 | 8717163655597 | 8717163663462 | 8711600285309 | 8683130069752 | 8683130070116 | 8683130070123 | 8683130069813 | 7290116533711 | 8720181183782 | 8720181196140 | 8717163663493
80305,مزيل عرق ليدي سبيد ستيك 65 جرام,9,5996175230500 | 22200000307 | 22200940207 | 8718951147737 | 5996175233594 | 22200962995 | 7509546060613 | 22200963695 | 4820050645367
80306,مزيل عرق نيفيا للرجال 150 مل فريش بور,30,4005808944927 | 4005900372451 | 4005900517982 | 4005808828838 | 4005900051592 | 4005900051684 | 4005900035653 | 4005808816019 | 4005900249432 | 4005808816033 | 4005900034816 | 4005900051967 | 4005808302659 | 4005808691982 | 4005900640802 | 4005900242143 | 9005800292830 | 4005900650450 | 4005808946921 | 4005808837311 | 4005900725394 | 4005900457356 | 4005900457394 | 4005900457219 | 4005900457196 | 4005900543561 | 4005900457486 | 5900017048833 | 4005808908585 | 4005900543738
80308,مزيل عرق نيفيا رول 50 مل فرش بور,56,6223005990259 | 6223005990310 | 4005900554550 | 42355182 | 6223005990174 | 4005900554376 | 6223005990273 | 4005900490124 | 4005808881918 | 6223005990150 | 6223005990211 | 4005900542571 | 4005900554345 | 4005900554468 | 6223005990198 | 4005900554437 | 4005900554581 | 4005808816101 | 4005808816118 | 4005900036162 | 4005808828081 | 4005808828869 | 4005808837359 | 42236474 | 4005900640741 | 4005900371584 | 4005900737120 | 4005900035295 | 4005900651167 | 4005900242174 | 6223005990204 | 6223005990297 | 4006000041223 | 6223005992062 | 6223005990266 | 6223005990228 | 4006000085425 | 6223005990303 | 8999777004163 | 8999777010881 | 42345145 | 42349860 | 8999777017620 | 42345206 | 4006000086361 | 8999777004613 | 8999777004194 | 4005900554611 | 4006000144467 | 4005900088413 | 4005900087973 | 8999777009281 | 4005900098177 | 4005900088031 | 4005900088383 | 4005900121707
80309,اسبيريه عرق ريكسونا 200 مل - REXONA,10,8714100019801 | 3014230010262 | 8714100019740 | 8710847904851 | 8710447492178 | 8710847904868 | 8714100019733 | 8717163340455 | 8710447492185 | 8710447492215
80310,مرطب يدين فازلين  BLUE SEAL / cocoa,3,6001087005654 | 6001087005661 | 6001087005647
80311,مزيل عرق جل  ليدي 65 جم LADY,2,8718951147751 | 8718951119413
80312,,1,8690758961030
80314,,1,2400101005016
80319,,1,3574661728131
80320,نيتروجينا غسول جل عميق المفعول 200مل /,2,3574660245844 | 3574661288376
80321,جل مائي كريم وجه للبشرة المختلطة 50مل /,2,3574661287263 | 3574661287256
80322,قلم حواجب خشب مع فرشاة 02 بني غامق,2,4250035200593 | 4059729228314
80323,كريم مرطب لوريال بشرة حساسة LOREAL,3,5410103161617 | 3600521720219 | 3600523816699
80325,واقي شمس بشرة دهنية فيتشي 50 مل _ VICHY,2,3337871323622 | 3337871324445
80330,,1,6970817530080
80334,,1,6224000851422
80337,كريم ترطيب ملاينو فري 30  جرام,4,6223013790742 ** | 6224009517619 | 6224010808676 | 6224009517107
80346,,3,6224001465048 | 6224001465864 | 6224001465772
80350,,2,6291106031553 | 6291106031546
80351,,3,3548752194624 | 3548752194648 | 8001359000699
80358,,1,8690604109012
80364,لوشون جسم ميلانو فري 220 مل,1,6224009517930
80365,,2,4084500471832 | 4084500471733
80366,,3,4005900560391 | 4005900551450 | 4005900551399
80368,,1,7298796877729
80369,,7,6290360599120 | 6288002800024 | 6288002800116 | 6288002800055 | 6290360617299 | 6290360614939 | 6290360616230
80370,,6,4015600862640 | 8001090970459 | 5000174003451 | 8001841858357 | 4084500490581 | 4084500490543
80376,,3,60018915 | 60018960 | 6001085120946
80378,,2,3574660057706 | 3574669909204
80379,سيروم 100 مل ABA,2,7290017489087 | 7290014171374
80380,كريم مرطب برو هير للشعر الجاف والهائج 400,4,7290106266285 | 7290106266278 | 7290106266261 | 7290106269989
80381,مسكارا اسنس أزرق LOVE essence,7,4059729036834 | 4250947543214 | 4250338487516 | 4250587739084 | 4250338494392 | 4059729004970 | 4250587772029
80392,,17,3700578506122 | 20102784 | 6291108731222 | 6291108731214 | 6221754005750 | 6282717236505 | 6223101171163 | 8411061818961 | 6291108731227 | 6282717236550 | 6282717236574 | 9644000028186 | 6291108731226 | 6224009187423 | 8011003861224 | 2487932566145 | 3614273318105
80403,,1,622300225270
80406,,1,6222045504617
80417,,6,7290015465120 | 7290015466820 | 7290015467636 | 7290015465137 | 7290008758628 | 7290015465069
80418,,3,8888202000682 | 8888202045744 | 8888202062666
80431,,1,6976895772787
80432,,1,3378872071860
80434,,4,6224002276544 | 6971626278880 | 6224002276575 | 6972243662250
80435,,2,6976895772961 | 6976895772749
80446,,1,3574661504162
80448,,4,6290362349013 | 6290362348870 | 6290362348924 | 6290362348900
80449,,2,799439302600 | 799439316669
80450,,4,8888202061560 | 8888202061584 | 8888202061683 | 8888202061690
80455,شامبو اي بي اي بروتين 750 مل ABA,4,7290017489063 | 7290017489094 | 7290017489698 | 7290014171442
80456,صابون حلاقة جيليت 200 مل SENSITIVE,3,7702018980819 | 7702018980833 | 7702018980826
80457,,1,6225000152014
80459,,16,72140032623 | 6945786546783 | 8850029035437 | 6945786546738 | 6945786546776 | 4005800182037 | 3337875917407 | 72140032227 | 8809679690084 | 8809679690039 | 3337872414473 | 6942349733475 | 6976504680533 | 5379116 | 6942349733482 | 6942349733451
80469,,1,33200191223
80473,,1,3282779402798
80477,,1,6886740591732
80480,,1,3348901720328
80481,,2,7290100825648 | 7290100828281
80482,,1,6975962445609
80483,,2,8636829192088 | 8636829192040
80485,,1,6287042282609
80487,عطر رجالي هيرث,1,6294015196450
91001,,2,6223006520998 | 6223006520547
280000,حلوي جيلي السعادة 100 جرام بنكهة الخوخ,6,6942313908809 | 6942313908854 | 6942313908823 | 6942313908816 | 6942313908793 | 6942313908861
